{"stats":{"minecraft:custom":{"minecraft:jump":19,"minecraft:time_since_rest":2317,"minecraft:crouch_one_cm":175,"minecraft:sprint_one_cm":9036,"minecraft:leave_game":1,"minecraft:play_time":2317,"minecraft:damage_taken":90,"minecraft:time_since_death":2317,"minecraft:walk_one_cm":7729,"minecraft:sneak_time":52,"minecraft:total_world_time":2317,"minecraft:fall_one_cm":630,"minecraft:fly_one_cm":4405},"minecraft:picked_up":{"minecraft:stick":2,"minecraft:birch_sapling":2,"rocks:cobblestone_splitter":1},"minecraft:mined":{"minecraft:birch_log":8,"minecraft:fire":28,"minecraft:grass_block":15,"minecraft:stone":10,"minecraft:birch_leaves":243,"rocks:rock":1,"minecraft:dirt":4}},"DataVersion":2975}