{"stats":{"minecraft:custom":{"minecraft:time_since_rest":4461,"minecraft:crouch_one_cm":3,"lootr:looted_stat":1,"minecraft:play_time":4461,"minecraft:sprint_one_cm":11818,"minecraft:walk_one_cm":9280,"minecraft:sneak_time":2,"minecraft:drop":2,"minecraft:jump":33,"minecraft:time_since_death":4461,"minecraft:walk_on_water_one_cm":870,"minecraft:total_world_time":4461,"minecraft:fly_one_cm":5672},"minecraft:dropped":{"minecraft:poppy":1,"minecraft:lantern":1},"minecraft:used":{"minecraft:wooden_pickaxe":2},"minecraft:mined":{"minecraft:hay_block":8,"minecraft:acacia_log":6,"minecraft:poppy":1,"minecraft:lantern":1,"minecraft:red_bed":1,"biomesoplenty:sprout":1,"quark:charcoal_block":1},"minecraft:crafted":{"minecraft:air":25},"minecraft:picked_up":{"minecraft:acacia_log":6,"minecraft:hay_block":8,"minecraft:poppy":1,"quark:charcoal_block":1,"minecraft:lantern":2,"minecraft:red_bed":1}},"DataVersion":2975}