{"stats":{"minecraft:dropped":{"rocks:cobblestone_splitter":1,"minecraft:birch_sapling":5},"minecraft:custom":{"minecraft:jump":16,"minecraft:time_since_rest":3421,"minecraft:leave_game":1,"minecraft:sprint_one_cm":4223,"minecraft:play_time":3421,"minecraft:time_since_death":3421,"minecraft:walk_one_cm":7356,"minecraft:total_world_time":3421,"minecraft:drop":3,"minecraft:fall_one_cm":478,"minecraft:fly_one_cm":2622},"minecraft:picked_up":{"minecraft:stick":5,"minecraft:birch_sapling":7,"rocks:cobblestone_splitter":1,"minecraft:birch_log":34},"minecraft:mined":{"minecraft:birch_log":36,"minecraft:fire":1,"minecraft:birch_leaves":215,"rocks:rock":1}},"DataVersion":2975}