{"stats":{"minecraft:used":{"minecraft:spruce_boat":1,"zombie_extreme:cleaver":2,"apocalypsenow:bottle":1,"minecraft:iron_pickaxe":4,"apocalypsenow:rusty_chestplate":1,"apocalypsenow:black_football_armor_helmet":1},"minecraft:picked_up":{"minecraft:stick":1,"minecraft:shield":2,"minecraft:spruce_log":5,"minecraft:string":2,"minecraft:blue_bed":1,"minecraft:purple_bed":2,"minecraft:spruce_boat":1,"apocalypsenow:bottle":1,"zombie_extreme:lamp":1,"minecraft:sugar_cane":1},"minecraft:custom":{"minecraft:time_since_rest":16532,"minecraft:interact_with_smithing_table":1,"minecraft:sprint_one_cm":78162,"lootr:looted_stat":20,"minecraft:damage_taken":30,"minecraft:walk_one_cm":46424,"minecraft:drop":6,"minecraft:talked_to_villager":1,"minecraft:swim_one_cm":1197,"minecraft:interact_with_crafting_table":2,"minecraft:fly_one_cm":24925,"minecraft:open_barrel":2,"minecraft:open_chest":1,"minecraft:crouch_one_cm":236,"minecraft:play_time":16532,"minecraft:sneak_time":144,"minecraft:walk_under_water_one_cm":3132,"minecraft:boat_one_cm":741,"minecraft:jump":128,"minecraft:leave_game":1,"minecraft:walk_on_water_one_cm":1904,"minecraft:time_since_death":16532,"minecraft:climb_one_cm":424,"minecraft:total_world_time":16532,"minecraft:fall_one_cm":2958},"minecraft:crafted":{"minecraft:spruce_planks":20,"minecraft:spruce_boat":1,"minecraft:air":58},"minecraft:mined":{"minecraft:purple_bed":2,"zombie_extreme:lamp":1,"minecraft:spruce_log":5,"minecraft:green_terracotta":1,"minecraft:cobweb":2,"minecraft:spruce_leaves":3,"minecraft:sugar_cane":1,"minecraft:blue_bed":1},"minecraft:dropped":{"minecraft:shield":2,"apocalypsenow:bottle":1,"minecraft:stone_pickaxe":1,"immersiveengineering:nugget_silver":2}},"DataVersion":2975}