{"stats":{"minecraft:used":{"immersiveengineering:fluid_pump":3,"apocalypsenow:metal_shelves":1,"minecraft:chest":67,"trashcans:item_trash_can":1,"quark:bamboo_mat":68,"minecraft:stone":5,"cfm:stripped_birch_upgraded_fence":9,"lootr:trophy":1,"apocalypsenow:chips":5,"immersiveengineering:craftingtable":2,"create:fluid_tank":4,"cfm:cyan_kitchen_counter":10,"apocalypsenow:safe":3,"minecraft:acacia_sapling":2,"minecraft:acacia_button":4,"alexsmobs:spawn_egg_platypus":1,"minecraft:lava_bucket":7,"immersiveengineering:connector_lv_relay":3,"minecraft:polished_andesite_stairs":1,"farmersdelight:melon_popsicle":2,"quark:paper_lantern_sakura":8,"another_furniture:spruce_planter_box":3,"immersiveengineering:concrete":10,"pfm:white_freezer":3,"alexsmobs:spawn_egg_emu":1,"minecraft:furnace":5,"minecraft:sweet_berries":7,"minecraft:oak_sapling":4,"apocalypsenow:combat_knife":36,"minecraft:acacia_fence":141,"minecraft:potato":19,"farmersdelight:hamburger":7,"pfm:fir_biomesoplenty_kitchen_counter_oven":3,"simplylight:illuminant_slab":4,"apocalypsenow:energy_drink":1,"securitycraft:door_indestructible_iron_item":2,"minecraft:stripped_birch_log":1,"pfm:white_fridge":2,"minecraft:acacia_trapdoor":9,"securitycraft:keypad_frame":1,"minecraft:wooden_pickaxe":12,"minecraft:composter":1,"pfm:white_stove":4,"quark:gray_framed_glass":18,"minecraft:cookie":16,"immersiveengineering:concrete_quarter":20,"minecraft:blast_furnace":2,"embellishcraft:gneiss_large_bricks_wall":3,"embellishcraft:warning_steel_door":1,"zombie_extreme:cupboard":1,"immersiveengineering:hammer":27,"minecraft:stone_button":1,"farmersdelight:chocolate_pie":1,"minecraft:smithing_table":2,"farmersdelight:spruce_cabinet":1,"apocalypsenow:cereal":4,"apocalypsenow:electrical_tactical_mace":247,"another_furniture:oak_shelf":6,"embellishcraft:polished_marble":1,"camera:image_frame":17,"cfm:stripped_birch_chair":7,"immersiveengineering:connector_mv":5,"minecraft:tinted_glass":3,"create:cuckoo_clock":2,"cfm:stripped_spruce_coffee_table":2,"quark:paper_wall_big":4,"minecraft:torch":177,"minecraft:brewing_stand":4,"crittersandcompanions:otter_spawn_egg":6,"apocalypsenow:grape_juice":2,"immersiveengineering:metal_barrel":4,"apocalypsenow:bear_trap":2,"createaddition:chocolate_cake":1,"immersiveengineering:workbench":7,"minecraft:iron_axe":255,"carryon:entity_item":26,"easy_villagers:trader":19,"farmersdelight:cabbage_crate":1,"pfm:concrete_kitchen_sink":2,"minecraft:barrel":1,"farmersdelight:canvas_rug":2,"farmersdelight:cooking_pot":8,"create:fluid_pipe":8,"comforts:sleeping_bag_white":17,"minecraft:acacia_planks":143,"car:gas_station":1,"farmersdelight:potato_crate":1,"minecraft:wheat_seeds":29,"tac:workbench":1,"minecraft:water_bucket":58,"farmersdelight:tomato_crate":1,"easy_villagers:farmer":2,"pfm:basic_sink":1,"pfm:fir_biomesoplenty_kitchen_sink":2,"minecraft:fletching_table":1,"apocalypsenow:broken_plasma_tv":1,"immersiveengineering:floodlight":8,"simpleplanes:helicopter":1,"create:blaze_burner":1,"minecraft:red_bed":1,"minecraft:crafting_table":14,"minecraft:white_bed":8,"minecraft:campfire":2,"apocalypsenow:machete":56,"farmersdelight:apple_pie":2,"apocalypsenow:construction_barricade":3,"minecraft:diamond_pickaxe":1680,"buildersdelight:industrial_flat_2":2,"minecraft:acacia_sign":7,"farmersdelight:pasta_with_meatballs":3,"minecraft:oak_button":9,"minecraft:iron_pickaxe":1887,"cgm:grenade":10,"minecraft:spruce_sapling":1,"minecraft:cobblestone":2475,"immersiveengineering:sheetmetal_iron":32,"minecraft:potion":79,"farmersdelight:egg_sandwich":3,"quark:oak_chest":6,"zombie_extreme:night_stand":2,"quark:smooth_stone_vertical_slab":1,"embellishcraft:sturdy_steel_door":9,"minecraft:iron_shovel":191,"easy_villagers:breeder":4,"immersiveengineering:seed":17,"farmersdelight:stove":2,"minecraft:shield":3,"quark:iron_ladder":4,"farmersdelight:melon_juice":6,"apocalypsenow:apple_juice":5,"create:cogwheel":2,"minecraft:carrot":1,"createdeco:cast_iron_mesh_fence":22,"immersiveengineering:connector_lv":27,"immersivepetroleum:asphalt":71,"createbigcannons:traffic_cone":6,"embellishcraft:smooth_marble":22,"immersiveengineering:watermill":2,"zombie_extreme:spotlight":8,"minecraft:cyan_terracotta":3,"farmersdelight:tomato":12,"pfm:white_simple_sofa":10,"another_furniture:light_gray_curtain":32,"ag_day_counter:calendar":2,"simplylight:rodlamp":8,"minecraft:lantern":6,"minecraft:stone_bricks":40,"minecraft:item_frame":8,"carryon:tile_item":1,"farmersdelight:cutting_board":5,"cfm:stripped_dark_oak_mail_box":2,"embellishcraft:plate":2,"another_furniture:lime_lamp":3,"minecraft:gray_bed":2,"another_furniture:service_bell":3,"minecraft:pink_concrete_powder":51,"car:sign_post":2,"createdeco:locked_cast_iron_door":1,"apocalypsenow:cooked_human_flesh":2,"quark:framed_glass_pane":15,"minecraft:stone_pickaxe":11,"minecraft:oak_planks":52,"pfm:wall_toilet_paper":1,"cfm:spruce_blinds":5,"minecraft:diamond_axe":29,"simplylight:illuminant_block_on":1,"farmersdelight:chicken_sandwich":7,"minecraft:crossbow":9,"quark:light_gray_stool":2,"minecraft:stone_brick_wall":14,"biomesoplenty:umbran_door":4,"minecraft:shears":63,"minecraft:sticky_piston":2,"minecraft:lever":12,"easy_villagers:villager":9,"apocalypsenow:tatical_mace":1054,"apocalypsenow:iron_baseball_bat":327,"quark:yellow_corundum":2,"minecraft:bread":8,"minecraft:string":2,"another_furniture:white_lamp":2,"minecraft:iron_door":3,"minecraft:gravel":12,"biomesoplenty:dried_salt":2,"chalk:red_chalk":29,"pfm:white_shower_towel":1,"create:framed_glass_door":4,"minecraft:smooth_stone_slab":8,"immersiveengineering:wirecoil_copper":68,"minecraft:coarse_dirt":69,"minecraft:bone_meal":393,"storagedrawers:oak_full_drawers_1":2,"minecraft:flint_and_steel":1,"buildersdelight:lantern_6":2,"embellishcraft:acacia_fancy_door":7,"buildersdelight:lantern_4":1,"minecraft:stone_hoe":130,"create:mechanical_pump":7,"minecraft:dirt":96,"create:andesite_door":2,"minecraft:white_carpet":4,"farmersdelight:carrot_crate":1,"immersiveengineering:fluid_pipe":16,"alexsmobs:cooked_kangaroo_meat":1,"apocalypsenow:orange_juice":2,"minecraft:granite":1,"alexsmobs:maggot":2,"cold_sweat:hearth":2,"immersiveengineering:treated_fence":2,"cold_sweat:icebox":1,"zombie_extreme:drinks_vending_machine":2,"minecraft:light_gray_wool":1,"biomesoplenty:orange_sandstone":15,"farmersdelight:basket":2,"quark:acacia_ladder":3,"quark:stripped_birch_post":20,"biomesoplenty:redwood_button":1,"apocalypsenow:open_canned_melon":1,"easy_villagers:incubator":2,"minecraft:light_gray_bed":1,"minecraft:brown_bed":6,"immersiveengineering:dynamo":8,"immersiveengineering:cloche":5,"farmersdelight:skillet":6,"embellishcraft:gray_couch":4,"minecraft:pink_glazed_terracotta":32,"minecraft:cobblestone_stairs":148,"minecraft:glass_bottle":20,"minecraft:stonecutter":1,"minecraft:cobblestone_slab":921,"createaddition:barbed_wire":140,"pfm:stripped_fir_biomesoplenty_kitchen_drawer":4,"car:canister":73,"quark:cobblestone_vertical_slab":86,"minecraft:smoker":1,"createaddition:alternator":1,"farmersdelight:apple_cider":5,"quark:oak_hedge":6,"cfm:brown_grill":2,"cold_sweat:boiler":3,"pfm:gray_modern_pendant":1,"createdeco:yellow_decal":2,"apocalypsenow:open_canned_carrot":1,"minecraft:bucket":69,"alexsmobs:animal_dictionary":1,"create:hand_crank":3,"pfm:basic_toilet":1,"minecraft:gray_wool":1,"minecraft:smooth_stone":4},"minecraft:custom":{"minecraft:interact_with_crafting_table":202,"minecraft:open_barrel":19,"minecraft:eat_cake_slice":18,"minecraft:leave_game":13,"minecraft:time_since_death":63239,"minecraft:damage_blocked_by_shield":54,"minecraft:use_bathtub":1,"minecraft:play_time":1380983,"minecraft:deaths":31,"minecraft:jump":5597,"minecraft:enchant_item":5,"minecraft:interact_with_furnace":44,"minecraft:traded_with_villager":55,"minecraft:stove_opened":12,"minecraft:sleep_in_bed":31,"minecraft:damage_dealt":81798,"minecraft:interact_with_smoker":5,"minecraft:interact_with_smithing_table":2,"minecraft:inspect_hopper":1,"minecraft:fridge_opened":13,"minecraft:chair_used":2,"minecraft:damage_dealt_absorbed":704,"minecraft:sneak_time":76348,"minecraft:interact_with_blast_furnace":10,"minecraft:drawer_searched":39,"minecraft:total_world_time":1380983,"minecraft:trashcan_opened":1,"minecraft:time_since_rest":63264,"minecraft:cabinet_searched":9,"minecraft:swim_one_cm":48675,"minecraft:freezer_opened":18,"minecraft:fly_one_cm":1310271,"minecraft:open_chest":964,"minecraft:fall_one_cm":127166,"lootr:looted_stat":158,"minecraft:animals_bred":2,"minecraft:damage_resisted":3469,"minecraft:sprint_one_cm":2712670,"minecraft:drop":292,"minecraft:talked_to_villager":48,"minecraft:walk_on_water_one_cm":92560,"minecraft:player_kills":3,"minecraft:crouch_one_cm":247252,"minecraft:mob_kills":903,"minecraft:interact_with_campfire":21,"minecraft:damage_dealt_resisted":9614,"minecraft:climb_one_cm":179215,"minecraft:walk_one_cm":4356400,"minecraft:sink_filled":2,"minecraft:walk_under_water_one_cm":55356,"minecraft:boat_one_cm":1388,"minecraft:toilet_used":6,"minecraft:damage_taken":17970},"minecraft:dropped":{"createdeco:yellow_decal":1,"tac:m16a4":1,"minecraft:diamond":1,"minecraft:glass_bottle":6,"tac:bullet_308":1,"artifacts:cloud_in_a_bottle":1,"create:cogwheel":1,"xpbook:xp_tome":1,"minecraft:item_frame":9,"apocalypsenow:thincan":1,"sophisticatedbackpacks:gold_backpack":1,"tac:nato_556_bullet":1,"quark:light_gray_shard":16,"apocalypsenow:construction_helmet":2,"crossbowverhaul:bolt_explosive":7,"embellishcraft:polished_marble":2,"minecraft:bone":10,"minecraft:sugar_cane":1,"apocalypsenow:small_can":3,"camera:image":16,"minecraft:rotten_flesh":50,"minecraft:oak_planks":32,"camera:camera":5,"minecraft:leather_leggings":1,"tac:deagle_357":1,"camera:album":2,"tac:glock_18":1,"minecraft:cobblestone":122,"refinedstorage:16k_storage_part":2,"apocalypsenow:forestguard_boots":1,"tac:mk23":1,"minecraft:ink_sac":1,"minecraft:potion":15,"minecraft:paper":3,"minecraft:string":12,"minecraft:lily_pad":2,"minecraft:acacia_planks":9,"tac:mp7":1,"minecraft:bowl":3,"tac:762x54":1,"create:mechanical_pump":1,"simplylight:illuminant_block_on":1,"create:hand_crank":2,"easy_villagers:villager":1,"farmersdelight:apple_cider":3,"tac:9mm_round":1,"minecraft:oak_log":9,"tac:round45":1,"minecraft:lantern":2,"another_furniture:lime_lamp":1,"apocalypsenow:medicalkit":2,"minecraft:leather":2,"apocalypsenow:life_jacket_bullet_helmet_chestplate":1,"create:fluid_pipe":2,"artifacts:superstitious_hat":1,"apocalypsenow:construction_boots":3,"minecraft:seagrass":5,"tac:10_gauge_round":1,"embellishcraft:sturdy_steel_door":1,"apocalypsenow:gasmask_helmet":1,"minecraft:poppy":18,"minecraft:leather_chestplate":1,"tac:ae50":1,"comforts:sleeping_bag_white":2,"minecraft:iron_bars":2,"apocalypsenow:human_flesh":11,"quark:smooth_stone_vertical_slab":5,"quark:gray_shard":9,"tac:b_magnum":1,"apocalypsenow:tatical_mace":1,"apocalypsenow:blue_football_armor_chestplate":1,"minecraft:torch":13,"minecraft:kelp":6,"alexsmobs:maggot":3,"embellishcraft:smooth_marble":1,"apocalypsenow:police_chestplate":1,"quark:white_shard":4,"apocalypsenow:apple_juice":1,"minecraft:shield":5,"apocalypsenow:suturekit":1,"minecraft:andesite":78,"minecraft:wooden_pickaxe":2,"firstaid:plaster":13,"minecraft:calcite":1},"minecraft:broken":{"minecraft:diamond_pickaxe":1,"minecraft:iron_axe":1,"minecraft:iron_pickaxe":6,"apocalypsenow:tatical_mace":1},"minecraft:killed_by":{"minecraft:zombie":5,"mutationcraft:the_intoxicator":1,"zombie_extreme:runner":2,"minecraft:drowned":1,"undead_revamp2:bomber":1,"undead_revamp2:thesmoker":1,"minecraft:player":1,"zombiemobs:zombie_squid":1},"minecraft:killed":{"alexsmobs:lobster":1,"zombiemobs:zombie_turtle":6,"zombiemobs:zombie_dolphin":1,"undead_revamp2:thepregnant":2,"undead_revamp2:thespitter":1,"zombie_extreme:inflated":7,"zombie_extreme:infected_hazmat":7,"minecraft:zombie":449,"mutationcraft:assimilated_wolf":1,"zombiemobs:zombie_horsee":1,"mutationcraft:assimilated_donkey":1,"zombie_extreme:faceless":1,"zombiemobs:zombie_sheep":1,"undead_revamp2:bomber":14,"zombie_extreme:demolisher":1,"undead_revamp2:thebidy":3,"zombiemobs:zombie_wolf":1,"zombie_extreme:runner":22,"zombiemobs:zombie_cow":1,"zombiemobs:zombie_squid":1,"zombie_extreme:crawler":8,"minecraft:husk":132,"zombie_extreme:infected_military":4,"undead_revamp2:the_moonflower":30,"zombiemobs:zombie_goat":1,"mutationcraft:assimilated_bear":1,"undead_revamp2:thesmoker":56,"mutationcraft:human_stage_1":5,"undead_revamp2:crackleball":3,"alexsmobs:kangaroo":1,"zombiemobs:zombie_fox":1,"undead_revamp2:theordure":3,"minecraft:trader_llama":2,"zombie_extreme:infected_police":5,"zombie_extreme:devastated":1,"alexsmobs:fly":3,"mutationcraft:human_stage_3":4,"minecraft:blaze":2,"undead_revamp2:thegliter":2,"alexsmobs:rattlesnake":1,"mutationcraft:assimilated_villager":1,"crittersandcompanions:otter":1,"minecraft:drowned":25,"mutationcraft:the_intoxicator":1,"minecraft:bat":1,"mutationcraft:assimilated_human":4},"minecraft:crafted":{"minecraft:smooth_stone":3,"crossbowverhaul:bolt_explosive":16,"immersiveengineering:fluid_pipe":8,"minecraft:lever":1,"minecraft:glass":12,"minecraft:acacia_fence":3,"easy_villagers:trader":3,"create:cogwheel":3,"tac:uzi":1,"minecraft:diamond_axe":1,"minecraft:acacia_slab":6,"immersiveengineering:slab_treated_wood_horizontal":12,"minecraft:copper_ingot":65,"minecraft:iron_pickaxe":1,"minecraft:gold_ingot":18,"sophisticatedbackpacks:netherite_backpack":1,"minecraft:white_carpet":3,"immersiveengineering:fluid_pump":1,"immersiveengineering:coil_lv":1,"minecraft:stone_pickaxe":1,"immersiveengineering:treated_fence":3,"minecraft:crossbow":1,"minecraft:white_bed":2,"camera:image_frame":6,"create:shaft":16,"minecraft:cobblestone_slab":174,"minecraft:barrel":1,"tac:mk23":1,"immersiveengineering:manual":1,"minecraft:cobblestone_stairs":24,"minecraft:stone":6,"immersiveengineering:cloche":1,"minecraft:chest":1,"minecraft:oak_button":1,"minecraft:stone_hoe":1,"minecraft:item_frame":4,"minecraft:crafting_table":4,"immersiveengineering:wire_copper":2,"tac:10_gauge_round":96,"minecraft:stick":16,"minecraft:iron_ingot":9,"immersiveengineering:connector_mv":4,"immersiveengineering:stick_treated":12,"minecraft:glass_pane":32,"minecraft:leather":88,"minecraft:iron_axe":1,"immersiveengineering:waterwheel_segment":4,"immersiveengineering:wirecutter":1,"crossbowverhaul:bolt_netherite":30,"tac:round45":36,"create:hand_crank":1,"immersiveengineering:watermill":1,"minecraft:air":3353,"minecraft:white_wool":23,"tac:m1911":1,"easy_villagers:breeder":1,"firstaid:bandage":1,"apocalypsenow:money":9,"immersiveengineering:craftingtable":1},"minecraft:picked_up":{"tac:mk23":1,"minecraft:seagrass":7,"easy_villagers:breeder":2,"embellishcraft:warning_steel_door":1,"minecraft:lead":1,"create:spout":1,"minecraft:smithing_table":2,"minecraft:brown_bed":4,"camera:camera":5,"refinedstorage:controller":1,"minecraft:brewing_stand":4,"create:bar_of_chocolate":3,"farmersdelight:cutting_board":4,"another_furniture:service_bell":3,"another_furniture:oak_shelf":6,"minecraft:string":1052,"quark:paper_wall_big":4,"farmersdelight:apple_pie":2,"create:limestone":2,"create:sweet_roll":3,"cfm:spruce_blinds":7,"minecraft:cobbled_deepslate":1,"minecraft:acacia_sign":1,"minecraft:coal_block":1,"createdeco:locked_zinc_door":1,"minecraft:dark_oak_door":1,"farmersdelight:potato_crate":1,"embellishcraft:smooth_marble":48,"pfm:white_stove":4,"minecraft:acacia_log":105,"apocalypsenow:open_canned_carrot":1,"quark:charcoal_block":1,"apocalypsenow:fire_figther_leggings":7,"simplylight:illuminant_block_on":2,"easy_villagers:villager":2,"farmersdelight:melon_popsicle":4,"minecraft:light_gray_bed":1,"pfm:fir_biomesoplenty_kitchen_sink":1,"createaddition:barbed_wire":125,"cfm:stripped_dark_oak_mail_box":2,"minecraft:iron_block":51,"minecraft:cyan_terracotta":4,"apocalypsenow:police_chestplate":2,"apocalypsenow:bikers_helmet":2,"apocalypsenow:police_boots":1,"apocalypsenow:gasmask_helmet":1,"minecraft:blaze_rod":1,"farmersdelight:melon_juice":13,"minecraft:iron_bars":4,"alexsmobs:flying_fish":1,"apocalypsenow:money_block":1,"tac:workbench":1,"apocalypsenow:blue_football_armor_leggings":2,"immersiveengineering:concrete_quarter":56,"minecraft:iron_door":11,"createbigcannons:steel_scrap":7,"biomesoplenty:dried_salt":2,"minecraft:smoker":1,"quark:iron_ladder":4,"minecraft:flint":3,"immersivepetroleum:asphalt":184,"alexsmobs:cooked_kangaroo_meat":4,"trashcans:item_trash_can":1,"pfm:white_shower_towel":1,"farmersdelight:carrot_crate":1,"quark:stripped_dark_oak_post":1,"embellishcraft:gray_couch":2,"minecraft:lantern":8,"immersiveengineering:watermill":1,"farmersdelight:tomato":12,"pfm:fir_biomesoplenty_kitchen_counter_oven":1,"minecraft:gray_terracotta":50,"minecraft:stonecutter":1,"apocalypsenow:human_flesh":20,"create:shaft":2,"another_furniture:white_lamp":2,"apocalypsenow:electric_baton":1,"crittersandcompanions:pearl":1,"immersiveengineering:blueprint":1,"quark:light_gray_stool":2,"apocalypsenow:u_sarmy_chestplate":3,"quark:smooth_stone_vertical_slab":8,"farmersdelight:spruce_cabinet":1,"apocalypsenow:tatical_mace":1,"apocalypsenow:black_motorcycle_helmet_helmet":2,"minecraft:ink_sac":1,"apocalypsenow:dagger":2,"minecraft:lever":7,"pfm:white_simple_sofa":10,"minecraft:granite":19,"create:framed_glass_door":4,"alexsmobs:maggot":7,"apocalypsenow:construction_helmet":5,"minecraft:bricks":2,"sophisticatedbackpacks:gold_backpack":1,"minecraft:crafting_table":3,"minecraft:coarse_dirt":69,"tac:glock_18":1,"apocalypsenow:fire_figther_boots":5,"buildersdelight:lantern_4":1,"minecraft:leather_leggings":2,"zombie_extreme:drinks_vending_machine":2,"apocalypsenow:u_sarmy_helmet":4,"immersiveengineering:manual":1,"simplylight:illuminant_slab":4,"minecraft:red_bed":1,"create:fluid_pipe":8,"camera:image_frame":2,"immersiveengineering:fluid_pump":2,"apocalypsenow:construction_boots":5,"embellishcraft:sturdy_steel_door":13,"immersiveengineering:treated_fence":4,"minecraft:poppy":65,"farmersdelight:canvas_rug":2,"minecraft:chest":39,"cfm:brown_grill":2,"tac:ir_laser":1,"farmersdelight:cabbage_crate":1,"minecraft:carrot":4,"immersiveengineering:concrete":19,"quark:yellow_corundum":2,"buildersdelight:industrial_flat_2":2,"immersiveengineering:cloche":4,"farmersdelight:hamburger":4,"minecraft:hay_block":29,"minecraft:yellow_terracotta":4,"create:depot":4,"quark:acacia_ladder":8,"alexsmobs:kangaroo_meat":4,"biomesoplenty:orange_sand":42,"immersiveengineering:metal_barrel":4,"alexsmobs:acacia_blossom":2,"immersiveengineering:dynamo":7,"pfm:stripped_fir_biomesoplenty_kitchen_drawer":2,"easy_villagers:farmer":1,"minecraft:oak_log":32,"embellishcraft:polished_marble":3,"minecraft:lily_pad":2,"cfm:stripped_birch_chair":7,"farmersdelight:skillet":4,"embellishcraft:gneiss_large_bricks_wall":8,"embellishcraft:plate":2,"apocalypsenow:u_sarmy_leggings":6,"apocalypsenow:cooked_human_flesh":2,"apocalypsenow:construction_leggings":2,"minecraft:stone_bricks":102,"farmersdelight:cooking_pot":7,"minecraft:kelp":37,"solcarrot:food_book":2,"apocalypsenow:money":16,"quark:paper_lantern_sakura":8,"apocalypsenow:fire_figther_helmet":3,"minecraft:glass_bottle":11,"cfm:stripped_birch_upgraded_fence":9,"minecraft:gray_bed":2,"biomesoplenty:umbran_log":4,"quark:light_gray_shard":25,"minecraft:polished_andesite_stairs":9,"quark:white_shard":4,"minecraft:sweet_berries":3,"minecraft:gravel":21,"apocalypsenow:police_leggings":2,"minecraft:spruce_sapling":1,"minecraft:leather_helmet":1,"pfm:basic_sink":1,"tac:mp7":1,"apocalypsenow:metal_shelves":1,"pfm:wall_toilet_paper":1,"immersiveengineering:seed":25,"immersiveengineering:wirecoil_copper":16,"quark:cobblestone_vertical_slab":12,"apocalypsenow:bear_trap":2,"ag_day_counter:calendar":2,"quark:oak_hedge":6,"create:mechanical_pump":8,"minecraft:gray_wool":1,"minecraft:oak_button":1,"tac:762x39":37,"immersiveengineering:connector_mv":5,"quark:gray_framed_glass":23,"minecraft:wheat":113,"minecraft:iron_trapdoor":1,"apocalypsenow:bloodybandages":1,"immersiveengineering:craftingtable":2,"minecraft:potion":18,"pfm:white_freezer":3,"minecraft:raw_copper":25,"minecraft:smooth_stone_slab":21,"immersiveengineering:raw_lead":16,"minecraft:red_sand":1,"create:mechanical_press":3,"minecraft:smooth_stone":7,"comforts:sleeping_bag_white":20,"minecraft:rose_bush":3,"minecraft:redstone_torch":1,"minecraft:cobblestone_slab":46,"minecraft:calcite":4,"minecraft:smooth_quartz":1,"quark:black_shard":3,"minecraft:iron_pickaxe":1,"minecraft:iron_boots":1,"minecraft:furnace":5,"minecraft:stick":8,"simplylight:illuminant_panel":1,"createaddition:electric_motor":1,"minecraft:acacia_fence":3,"minecraft:torch":43,"quark:yellow_corundum_cluster":6,"mutationcraft:putrid_claw":10,"minecraft:dried_kelp":2,"car:gas_station":1,"minecraft:diorite":1,"tac:m1014":1,"camera:album":2,"cfm:stripped_spruce_coffee_table":1,"immersiveengineering:fluid_pipe":11,"another_furniture:lime_lamp":4,"minecraft:quartz_block":1,"quark:polished_andesite_vertical_slab":2,"minecraft:cactus":2,"farmersdelight:tomato_crate":1,"minecraft:rotten_flesh":673,"createaddition:chocolate_cake":9,"quark:violet_corundum_cluster":4,"create:andesite_door":2,"minecraft:cobblestone":2155,"apocalypsenow:wire_fence":3,"apocalypsenow:u_sarmy_boots":1,"simplylight:rodlamp":10,"tac:round45":101,"minecraft:leather_chestplate":1,"create:fluid_tank":6,"pfm:concrete_kitchen_sink":2,"minecraft:andesite":83,"rocks:starfish":3,"minecraft:potato":129,"create:belt_connector":1,"apocalypsenow:construction_chestplate":2,"immersiveengineering:connector_lv_relay":2,"minecraft:dirt":104,"farmersdelight:chicken_sandwich":5,"immersiveengineering:sheetmetal_iron":35,"minecraft:stripped_birch_log":1,"createaddition:alternator":1,"immersiveengineering:hemp_fiber":39,"minecraft:leather_boots":1,"minecraft:bone":885,"minecraft:acacia_planks":26,"minecraft:wheat_seeds":212,"easy_villagers:trader":11,"pfm:basic_toilet":1,"minecraft:fletching_table":1,"tac:9mm_round":152,"camera:image":24,"minecraft:oak_planks":36,"farmersdelight:basket":2,"apocalypsenow:small_can":6,"create:cogwheel":2,"create:cuckoo_clock":2,"createbigcannons:traffic_cone":6,"apocalypsenow:pkm_4gasmask_helmet":1,"apocalypsenow:broken_plasma_tv":1,"minecraft:diamond":1,"minecraft:polished_blackstone_pressure_plate":1,"alexsmobs:rattlesnake_rattle":1,"apocalypsenow:blue_football_armor_chestplate":1,"pfm:furniture_book":1,"minecraft:oak_sapling":7,"create:stressometer":1,"cold_sweat:boiler":3,"minecraft:wooden_pickaxe":2,"minecraft:stone_brick_wall":16,"farmersdelight:tomato_sauce":1,"minecraft:gold_block":15,"cold_sweat:hearth":2,"minecraft:shield":5,"minecraft:item_frame":9,"minecraft:quartz_slab":1,"quark:stripped_birch_post":20,"immersiveengineering:workbench":7,"minecraft:light_gray_wool":65,"minecraft:tinted_glass":3,"minecraft:sugar_cane":2,"apocalypsenow:construction_barricade":3,"createdeco:cast_iron_mesh_fence":23,"cfm:cyan_kitchen_counter":10,"minecraft:raw_iron":15,"easy_villagers:incubator":1,"refinedstorage:16k_storage_part":1,"createdeco:yellow_decal":3,"minecraft:copper_ingot":1,"minecraft:bowl":2,"minecraft:stone_button":2,"create:hand_crank":5,"apocalypsenow:forestguard_leggings":1,"apocalypsenow:combat_knife":1,"tac:b_magnum":52,"minecraft:dark_oak_planks":1,"create:deployer":5,"apocalypsenow:sandbags":1,"buildersdelight:lantern_6":2,"immersiveengineering:steel_scaffolding_standard":13,"apocalypsenow:baseball_bat":3,"biomesoplenty:orange_sandstone":63,"quark:bamboo_mat":68,"createbigcannons:cannon_mount":1,"mutationcraft:putrid_heart":1,"apocalypsenow:fire_figther_chestplate":4,"immersiveengineering:connector_lv":23,"another_furniture:spruce_planter_box":3,"minecraft:leather":53,"apocalypsenow:canadian_army_chestplate":1,"apocalypsenow:life_jacket_bullet_helmet_chestplate":2,"apocalypsenow:green_bikers_helmet":2,"biomesoplenty:umbran_door":1,"immersiveengineering:floodlight":8,"create:blaze_burner":1,"minecraft:gunpowder":36,"minecraft:cobblestone_stairs":9,"biomesoplenty:redwood_button":1,"immersiveengineering:treated_wood_horizontal":40,"another_furniture:light_gray_curtain":32,"createdeco:locked_cast_iron_door":1,"immersiveengineering:thermoelectric_generator":2,"tac:deagle_357":2,"farmersdelight:apple_cider":4,"minecraft:iron_ingot":6,"tac:nato_556_bullet":39,"refinedstorage:cable":2,"immersiveengineering:storage_steel":3,"simplylight:illuminant_block":2,"storagedrawers:oak_full_drawers_1":1,"minecraft:acacia_sapling":3,"tac:ae50":63,"minecraft:emerald_block":9,"minecraft:stone_brick_slab":3,"embellishcraft:acacia_fancy_door":4,"minecraft:blast_furnace":2,"minecraft:white_bed":3,"pfm:white_fridge":2,"create:brass_tunnel":1,"quark:oak_chest":4,"create:brass_ingot":48,"xpbook:xp_tome":4,"quark:framed_glass_pane":29,"apocalypsenow:safe":3,"minecraft:terracotta":4,"quark:gray_shard":70,"farmersdelight:stove":2,"minecraft:coal":13},"minecraft:mined":{"minecraft:dark_oak_planks":1,"createdeco:locked_zinc_door":1,"car:gas_station":1,"minecraft:white_bed":5,"another_furniture:oak_shelf":6,"farmersdelight:canvas_rug":2,"minecraft:granite":2,"biomesoplenty:dead_leaves":1,"minecraft:red_sand":1,"minecraft:acacia_log":5,"minecraft:stone_brick_wall":19,"minecraft:light_gray_bed":4,"quark:yellow_corundum":2,"pfm:white_simple_sofa":10,"biomesoplenty:dried_salt":2,"apocalypsenow:bear_trap":1,"biomesoplenty:orange_sandstone":38,"minecraft:spawner":80,"simplylight:illuminant_block_on":1,"easy_villagers:breeder":2,"minecraft:fletching_table":1,"pfm:white_shower_towel":1,"immersiveengineering:connector_lv":13,"minecraft:quartz_slab":1,"simplylight:rodlamp":10,"apocalypsenow:construction_barricade":3,"cfm:stripped_birch_chair":6,"minecraft:iron_block":46,"create:mechanical_press":1,"create:cogwheel":2,"apocalypsenow:metal_shelves":1,"minecraft:red_bed":1,"minecraft:smoker":1,"farmersdelight:potato_crate":1,"immersiveengineering:metal_barrel":4,"minecraft:torch":11,"quark:charcoal_block":1,"farmersdelight:cabbage_crate":1,"minecraft:blast_furnace":2,"minecraft:polished_andesite_stairs":9,"quark:framed_glass_pane":11,"easy_villagers:farmer":1,"create:birch_window_pane":1,"minecraft:bricks":2,"tac:workbench":1,"quark:light_gray_stool":2,"create:cuckoo_clock":2,"immersiveengineering:storage_steel":3,"createaddition:electric_motor":1,"minecraft:light_gray_stained_glass":2,"minecraft:wheat":1,"storagedrawers:oak_full_drawers_1":1,"quark:paper_wall_big":4,"minecraft:grass":7,"create:vertical_framed_glass_pane":5,"another_furniture:light_gray_curtain":32,"minecraft:smooth_quartz":3,"zombie_extreme:drinks_vending_machine":2,"quark:yellow_corundum_cluster":3,"simplylight:illuminant_block":4,"minecraft:acacia_sign":1,"minecraft:stonecutter":1,"minecraft:deepslate":1,"createbigcannons:cannon_mount":1,"quark:iron_ladder":4,"minecraft:yellow_terracotta":4,"farmersdelight:basket":2,"createbigcannons:steel_autocannon_barrel":1,"biomesoplenty:desert_grass":5,"minecraft:stripped_birch_log":1,"create:fluid_tank":6,"biomesoplenty:dead_grass":1,"minecraft:kelp":41,"biomesoplenty:dune_grass":5,"embellishcraft:plate":1,"create:shaft":1,"cold_sweat:hearth_bottom":2,"minecraft:andesite":74,"createdeco:cast_iron_mesh_fence":23,"pfm:fir_biomesoplenty_kitchen_counter_oven":1,"simplylight:illuminant_slab":4,"minecraft:cobblestone_slab":55,"create:deployer":2,"biomesoplenty:umbran_door":1,"create_central_kitchen:blaze_stove":1,"minecraft:smithing_table":2,"immersiveengineering:floodlight":8,"quark:oak_chest":4,"pfm:basic_sink":1,"quark:polished_andesite_vertical_slab":2,"create:fluid_pipe":7,"createbigcannons:traffic_cone":5,"create:mechanical_pump":8,"create:framed_glass_door":4,"pfm:wall_toilet_paper":1,"minecraft:copper_ore":6,"minecraft:diorite":1,"immersiveengineering:concrete":21,"another_furniture:service_bell":3,"easy_villagers:incubator":1,"farmersdelight:skillet":5,"minecraft:coarse_dirt":69,"immersiveengineering:watermill":1,"immersiveengineering:thermoelectric_generator":1,"immersiveengineering:tank":1,"minecraft:gravel":17,"minecraft:acacia_planks":8,"minecraft:oak_button":1,"minecraft:stone_bricks":102,"minecraft:iron_trapdoor":2,"immersiveengineering:treated_fence":4,"apocalypsenow:wire_fence":5,"pfm:stripped_fir_biomesoplenty_kitchen_drawer":2,"embellishcraft:sturdy_steel_door":11,"minecraft:oak_sapling":1,"minecraft:farmland":1,"immersiveengineering:fluid_pipe":11,"minecraft:cobblestone_stairs":17,"quark:stripped_birch_post":20,"apocalypsenow:safe":3,"farmersdelight:tomato_crate":1,"rocks:starfish":3,"minecraft:brewing_stand":4,"minecraft:grass_block":94,"buildersdelight:lantern_4":1,"pfm:white_stove":4,"buildersdelight:industrial_flat_2":2,"comforts:sleeping_bag_white":2,"createbigcannons:steel_autocannon_breech":1,"minecraft:smooth_stone":3,"buildersdelight:lantern_6":2,"minecraft:iron_ore":13,"minecraft:brown_bed":4,"pfm:white_fridge":2,"minecraft:iron_bars":2,"create:andesite_door":2,"immersiveengineering:ore_lead":16,"another_furniture:lime_lamp":2,"embellishcraft:gray_couch":2,"another_furniture:white_lamp":2,"createaddition:alternator":1,"minecraft:quartz_block":4,"lootr:lootr_chest":2,"minecraft:cyan_terracotta":7,"createdeco:locked_cast_iron_door":1,"rocks:seashell":1,"cfm:stripped_birch_upgraded_fence":9,"minecraft:poppy":4,"minecraft:chest":17,"embellishcraft:polished_marble":4,"cold_sweat:boiler":3,"quark:gray_framed_glass":21,"minecraft:cobblestone":437,"minecraft:oak_planks":4,"createaddition:barbed_wire":126,"minecraft:iron_door":14,"minecraft:wall_torch":13,"minecraft:seagrass":6,"create:glass_fluid_pipe":1,"pfm:basic_toilet":1,"immersiveengineering:connector_mv":5,"farmersdelight:cutting_board":1,"minecraft:light_gray_wool":66,"biomesoplenty:umbran_log":4,"minecraft:smooth_stone_slab":22,"create:spout":1,"apocalypsenow:beartrapneutral":1,"minecraft:oak_log":7,"immersiveengineering:fluid_pump":2,"pfm:concrete_kitchen_sink":2,"minecraft:acacia_fence":3,"minecraft:sand":1,"minecraft:dirt":6,"another_furniture:spruce_planter_box":3,"cfm:cyan_kitchen_counter":10,"minecraft:oak_leaves":2,"immersiveengineering:workbench":9,"minecraft:emerald_block":8,"cfm:stripped_spruce_coffee_table":1,"pfm:fir_biomesoplenty_kitchen_sink":1,"trashcans:item_trash_can":1,"embellishcraft:acacia_fancy_door":4,"immersiveengineering:cloche":4,"minecraft:gray_stained_glass_pane":9,"simplylight:illuminant_panel":1,"minecraft:lever":6,"immersiveengineering:concrete_quarter":57,"minecraft:white_stained_glass":1,"create:depot":3,"cfm:brown_grill":2,"minecraft:spruce_leaves":3,"quark:bamboo_mat":68,"rocks:rock":1,"ag_day_counter:calendar":2,"cfm:stripped_dark_oak_mail_box":2,"minecraft:hay_block":29,"immersiveengineering:dynamo":7,"immersivepetroleum:asphalt":186,"minecraft:furnace":5,"quark:acacia_ladder":8,"immersiveengineering:hemp":9,"farmersdelight:spruce_cabinet":1,"minecraft:gold_block":17,"embellishcraft:warning_steel_door":1,"easy_villagers:trader":11,"minecraft:lantern":6,"minecraft:stone":1679,"immersiveengineering:craftingtable":2,"farmersdelight:cooking_pot":7,"pfm:white_freezer":3,"quark:smooth_stone_vertical_slab":8,"quark:paper_lantern_sakura":8,"immersiveengineering:sheetmetal_iron":34,"biomesoplenty:orange_sand":52,"quark:cobblestone_vertical_slab":13,"car:gas_station_top":1,"minecraft:crafting_table":3,"minecraft:cyan_stained_glass_pane":2,"minecraft:gray_stained_glass":12,"farmersdelight:carrot_crate":1,"cfm:spruce_blinds":7,"embellishcraft:gneiss_large_bricks_wall":12,"biomesoplenty:sprout":5,"createbigcannons:steel_autocannon_recoil_spring":1,"quark:stripped_dark_oak_post":1,"minecraft:gray_wool":1,"immersiveengineering:connector_lv_relay":2,"apocalypsenow:broken_plasma_tv":1,"apocalypsenow:sandbags":1,"minecraft:gray_bed":1,"embellishcraft:smooth_marble":53,"immersiveengineering:steel_scaffolding_standard":10,"minecraft:coal_ore":11,"quark:oak_hedge":6,"farmersdelight:stove":2,"minecraft:terracotta":4,"buildersdelight:industrial_flat_3":1,"quark:violet_corundum_cluster":4}},"DataVersion":2975}