{"stats":{"minecraft:broken":{"apocalypsenow:tatical_mace":1,"minecraft:iron_pickaxe":2},"minecraft:mined":{"embellishcraft:sturdy_steel_door":9,"minecraft:white_bed":3,"minecraft:oak_sapling":1,"minecraft:farmland":1,"quark:stripped_birch_post":20,"minecraft:cobblestone_stairs":2,"apocalypsenow:safe":3,"another_furniture:oak_shelf":3,"minecraft:brewing_stand":2,"minecraft:grass_block":15,"minecraft:stone_brick_wall":11,"minecraft:light_gray_bed":4,"pfm:white_simple_sofa":10,"apocalypsenow:bear_trap":1,"biomesoplenty:orange_sandstone":9,"pfm:white_stove":3,"buildersdelight:industrial_flat_2":2,"minecraft:spawner":38,"buildersdelight:lantern_6":2,"simplylight:illuminant_block_on":1,"minecraft:brown_bed":2,"pfm:white_fridge":2,"minecraft:iron_bars":2,"apocalypsenow:construction_barricade":3,"cfm:stripped_birch_chair":6,"minecraft:iron_block":18,"another_furniture:lime_lamp":1,"minecraft:quartz_block":4,"lootr:lootr_chest":2,"minecraft:cyan_terracotta":6,"minecraft:smoker":1,"createdeco:locked_cast_iron_door":1,"minecraft:torch":3,"quark:charcoal_block":1,"minecraft:blast_furnace":1,"cfm:stripped_birch_upgraded_fence":9,"minecraft:poppy":4,"quark:framed_glass_pane":2,"minecraft:chest":12,"embellishcraft:polished_marble":4,"cold_sweat:boiler":3,"quark:gray_framed_glass":2,"minecraft:cobblestone":13,"create:birch_window_pane":1,"minecraft:oak_planks":4,"createaddition:barbed_wire":35,"minecraft:iron_door":10,"minecraft:wall_torch":7,"quark:light_gray_stool":2,"minecraft:light_gray_stained_glass":2,"storagedrawers:oak_full_drawers_1":1,"minecraft:light_gray_wool":65,"minecraft:smooth_stone_slab":5,"minecraft:grass":2,"apocalypsenow:beartrapneutral":1,"create:vertical_framed_glass_pane":1,"minecraft:oak_log":7,"minecraft:sand":1,"minecraft:dirt":1,"another_furniture:spruce_planter_box":3,"cfm:cyan_kitchen_counter":6,"minecraft:oak_leaves":2,"minecraft:emerald_block":3,"quark:iron_ladder":4,"trashcans:item_trash_can":1,"biomesoplenty:desert_grass":1,"minecraft:stripped_birch_log":1,"minecraft:gray_stained_glass_pane":4,"immersiveengineering:concrete_quarter":35,"minecraft:spruce_leaves":3,"quark:bamboo_mat":59,"ag_day_counter:calendar":1,"biomesoplenty:dune_grass":1,"embellishcraft:plate":1,"minecraft:hay_block":29,"immersivepetroleum:asphalt":67,"minecraft:furnace":5,"farmersdelight:spruce_cabinet":1,"createdeco:cast_iron_mesh_fence":21,"minecraft:gold_block":6,"simplylight:illuminant_slab":4,"minecraft:cobblestone_slab":9,"embellishcraft:warning_steel_door":1,"minecraft:lantern":2,"minecraft:stone":322,"farmersdelight:cooking_pot":3,"pfm:white_freezer":3,"quark:paper_lantern_sakura":4,"quark:oak_chest":4,"biomesoplenty:orange_sand":27,"minecraft:crafting_table":2,"createbigcannons:traffic_cone":5,"minecraft:gray_stained_glass":5,"cfm:spruce_blinds":7,"embellishcraft:gneiss_large_bricks_wall":5,"biomesoplenty:sprout":2,"immersiveengineering:concrete":8,"another_furniture:service_bell":2,"farmersdelight:skillet":2,"minecraft:coarse_dirt":69,"apocalypsenow:broken_plasma_tv":1,"embellishcraft:smooth_marble":41,"quark:oak_hedge":6,"minecraft:gravel":16,"farmersdelight:stove":1,"minecraft:acacia_planks":5,"minecraft:oak_button":1,"minecraft:stone_bricks":9},"minecraft:killed":{"undead_revamp2:thesmoker":11,"mutationcraft:human_stage_1":1,"undead_revamp2:crackleball":3,"zombie_extreme:infected_hazmat":1,"undead_revamp2:theordure":1,"minecraft:trader_llama":2,"minecraft:zombie":151,"zombie_extreme:infected_police":4,"minecraft:blaze":2,"zombiemobs:zombie_horsee":1,"zombiemobs:zombie_sheep":1,"zombie_extreme:demolisher":1,"crittersandcompanions:otter":1,"zombie_extreme:runner":8,"zombiemobs:zombie_cow":1,"zombie_extreme:crawler":3,"minecraft:husk":40,"zombie_extreme:infected_military":2,"undead_revamp2:the_moonflower":12},"minecraft:picked_up":{"tac:mk23":1,"embellishcraft:warning_steel_door":1,"minecraft:lead":1,"minecraft:brown_bed":2,"pfm:white_freezer":3,"camera:camera":3,"minecraft:brewing_stand":2,"farmersdelight:cutting_board":1,"another_furniture:service_bell":2,"minecraft:string":485,"another_furniture:oak_shelf":3,"minecraft:smooth_stone_slab":5,"cfm:spruce_blinds":7,"minecraft:rose_bush":3,"minecraft:cobblestone_slab":9,"quark:black_shard":3,"minecraft:iron_pickaxe":1,"minecraft:furnace":5,"minecraft:dark_oak_door":1,"minecraft:stick":4,"embellishcraft:smooth_marble":38,"pfm:white_stove":3,"minecraft:torch":17,"minecraft:acacia_log":29,"apocalypsenow:open_canned_carrot":1,"minecraft:dried_kelp":2,"simplylight:illuminant_block_on":2,"apocalypsenow:fire_figther_leggings":5,"quark:charcoal_block":1,"minecraft:quartz_block":1,"another_furniture:lime_lamp":3,"minecraft:cactus":2,"minecraft:light_gray_bed":1,"minecraft:rotten_flesh":262,"createaddition:barbed_wire":34,"minecraft:iron_block":18,"minecraft:cyan_terracotta":3,"apocalypsenow:police_chestplate":2,"apocalypsenow:police_boots":1,"minecraft:blaze_rod":1,"minecraft:iron_bars":2,"minecraft:cobblestone":333,"apocalypsenow:u_sarmy_boots":1,"tac:round45":20,"immersiveengineering:concrete_quarter":35,"minecraft:iron_door":8,"minecraft:smoker":1,"minecraft:potato":2,"quark:iron_ladder":4,"minecraft:flint":2,"immersivepetroleum:asphalt":66,"trashcans:item_trash_can":1,"apocalypsenow:construction_chestplate":1,"minecraft:lantern":3,"minecraft:dirt":16,"farmersdelight:tomato":12,"minecraft:stripped_birch_log":1,"minecraft:leather_boots":1,"minecraft:bone":342,"minecraft:acacia_planks":12,"apocalypsenow:human_flesh":8,"tac:9mm_round":47,"camera:image":2,"apocalypsenow:electric_baton":1,"minecraft:oak_planks":36,"quark:light_gray_stool":2,"apocalypsenow:u_sarmy_chestplate":2,"farmersdelight:spruce_cabinet":1,"apocalypsenow:black_motorcycle_helmet_helmet":1,"createbigcannons:traffic_cone":6,"apocalypsenow:dagger":2,"apocalypsenow:broken_plasma_tv":1,"minecraft:diamond":1,"pfm:white_simple_sofa":10,"pfm:furniture_book":1,"alexsmobs:maggot":6,"minecraft:oak_sapling":4,"apocalypsenow:construction_helmet":3,"sophisticatedbackpacks:gold_backpack":1,"minecraft:coarse_dirt":69,"cold_sweat:boiler":3,"minecraft:crafting_table":2,"apocalypsenow:fire_figther_boots":5,"tac:glock_18":1,"minecraft:wooden_pickaxe":2,"minecraft:stone_brick_wall":8,"farmersdelight:tomato_sauce":1,"minecraft:gold_block":5,"apocalypsenow:u_sarmy_helmet":3,"immersiveengineering:manual":1,"simplylight:illuminant_slab":4,"apocalypsenow:construction_boots":2,"quark:stripped_birch_post":20,"embellishcraft:sturdy_steel_door":9,"minecraft:poppy":65,"minecraft:light_gray_wool":64,"minecraft:tinted_glass":3,"minecraft:chest":15,"apocalypsenow:construction_barricade":3,"createdeco:cast_iron_mesh_fence":21,"cfm:cyan_kitchen_counter":6,"refinedstorage:16k_storage_part":1,"createdeco:yellow_decal":3,"minecraft:carrot":3,"apocalypsenow:forestguard_leggings":1,"immersiveengineering:concrete":8,"buildersdelight:industrial_flat_2":2,"buildersdelight:lantern_6":2,"apocalypsenow:baseball_bat":3,"biomesoplenty:orange_sandstone":9,"minecraft:hay_block":29,"quark:bamboo_mat":59,"apocalypsenow:fire_figther_chestplate":3,"biomesoplenty:orange_sand":11,"another_furniture:spruce_planter_box":3,"minecraft:leather":50,"apocalypsenow:green_bikers_helmet":1,"embellishcraft:polished_marble":3,"minecraft:oak_log":27,"cfm:stripped_birch_chair":6,"minecraft:cobblestone_stairs":2,"farmersdelight:skillet":1,"embellishcraft:gneiss_large_bricks_wall":2,"createdeco:locked_cast_iron_door":1,"apocalypsenow:u_sarmy_leggings":3,"embellishcraft:plate":2,"apocalypsenow:construction_leggings":2,"minecraft:stone_bricks":9,"farmersdelight:cooking_pot":3,"solcarrot:food_book":2,"apocalypsenow:money":8,"minecraft:iron_ingot":2,"quark:paper_lantern_sakura":4,"apocalypsenow:fire_figther_helmet":2,"minecraft:glass_bottle":6,"cfm:stripped_birch_upgraded_fence":9,"storagedrawers:oak_full_drawers_1":1,"quark:light_gray_shard":12,"minecraft:emerald_block":3,"minecraft:gravel":21,"apocalypsenow:police_leggings":2,"minecraft:spruce_sapling":1,"minecraft:blast_furnace":1,"minecraft:white_bed":1,"pfm:white_fridge":2,"quark:oak_chest":4,"minecraft:leather_helmet":1,"immersiveengineering:seed":1,"apocalypsenow:bear_trap":2,"ag_day_counter:calendar":1,"quark:oak_hedge":6,"quark:framed_glass_pane":1,"apocalypsenow:safe":3,"minecraft:oak_button":1,"quark:gray_shard":37,"farmersdelight:stove":1,"minecraft:coal":2,"quark:gray_framed_glass":2},"minecraft:custom":{"lootr:looted_stat":69,"minecraft:interact_with_crafting_table":60,"minecraft:open_barrel":4,"minecraft:eat_cake_slice":1,"minecraft:leave_game":5,"minecraft:time_since_death":57278,"minecraft:sprint_one_cm":831253,"minecraft:drop":76,"minecraft:talked_to_villager":2,"minecraft:use_bathtub":1,"minecraft:play_time":374390,"minecraft:deaths":15,"minecraft:jump":2405,"minecraft:walk_on_water_one_cm":8203,"minecraft:interact_with_furnace":16,"minecraft:stove_opened":5,"minecraft:sleep_in_bed":5,"minecraft:damage_dealt":25664,"minecraft:player_kills":2,"minecraft:crouch_one_cm":27397,"minecraft:mob_kills":262,"minecraft:damage_dealt_resisted":402,"minecraft:climb_one_cm":128879,"minecraft:walk_one_cm":1265399,"minecraft:fridge_opened":7,"minecraft:chair_used":1,"minecraft:damage_dealt_absorbed":200,"minecraft:sneak_time":13045,"minecraft:walk_under_water_one_cm":701,"minecraft:drawer_searched":17,"minecraft:total_world_time":374390,"minecraft:cabinet_searched":3,"minecraft:time_since_rest":57327,"minecraft:damage_taken":6171,"minecraft:swim_one_cm":3949,"minecraft:fly_one_cm":386172,"minecraft:freezer_opened":10,"minecraft:open_chest":211,"minecraft:fall_one_cm":61706},"minecraft:killed_by":{"mutationcraft:the_intoxicator":1,"zombie_extreme:runner":2,"minecraft:zombie":1,"undead_revamp2:thesmoker":1},"minecraft:used":{"embellishcraft:sturdy_steel_door":5,"minecraft:iron_shovel":98,"immersiveengineering:seed":1,"trashcans:item_trash_can":1,"farmersdelight:stove":1,"quark:bamboo_mat":35,"minecraft:chest":29,"cfm:stripped_birch_upgraded_fence":9,"quark:iron_ladder":4,"apocalypsenow:apple_juice":3,"cfm:cyan_kitchen_counter":6,"createdeco:cast_iron_mesh_fence":20,"apocalypsenow:safe":3,"createbigcannons:traffic_cone":6,"embellishcraft:smooth_marble":5,"farmersdelight:tomato":12,"minecraft:cyan_terracotta":2,"pfm:white_simple_sofa":10,"ag_day_counter:calendar":1,"minecraft:lantern":1,"quark:paper_lantern_sakura":4,"another_furniture:spruce_planter_box":3,"minecraft:stone_bricks":4,"immersiveengineering:concrete":5,"carryon:tile_item":1,"pfm:white_freezer":3,"farmersdelight:cutting_board":1,"minecraft:oak_sapling":4,"embellishcraft:plate":2,"minecraft:furnace":5,"another_furniture:lime_lamp":2,"apocalypsenow:combat_knife":36,"another_furniture:service_bell":2,"minecraft:potato":16,"farmersdelight:hamburger":3,"simplylight:illuminant_slab":4,"createdeco:locked_cast_iron_door":1,"minecraft:stripped_birch_log":1,"pfm:white_fridge":2,"quark:framed_glass_pane":1,"minecraft:stone_pickaxe":11,"minecraft:oak_planks":52,"minecraft:wooden_pickaxe":12,"cfm:spruce_blinds":5,"pfm:white_stove":3,"minecraft:cookie":11,"quark:gray_framed_glass":2,"simplylight:illuminant_block_on":1,"immersiveengineering:concrete_quarter":15,"minecraft:blast_furnace":1,"embellishcraft:gneiss_large_bricks_wall":2,"quark:light_gray_stool":2,"minecraft:stone_brick_wall":8,"embellishcraft:warning_steel_door":1,"minecraft:shears":63,"minecraft:lever":4,"apocalypsenow:tatical_mace":543,"apocalypsenow:iron_baseball_bat":79,"minecraft:bread":8,"minecraft:string":2,"minecraft:iron_door":3,"farmersdelight:chocolate_pie":1,"minecraft:gravel":11,"chalk:red_chalk":8,"farmersdelight:spruce_cabinet":1,"minecraft:smooth_stone_slab":1,"minecraft:coarse_dirt":69,"another_furniture:oak_shelf":3,"embellishcraft:polished_marble":1,"storagedrawers:oak_full_drawers_1":2,"cfm:stripped_birch_chair":6,"buildersdelight:lantern_6":2,"minecraft:tinted_glass":3,"minecraft:stone_hoe":130,"minecraft:torch":85,"minecraft:brewing_stand":2,"minecraft:dirt":16,"apocalypsenow:grape_juice":2,"alexsmobs:maggot":2,"apocalypsenow:bear_trap":2,"minecraft:iron_axe":178,"carryon:entity_item":2,"quark:stripped_birch_post":20,"farmersdelight:cooking_pot":3,"minecraft:acacia_planks":60,"minecraft:light_gray_bed":1,"minecraft:brown_bed":2,"minecraft:water_bucket":22,"minecraft:cobblestone_stairs":22,"farmersdelight:skillet":2,"minecraft:cobblestone_slab":39,"apocalypsenow:broken_plasma_tv":1,"createaddition:barbed_wire":34,"minecraft:crafting_table":10,"minecraft:white_bed":2,"minecraft:campfire":1,"apocalypsenow:machete":56,"minecraft:smoker":1,"apocalypsenow:construction_barricade":3,"buildersdelight:industrial_flat_2":2,"farmersdelight:apple_cider":1,"quark:oak_hedge":6,"minecraft:oak_button":9,"minecraft:iron_pickaxe":747,"cgm:grenade":1,"cold_sweat:boiler":3,"minecraft:spruce_sapling":1,"createdeco:yellow_decal":2,"minecraft:cobblestone":198,"minecraft:potion":31,"apocalypsenow:open_canned_carrot":1,"minecraft:bucket":23,"quark:oak_chest":6},"minecraft:crafted":{"minecraft:chest":1,"minecraft:oak_button":1,"minecraft:stone_hoe":1,"minecraft:crafting_table":2,"minecraft:stick":8,"minecraft:iron_ingot":9,"minecraft:gold_ingot":18,"minecraft:leather":33,"minecraft:iron_axe":1,"minecraft:stone_pickaxe":1,"minecraft:air":610,"minecraft:white_wool":12,"firstaid:bandage":1,"minecraft:white_bed":1},"minecraft:dropped":{"createdeco:yellow_decal":1,"minecraft:oak_log":9,"minecraft:diamond":1,"minecraft:glass_bottle":6,"minecraft:lantern":1,"another_furniture:lime_lamp":1,"sophisticatedbackpacks:gold_backpack":1,"quark:light_gray_shard":5,"apocalypsenow:construction_boots":1,"apocalypsenow:construction_helmet":1,"embellishcraft:polished_marble":2,"minecraft:bone":2,"camera:image":6,"minecraft:rotten_flesh":23,"minecraft:oak_planks":32,"minecraft:poppy":18,"camera:camera":3,"minecraft:iron_bars":2,"apocalypsenow:human_flesh":4,"tac:glock_18":1,"minecraft:cobblestone":6,"refinedstorage:16k_storage_part":2,"apocalypsenow:forestguard_boots":1,"minecraft:torch":11,"alexsmobs:maggot":2,"embellishcraft:smooth_marble":1,"apocalypsenow:police_chestplate":1,"apocalypsenow:apple_juice":1,"simplylight:illuminant_block_on":1,"minecraft:wooden_pickaxe":2,"firstaid:plaster":3}},"DataVersion":2975}