{"stats":{"minecraft:picked_up":{"minecraft:birch_log":8,"minecraft:stick":5,"minecraft:crafting_table":1,"minecraft:redstone_lamp":3,"minecraft:leather":1,"minecraft:stone_brick_slab":9,"minecraft:birch_planks":7,"minecraft:stone_brick_stairs":3,"minecraft:gunpowder":1,"minecraft:blue_bed":1,"minecraft:dirt":29,"minecraft:smooth_sandstone_slab":32,"minecraft:rotten_flesh":6,"immersiveengineering:seed":1,"apocalypsenow:human_flesh":5,"minecraft:iron_ingot":2,"apocalypsenow:black_football_armor_helmet":1,"minecraft:white_terracotta":7,"minecraft:poppy":1,"minecraft:bricks":1,"minecraft:oak_planks":1,"minecraft:birch_sapling":2},"minecraft:killed":{"undead_revamp2:theordure":1,"apocalypsenow:runner_41":1,"apocalypsenow:runner_53":1,"zombiemobs:zombie_cow":1},"minecraft:killed_by":{"undead_revamp2:thehunter":3,"zombiemobs:zombie_fox":1,"hordes:zombie_player":2,"apocalypsenow:runner_43":1,"apocalypsenow:runner_35":1,"mutationcraft:necroptor":2,"minecraft:creeper":1,"minecraft:spider":2,"minecraft:zombie":1},"minecraft:crafted":{"minecraft:air":8},"minecraft:dropped":{"apocalypsenow:sack_helmet":1,"minecraft:birch_planks":1},"minecraft:used":{"minecraft:stone_brick_slab":4,"apocalypsenow:long_knife":2,"minecraft:bricks":1,"minecraft:birch_planks":9,"apocalypsenow:baseball_bat":4,"minecraft:smooth_sandstone_slab":6,"apocalypsenow:spiked_baseball_bat":15,"minecraft:white_terracotta":7,"zombie_extreme:vodka":1,"apocalypsenow:black_football_armor_leggings":1,"minecraft:dirt":26,"apocalypsenow:civilian_body_vest_chestplate":1,"apocalypsenow:black_football_armor_helmet":1,"apocalypsenow:rusty_machete":4,"minecraft:birch_log":3},"minecraft:mined":{"minecraft:birch_planks":7,"minecraft:quartz_block":1,"minecraft:birch_log":8,"minecraft:stone_brick_slab":66,"minecraft:birch_leaves":60,"minecraft:stone_brick_stairs":6,"minecraft:crafting_table":1,"minecraft:grass_block":3,"rocks:birch_stick":2,"minecraft:brick_stairs":3,"minecraft:quartz_slab":2,"minecraft:dirt":13,"minecraft:cobweb":3,"minecraft:oak_planks":12,"minecraft:bricks":59,"minecraft:blue_bed":1},"minecraft:custom":{"minecraft:time_since_rest":8838,"lootr:looted_stat":14,"minecraft:sprint_one_cm":108171,"minecraft:damage_taken":4204,"minecraft:walk_one_cm":120467,"minecraft:mob_kills":4,"minecraft:drop":2,"minecraft:damage_dealt":695,"minecraft:swim_one_cm":4365,"minecraft:fly_one_cm":62265,"minecraft:open_barrel":2,"minecraft:open_chest":2,"minecraft:crouch_one_cm":2304,"minecraft:walk_under_water_one_cm":415,"minecraft:play_time":40982,"minecraft:deaths":15,"minecraft:sneak_time":958,"minecraft:jump":567,"minecraft:leave_game":2,"minecraft:walk_on_water_one_cm":3814,"minecraft:time_since_death":8808,"minecraft:climb_one_cm":147,"minecraft:total_world_time":40982,"minecraft:damage_resisted":12,"minecraft:fall_one_cm":20611}},"DataVersion":2975}