{"stats":{"minecraft:picked_up":{"minecraft:cocoa_beans":3,"minecraft:birch_door":2,"minecraft:crafting_table":3,"minecraft:redstone_lamp":3,"minecraft:oak_stairs":2,"minecraft:stone_brick_stairs":3,"minecraft:dark_oak_trapdoor":6,"minecraft:gold_nugget":16,"minecraft:spruce_planks":55,"minecraft:iron_nugget":8,"minecraft:spruce_slab":10,"minecraft:poppy":1,"minecraft:birch_sapling":20,"minecraft:spruce_trapdoor":1,"minecraft:furnace":1,"minecraft:stick":32,"minecraft:green_bed":2,"minecraft:spruce_stairs":5,"quark:birch_chest":1,"minecraft:dark_oak_planks":38,"minecraft:smooth_sandstone_slab":32,"minecraft:arrow":1,"minecraft:rotten_flesh":12,"minecraft:cyan_terracotta":3,"apocalypsenow:black_football_armor_helmet":1,"minecraft:white_terracotta":41,"minecraft:cobblestone":27,"minecraft:birch_log":29,"rocks:starfish":2,"minecraft:leather":1,"minecraft:black_bed":2,"minecraft:smoker":2,"minecraft:birch_planks":64,"minecraft:tuff":2,"minecraft:gunpowder":1,"minecraft:lapis_lazuli":3,"minecraft:map":1,"minecraft:blue_bed":1,"minecraft:dirt":149,"apocalypsenow:cooked_human_flesh":1,"minecraft:kelp":10,"minecraft:wheat_seeds":5,"apocalypsenow:human_flesh":14,"minecraft:iron_ingot":8,"embellishcraft:marble_cobblestone":2,"minecraft:oak_planks":1,"minecraft:dark_oak_stairs":40,"minecraft:dark_oak_slab":1,"minecraft:birch_boat":1,"minecraft:stone_brick_slab":9,"car:canola_seeds":1,"minecraft:sand":22,"minecraft:dark_oak_log":3,"minecraft:light_gray_concrete":54,"minecraft:polished_andesite":17,"minecraft:diamond":2,"immersiveengineering:seed":2,"minecraft:emerald":8,"rocks:cobblestone_splitter":1,"minecraft:red_concrete":2,"minecraft:dark_oak_fence":2,"minecraft:bricks":1,"minecraft:coal":20},"minecraft:killed":{"zombiemobs:zombie_turtle":1,"apocalypsenow:runner_41":1,"apocalypsenow:runner_53":1,"zombiemobs:zombie_cow":1,"undead_revamp2:theordure":1},"minecraft:killed_by":{"mutationcraft:assimilated_horse":2,"mutationcraft:assimilated_pig":1,"minecraft:creeper":1,"minecraft:spider":2,"zombiemobs:zombie_fox":1,"hordes:zombie_player":2,"zombiemobs:zombie_dolphin":1,"apocalypsenow:runner_43":1,"mutationcraft:assimilated_cow":1,"apocalypsenow:runner_50":1,"apocalypsenow:runner_35":1,"minecraft:bee":1,"undead_revamp2:thehunter":5,"minecraft:skeleton":5,"mutationcraft:necroptor":5,"minecraft:zombie":1,"zombiemobs:zombie_turtle":5,"mutationcraft:assimilated_witch":1,"undead_revamp2:thepregnant":1,"mutationcraft:assimilated_roamer":5,"mutationcraft:developed_roamer":1,"mutationcraft:assimilated_enderman":6,"zombiemobs:zombie_llama":1},"minecraft:crafted":{"quark:birch_chest":1,"minecraft:campfire":1,"minecraft:air":96,"apocalypsenow:cooked_human_flesh":3},"minecraft:dropped":{"minecraft:birch_planks":1,"minecraft:wheat_seeds":2,"apocalypsenow:sack_helmet":1},"minecraft:custom":{"lootr:looted_stat":22,"minecraft:mob_kills":8,"minecraft:interact_with_crafting_table":12,"minecraft:open_barrel":5,"minecraft:interact_with_campfire":3,"minecraft:leave_game":3,"minecraft:time_since_death":13184,"minecraft:climb_one_cm":363,"minecraft:damage_resisted":12,"minecraft:sprint_one_cm":252335,"minecraft:walk_one_cm":271368,"minecraft:drop":3,"minecraft:play_time":116391,"minecraft:deaths":55,"minecraft:sneak_time":4884,"minecraft:walk_under_water_one_cm":19658,"minecraft:boat_one_cm":25594,"minecraft:jump":1285,"minecraft:walk_on_water_one_cm":40142,"minecraft:total_world_time":116391,"minecraft:interact_with_furnace":6,"minecraft:sleep_in_bed":1,"minecraft:time_since_rest":9950,"minecraft:damage_taken":13341,"minecraft:damage_dealt":1739,"minecraft:swim_one_cm":50200,"minecraft:fly_one_cm":168530,"minecraft:player_kills":1,"minecraft:open_chest":19,"minecraft:crouch_one_cm":13052,"minecraft:fall_one_cm":47273},"minecraft:used":{"rocks:starfish":1,"sophisticatedbackpacks:iron_backpack":1,"quark:birch_chest":2,"apocalypsenow:spiked_baseball_bat":15,"minecraft:spruce_planks":9,"minecraft:white_terracotta":41,"minecraft:iron_sword":9,"zombie_extreme:vodka":1,"minecraft:dirt":68,"apocalypsenow:rusty_machete":5,"minecraft:stone_brick_slab":4,"minecraft:wooden_axe":6,"minecraft:cyan_terracotta":3,"minecraft:bricks":1,"apocalypsenow:baseball_bat":4,"apocalypsenow:jet_pilot_helmet":1,"minecraft:furnace":1,"apocalypsenow:black_football_armor_helmet":1,"apocalypsenow:black_football_armor_chestplate":1,"minecraft:dark_oak_stairs":11,"minecraft:birch_planks":25,"minecraft:smooth_sandstone_slab":19,"minecraft:birch_boat":3,"minecraft:wooden_pickaxe":31,"minecraft:green_bed":2,"zombie_extreme:chips":1,"apocalypsenow:black_football_armor_leggings":1,"minecraft:dark_oak_trapdoor":2,"minecraft:sand":9,"minecraft:crafting_table":3,"zombie_extreme:golf_club":3,"minecraft:campfire":1,"minecraft:black_bed":1,"apocalypsenow:long_knife":2,"minecraft:light_gray_concrete":34,"apocalypsenow:red_bikers_helmet":1,"apocalypsenow:civilian_body_vest_chestplate":1,"minecraft:birch_log":3},"minecraft:mined":{"minecraft:dark_oak_planks":18,"minecraft:spruce_planks":84,"minecraft:quartz_stairs":3,"minecraft:jungle_leaves":2,"minecraft:dark_oak_log":3,"rocks:starfish":1,"minecraft:spruce_trapdoor":5,"minecraft:dark_oak_fence":1,"minecraft:grass_block":48,"minecraft:spruce_fence":4,"minecraft:brick_stairs":3,"minecraft:light_gray_bed":2,"minecraft:cartography_table":2,"rocks:rock":2,"minecraft:kelp":4,"minecraft:dark_oak_trapdoor":5,"minecraft:stripped_spruce_log":3,"minecraft:dark_oak_stairs":15,"rocks:birch_stick":2,"minecraft:oak_stairs":6,"minecraft:quartz_slab":2,"minecraft:light_gray_concrete":69,"minecraft:stone":9,"minecraft:spruce_slab":19,"minecraft:green_bed":1,"minecraft:glass_pane":5,"minecraft:quartz_block":1,"lootr:lootr_chest":2,"embellishcraft:marble":2,"minecraft:cyan_terracotta":6,"minecraft:kelp_plant":1,"minecraft:smoker":5,"minecraft:stone_brick_slab":69,"minecraft:crafting_table":3,"minecraft:note_block":1,"minecraft:red_concrete":29,"minecraft:oak_planks":12,"minecraft:bricks":59,"minecraft:blue_bed":1,"minecraft:spruce_stairs":4,"minecraft:white_terracotta":34,"minecraft:birch_planks":35,"minecraft:birch_log":32,"minecraft:birch_leaves":360,"minecraft:black_bed":2,"minecraft:stone_brick_stairs":6,"minecraft:grass":2,"minecraft:coal_ore":13,"minecraft:cocoa":1,"minecraft:sand":13,"minecraft:dirt":106,"minecraft:cobweb":3,"minecraft:polished_andesite":52,"minecraft:oak_leaves":3,"minecraft:redstone_lamp":1}},"DataVersion":2975}