{"stats":{"minecraft:mined":{"car:gas_station":1,"minecraft:white_bed":3,"another_furniture:oak_shelf":3,"farmersdelight:canvas_rug":1,"minecraft:stone_brick_wall":14,"minecraft:light_gray_bed":4,"pfm:white_simple_sofa":10,"apocalypsenow:bear_trap":1,"biomesoplenty:orange_sandstone":14,"minecraft:spawner":61,"simplylight:illuminant_block_on":1,"pfm:white_shower_towel":1,"immersiveengineering:connector_lv":6,"minecraft:quartz_slab":1,"simplylight:rodlamp":10,"apocalypsenow:construction_barricade":3,"cfm:stripped_birch_chair":6,"minecraft:iron_block":41,"create:mechanical_press":1,"create:cogwheel":2,"apocalypsenow:metal_shelves":1,"minecraft:smoker":1,"farmersdelight:potato_crate":1,"immersiveengineering:metal_barrel":4,"minecraft:torch":6,"quark:charcoal_block":1,"farmersdelight:cabbage_crate":1,"minecraft:blast_furnace":2,"minecraft:polished_andesite_stairs":8,"quark:framed_glass_pane":11,"create:birch_window_pane":1,"minecraft:bricks":2,"quark:light_gray_stool":2,"create:cuckoo_clock":1,"immersiveengineering:storage_steel":3,"minecraft:light_gray_stained_glass":2,"storagedrawers:oak_full_drawers_1":1,"quark:paper_wall_big":4,"minecraft:grass":4,"create:vertical_framed_glass_pane":3,"another_furniture:light_gray_curtain":27,"minecraft:smooth_quartz":3,"zombie_extreme:drinks_vending_machine":1,"simplylight:illuminant_block":3,"minecraft:stonecutter":1,"quark:iron_ladder":4,"farmersdelight:basket":2,"biomesoplenty:desert_grass":2,"minecraft:stripped_birch_log":1,"create:fluid_tank":6,"biomesoplenty:dune_grass":4,"embellishcraft:plate":1,"create:shaft":1,"cold_sweat:hearth_bottom":1,"createdeco:cast_iron_mesh_fence":22,"simplylight:illuminant_slab":4,"minecraft:cobblestone_slab":11,"create:deployer":2,"biomesoplenty:umbran_door":1,"create_central_kitchen:blaze_stove":1,"immersiveengineering:floodlight":3,"quark:oak_chest":4,"pfm:basic_sink":1,"create:fluid_pipe":7,"create:mechanical_pump":8,"createbigcannons:traffic_cone":5,"create:framed_glass_door":2,"pfm:wall_toilet_paper":1,"immersiveengineering:concrete":21,"another_furniture:service_bell":2,"farmersdelight:skillet":2,"minecraft:coarse_dirt":69,"immersiveengineering:tank":1,"minecraft:gravel":17,"minecraft:oak_button":1,"minecraft:acacia_planks":7,"minecraft:stone_bricks":70,"minecraft:iron_trapdoor":2,"immersiveengineering:treated_fence":4,"embellishcraft:sturdy_steel_door":11,"minecraft:oak_sapling":1,"minecraft:farmland":1,"immersiveengineering:fluid_pipe":3,"quark:stripped_birch_post":20,"minecraft:cobblestone_stairs":2,"apocalypsenow:safe":3,"farmersdelight:tomato_crate":1,"minecraft:brewing_stand":2,"minecraft:grass_block":15,"buildersdelight:lantern_4":1,"pfm:white_stove":3,"buildersdelight:industrial_flat_2":2,"comforts:sleeping_bag_white":1,"minecraft:smooth_stone":3,"buildersdelight:lantern_6":2,"minecraft:brown_bed":3,"pfm:white_fridge":2,"minecraft:iron_bars":2,"another_furniture:lime_lamp":1,"another_furniture:white_lamp":2,"minecraft:quartz_block":4,"lootr:lootr_chest":2,"minecraft:cyan_terracotta":6,"createdeco:locked_cast_iron_door":1,"cfm:stripped_birch_upgraded_fence":9,"minecraft:poppy":4,"minecraft:chest":12,"embellishcraft:polished_marble":4,"cold_sweat:boiler":3,"quark:gray_framed_glass":21,"minecraft:cobblestone":50,"minecraft:oak_planks":4,"createaddition:barbed_wire":63,"minecraft:iron_door":14,"minecraft:wall_torch":8,"create:glass_fluid_pipe":1,"pfm:basic_toilet":1,"immersiveengineering:connector_mv":3,"farmersdelight:cutting_board":1,"minecraft:light_gray_wool":66,"biomesoplenty:umbran_log":4,"create:spout":1,"minecraft:smooth_stone_slab":13,"apocalypsenow:beartrapneutral":1,"immersiveengineering:fluid_pump":1,"minecraft:oak_log":7,"pfm:concrete_kitchen_sink":1,"minecraft:sand":1,"minecraft:dirt":2,"another_furniture:spruce_planter_box":3,"cfm:cyan_kitchen_counter":8,"minecraft:oak_leaves":2,"immersiveengineering:workbench":6,"minecraft:emerald_block":8,"trashcans:item_trash_can":1,"immersiveengineering:cloche":2,"minecraft:gray_stained_glass_pane":9,"simplylight:illuminant_panel":1,"immersiveengineering:concrete_quarter":49,"minecraft:white_stained_glass":1,"create:depot":3,"cfm:brown_grill":1,"minecraft:spruce_leaves":3,"quark:bamboo_mat":60,"rocks:rock":1,"ag_day_counter:calendar":1,"cfm:stripped_dark_oak_mail_box":1,"minecraft:hay_block":29,"immersiveengineering:dynamo":4,"immersivepetroleum:asphalt":68,"minecraft:furnace":5,"immersiveengineering:hemp":9,"farmersdelight:spruce_cabinet":1,"minecraft:gold_block":17,"embellishcraft:warning_steel_door":1,"minecraft:lantern":3,"minecraft:stone":492,"immersiveengineering:craftingtable":2,"farmersdelight:cooking_pot":3,"pfm:white_freezer":3,"quark:smooth_stone_vertical_slab":5,"immersiveengineering:sheetmetal_iron":34,"quark:paper_lantern_sakura":4,"biomesoplenty:orange_sand":34,"car:gas_station_top":1,"minecraft:crafting_table":2,"minecraft:cyan_stained_glass_pane":2,"minecraft:gray_stained_glass":11,"farmersdelight:carrot_crate":1,"cfm:spruce_blinds":7,"embellishcraft:gneiss_large_bricks_wall":12,"biomesoplenty:sprout":4,"minecraft:gray_wool":1,"apocalypsenow:broken_plasma_tv":1,"embellishcraft:smooth_marble":53,"immersiveengineering:steel_scaffolding_standard":10,"minecraft:coal_ore":3,"quark:oak_hedge":6,"farmersdelight:stove":1},"minecraft:killed":{"zombie_extreme:infected_hazmat":1,"minecraft:zombie":292,"zombiemobs:zombie_horsee":1,"zombiemobs:zombie_sheep":1,"undead_revamp2:bomber":6,"zombie_extreme:demolisher":1,"zombiemobs:zombie_wolf":1,"zombie_extreme:runner":15,"zombiemobs:zombie_cow":1,"zombie_extreme:crawler":6,"minecraft:husk":84,"zombie_extreme:infected_military":2,"undead_revamp2:the_moonflower":27,"undead_revamp2:thesmoker":31,"mutationcraft:human_stage_1":1,"undead_revamp2:crackleball":3,"undead_revamp2:theordure":3,"minecraft:trader_llama":2,"zombie_extreme:infected_police":5,"alexsmobs:fly":2,"minecraft:blaze":2,"crittersandcompanions:otter":1,"minecraft:drowned":6},"minecraft:broken":{"minecraft:iron_pickaxe":4,"apocalypsenow:tatical_mace":1},"minecraft:killed_by":{"minecraft:zombie":1,"mutationcraft:the_intoxicator":1,"zombie_extreme:runner":2,"undead_revamp2:thesmoker":1,"zombiemobs:zombie_squid":1},"minecraft:crafted":{"minecraft:smooth_stone":3,"immersiveengineering:fluid_pipe":8,"minecraft:lever":1,"create:cogwheel":3,"tac:uzi":1,"immersiveengineering:slab_treated_wood_horizontal":12,"minecraft:copper_ingot":56,"minecraft:gold_ingot":18,"immersiveengineering:fluid_pump":1,"immersiveengineering:coil_lv":1,"minecraft:stone_pickaxe":1,"immersiveengineering:treated_fence":3,"minecraft:white_bed":1,"camera:image_frame":3,"create:shaft":8,"tac:mk23":1,"immersiveengineering:manual":1,"minecraft:stone":6,"immersiveengineering:cloche":1,"minecraft:chest":1,"minecraft:oak_button":1,"minecraft:stone_hoe":1,"minecraft:item_frame":3,"minecraft:crafting_table":4,"immersiveengineering:wire_copper":2,"minecraft:stick":8,"minecraft:iron_ingot":9,"immersiveengineering:connector_mv":4,"immersiveengineering:stick_treated":12,"minecraft:leather":33,"minecraft:iron_axe":1,"immersiveengineering:waterwheel_segment":4,"immersiveengineering:wirecutter":1,"tac:round45":36,"create:hand_crank":1,"immersiveengineering:watermill":1,"minecraft:air":998,"minecraft:white_wool":12,"tac:m1911":1,"firstaid:bandage":1,"immersiveengineering:craftingtable":1},"minecraft:custom":{"minecraft:interact_with_crafting_table":111,"minecraft:open_barrel":7,"minecraft:eat_cake_slice":8,"minecraft:leave_game":9,"minecraft:time_since_death":20610,"minecraft:use_bathtub":1,"minecraft:play_time":762490,"minecraft:deaths":21,"minecraft:jump":3926,"minecraft:interact_with_furnace":29,"minecraft:traded_with_villager":6,"minecraft:stove_opened":7,"minecraft:sleep_in_bed":18,"minecraft:damage_dealt":46573,"minecraft:interact_with_smoker":1,"minecraft:fridge_opened":11,"minecraft:chair_used":1,"minecraft:damage_dealt_absorbed":435,"minecraft:sneak_time":24088,"minecraft:interact_with_blast_furnace":5,"minecraft:drawer_searched":36,"minecraft:total_world_time":762490,"minecraft:trashcan_opened":1,"minecraft:cabinet_searched":6,"minecraft:time_since_rest":10039,"minecraft:swim_one_cm":30873,"minecraft:fly_one_cm":716547,"minecraft:freezer_opened":13,"minecraft:open_chest":479,"minecraft:fall_one_cm":82242,"lootr:looted_stat":122,"minecraft:animals_bred":2,"minecraft:sprint_one_cm":1829846,"minecraft:drop":147,"minecraft:talked_to_villager":25,"minecraft:walk_on_water_one_cm":28860,"minecraft:player_kills":2,"minecraft:crouch_one_cm":54151,"minecraft:mob_kills":536,"minecraft:interact_with_campfire":21,"minecraft:damage_dealt_resisted":2205,"minecraft:climb_one_cm":170122,"minecraft:walk_one_cm":2468975,"minecraft:walk_under_water_one_cm":21546,"minecraft:boat_one_cm":1388,"minecraft:toilet_used":1,"minecraft:damage_taken":10114},"minecraft:dropped":{"createdeco:yellow_decal":1,"minecraft:glass_bottle":6,"minecraft:diamond":1,"minecraft:item_frame":3,"sophisticatedbackpacks:gold_backpack":1,"quark:light_gray_shard":5,"apocalypsenow:construction_helmet":1,"embellishcraft:polished_marble":2,"minecraft:bone":6,"minecraft:sugar_cane":1,"apocalypsenow:small_can":3,"camera:image":8,"minecraft:rotten_flesh":24,"minecraft:oak_planks":32,"camera:camera":4,"tac:deagle_357":1,"camera:album":1,"tac:glock_18":1,"minecraft:cobblestone":6,"refinedstorage:16k_storage_part":2,"apocalypsenow:forestguard_boots":1,"tac:mk23":1,"minecraft:ink_sac":1,"minecraft:potion":5,"minecraft:string":12,"minecraft:lily_pad":2,"minecraft:acacia_planks":1,"tac:mp7":1,"minecraft:bowl":3,"create:mechanical_pump":1,"simplylight:illuminant_block_on":1,"easy_villagers:villager":1,"minecraft:oak_log":9,"minecraft:lantern":2,"minecraft:leather":2,"another_furniture:lime_lamp":1,"create:fluid_pipe":2,"apocalypsenow:construction_boots":2,"embellishcraft:sturdy_steel_door":1,"minecraft:poppy":18,"minecraft:iron_bars":2,"apocalypsenow:human_flesh":7,"quark:smooth_stone_vertical_slab":4,"quark:gray_shard":9,"minecraft:torch":11,"alexsmobs:maggot":3,"embellishcraft:smooth_marble":1,"apocalypsenow:police_chestplate":1,"quark:white_shard":4,"apocalypsenow:apple_juice":1,"minecraft:shield":4,"minecraft:wooden_pickaxe":2,"firstaid:plaster":10},"minecraft:picked_up":{"tac:mk23":1,"embellishcraft:warning_steel_door":1,"create:spout":1,"minecraft:lead":1,"minecraft:brown_bed":3,"camera:camera":4,"minecraft:brewing_stand":2,"create:bar_of_chocolate":3,"farmersdelight:cutting_board":2,"another_furniture:service_bell":2,"another_furniture:oak_shelf":3,"minecraft:string":815,"quark:paper_wall_big":4,"farmersdelight:apple_pie":2,"create:sweet_roll":3,"cfm:spruce_blinds":7,"minecraft:dark_oak_door":1,"farmersdelight:potato_crate":1,"embellishcraft:smooth_marble":48,"pfm:white_stove":3,"minecraft:acacia_log":29,"apocalypsenow:open_canned_carrot":1,"quark:charcoal_block":1,"simplylight:illuminant_block_on":2,"apocalypsenow:fire_figther_leggings":7,"farmersdelight:melon_popsicle":4,"easy_villagers:villager":1,"minecraft:light_gray_bed":1,"createaddition:barbed_wire":62,"cfm:stripped_dark_oak_mail_box":1,"minecraft:iron_block":46,"minecraft:cyan_terracotta":3,"apocalypsenow:police_chestplate":2,"apocalypsenow:police_boots":1,"apocalypsenow:gasmask_helmet":1,"minecraft:blaze_rod":1,"farmersdelight:melon_juice":13,"minecraft:iron_bars":2,"apocalypsenow:blue_football_armor_leggings":2,"immersiveengineering:concrete_quarter":47,"minecraft:iron_door":11,"minecraft:smoker":1,"quark:iron_ladder":4,"minecraft:flint":3,"immersivepetroleum:asphalt":66,"trashcans:item_trash_can":1,"pfm:white_shower_towel":1,"farmersdelight:carrot_crate":1,"minecraft:lantern":5,"farmersdelight:tomato":12,"minecraft:stonecutter":1,"apocalypsenow:human_flesh":14,"create:shaft":1,"another_furniture:white_lamp":2,"apocalypsenow:electric_baton":1,"immersiveengineering:blueprint":1,"quark:light_gray_stool":2,"apocalypsenow:u_sarmy_chestplate":2,"quark:smooth_stone_vertical_slab":5,"farmersdelight:spruce_cabinet":1,"apocalypsenow:black_motorcycle_helmet_helmet":2,"minecraft:ink_sac":1,"apocalypsenow:dagger":2,"minecraft:granite":2,"pfm:white_simple_sofa":10,"create:framed_glass_door":2,"alexsmobs:maggot":7,"apocalypsenow:construction_helmet":4,"minecraft:bricks":2,"sophisticatedbackpacks:gold_backpack":1,"minecraft:coarse_dirt":69,"minecraft:crafting_table":2,"apocalypsenow:fire_figther_boots":5,"tac:glock_18":1,"buildersdelight:lantern_4":1,"minecraft:leather_leggings":1,"zombie_extreme:drinks_vending_machine":1,"apocalypsenow:u_sarmy_helmet":3,"immersiveengineering:manual":1,"simplylight:illuminant_slab":4,"create:fluid_pipe":8,"immersiveengineering:fluid_pump":1,"apocalypsenow:construction_boots":4,"minecraft:poppy":65,"immersiveengineering:treated_fence":4,"embellishcraft:sturdy_steel_door":12,"farmersdelight:canvas_rug":1,"minecraft:chest":15,"cfm:brown_grill":1,"farmersdelight:cabbage_crate":1,"minecraft:carrot":3,"immersiveengineering:concrete":19,"buildersdelight:industrial_flat_2":2,"immersiveengineering:cloche":2,"minecraft:hay_block":29,"farmersdelight:hamburger":4,"create:depot":4,"biomesoplenty:orange_sand":23,"immersiveengineering:metal_barrel":4,"immersiveengineering:dynamo":4,"embellishcraft:polished_marble":3,"minecraft:oak_log":27,"minecraft:lily_pad":2,"cfm:stripped_birch_chair":6,"farmersdelight:skillet":1,"embellishcraft:gneiss_large_bricks_wall":8,"embellishcraft:plate":2,"apocalypsenow:u_sarmy_leggings":4,"apocalypsenow:construction_leggings":2,"minecraft:stone_bricks":57,"farmersdelight:cooking_pot":3,"solcarrot:food_book":2,"apocalypsenow:money":11,"quark:paper_lantern_sakura":4,"apocalypsenow:fire_figther_helmet":2,"minecraft:glass_bottle":11,"cfm:stripped_birch_upgraded_fence":9,"biomesoplenty:umbran_log":4,"quark:light_gray_shard":14,"minecraft:polished_andesite_stairs":8,"quark:white_shard":4,"minecraft:sweet_berries":3,"minecraft:gravel":21,"apocalypsenow:police_leggings":2,"minecraft:spruce_sapling":1,"minecraft:leather_helmet":1,"pfm:basic_sink":1,"apocalypsenow:metal_shelves":1,"tac:mp7":1,"immersiveengineering:seed":22,"pfm:wall_toilet_paper":1,"immersiveengineering:wirecoil_copper":5,"apocalypsenow:bear_trap":2,"ag_day_counter:calendar":1,"quark:oak_hedge":6,"create:mechanical_pump":8,"minecraft:gray_wool":1,"minecraft:oak_button":1,"immersiveengineering:connector_mv":3,"quark:gray_framed_glass":23,"minecraft:iron_trapdoor":1,"immersiveengineering:craftingtable":2,"minecraft:potion":18,"pfm:white_freezer":3,"minecraft:smooth_stone_slab":13,"create:mechanical_press":1,"minecraft:smooth_stone":3,"comforts:sleeping_bag_white":9,"minecraft:rose_bush":3,"minecraft:cobblestone_slab":11,"quark:black_shard":3,"minecraft:iron_pickaxe":1,"minecraft:furnace":5,"minecraft:stick":4,"simplylight:illuminant_panel":1,"minecraft:torch":24,"minecraft:dried_kelp":2,"car:gas_station":1,"camera:album":1,"immersiveengineering:fluid_pipe":3,"minecraft:quartz_block":1,"another_furniture:lime_lamp":3,"minecraft:cactus":2,"farmersdelight:tomato_crate":1,"minecraft:rotten_flesh":477,"createaddition:chocolate_cake":6,"minecraft:cobblestone":540,"apocalypsenow:u_sarmy_boots":1,"tac:round45":60,"simplylight:rodlamp":10,"create:fluid_tank":6,"pfm:concrete_kitchen_sink":1,"minecraft:potato":6,"apocalypsenow:construction_chestplate":2,"minecraft:stripped_birch_log":1,"farmersdelight:chicken_sandwich":5,"immersiveengineering:sheetmetal_iron":35,"minecraft:dirt":19,"minecraft:leather_boots":1,"immersiveengineering:hemp_fiber":39,"minecraft:bone":640,"minecraft:acacia_planks":14,"pfm:basic_toilet":1,"tac:9mm_round":117,"camera:image":7,"minecraft:oak_planks":36,"farmersdelight:basket":2,"apocalypsenow:small_can":6,"create:cogwheel":2,"create:cuckoo_clock":1,"createbigcannons:traffic_cone":6,"apocalypsenow:broken_plasma_tv":1,"minecraft:diamond":1,"minecraft:polished_blackstone_pressure_plate":1,"pfm:furniture_book":1,"minecraft:oak_sapling":4,"cold_sweat:boiler":3,"minecraft:wooden_pickaxe":2,"minecraft:stone_brick_wall":11,"farmersdelight:tomato_sauce":1,"minecraft:gold_block":15,"cold_sweat:hearth":1,"minecraft:shield":4,"minecraft:quartz_slab":1,"minecraft:item_frame":1,"quark:stripped_birch_post":20,"immersiveengineering:workbench":4,"minecraft:light_gray_wool":65,"minecraft:tinted_glass":3,"minecraft:sugar_cane":2,"apocalypsenow:construction_barricade":3,"createdeco:cast_iron_mesh_fence":22,"cfm:cyan_kitchen_counter":8,"refinedstorage:16k_storage_part":1,"createdeco:yellow_decal":3,"minecraft:bowl":1,"minecraft:stone_button":2,"create:hand_crank":3,"apocalypsenow:combat_knife":1,"apocalypsenow:forestguard_leggings":1,"tac:b_magnum":36,"create:deployer":2,"apocalypsenow:baseball_bat":3,"buildersdelight:lantern_6":2,"immersiveengineering:steel_scaffolding_standard":13,"biomesoplenty:orange_sandstone":10,"quark:bamboo_mat":60,"apocalypsenow:fire_figther_chestplate":4,"immersiveengineering:connector_lv":7,"another_furniture:spruce_planter_box":3,"minecraft:leather":53,"apocalypsenow:green_bikers_helmet":1,"biomesoplenty:umbran_door":1,"immersiveengineering:floodlight":3,"minecraft:cobblestone_stairs":2,"minecraft:gunpowder":7,"create:blaze_burner":1,"another_furniture:light_gray_curtain":27,"createdeco:locked_cast_iron_door":1,"farmersdelight:apple_cider":4,"minecraft:iron_ingot":4,"tac:deagle_357":2,"immersiveengineering:storage_steel":3,"simplylight:illuminant_block":2,"storagedrawers:oak_full_drawers_1":1,"tac:ae50":37,"minecraft:emerald_block":9,"minecraft:blast_furnace":2,"minecraft:white_bed":1,"pfm:white_fridge":2,"quark:oak_chest":4,"quark:framed_glass_pane":10,"apocalypsenow:safe":3,"quark:gray_shard":67,"farmersdelight:stove":1,"minecraft:coal":5},"minecraft:used":{"immersiveengineering:fluid_pump":2,"apocalypsenow:metal_shelves":1,"trashcans:item_trash_can":1,"quark:bamboo_mat":46,"cfm:stripped_birch_upgraded_fence":9,"minecraft:chest":31,"lootr:trophy":1,"apocalypsenow:chips":5,"immersiveengineering:craftingtable":2,"create:fluid_tank":4,"cfm:cyan_kitchen_counter":8,"apocalypsenow:safe":3,"minecraft:acacia_button":2,"minecraft:polished_andesite_stairs":1,"farmersdelight:melon_popsicle":2,"quark:paper_lantern_sakura":4,"another_furniture:spruce_planter_box":3,"immersiveengineering:concrete":10,"pfm:white_freezer":3,"minecraft:sweet_berries":7,"minecraft:furnace":5,"minecraft:oak_sapling":4,"apocalypsenow:combat_knife":36,"minecraft:acacia_fence":1,"minecraft:potato":19,"farmersdelight:hamburger":4,"simplylight:illuminant_slab":4,"minecraft:stripped_birch_log":1,"pfm:white_fridge":2,"pfm:white_stove":3,"minecraft:wooden_pickaxe":12,"quark:gray_framed_glass":8,"minecraft:cookie":16,"immersiveengineering:concrete_quarter":17,"embellishcraft:gneiss_large_bricks_wall":3,"minecraft:blast_furnace":2,"embellishcraft:warning_steel_door":1,"immersiveengineering:hammer":1,"farmersdelight:chocolate_pie":1,"farmersdelight:spruce_cabinet":1,"apocalypsenow:cereal":4,"another_furniture:oak_shelf":3,"embellishcraft:polished_marble":1,"camera:image_frame":3,"cfm:stripped_birch_chair":6,"immersiveengineering:connector_mv":5,"minecraft:tinted_glass":3,"create:cuckoo_clock":1,"quark:paper_wall_big":4,"minecraft:torch":144,"minecraft:brewing_stand":2,"apocalypsenow:grape_juice":2,"immersiveengineering:metal_barrel":4,"apocalypsenow:bear_trap":2,"createaddition:chocolate_cake":1,"immersiveengineering:workbench":5,"minecraft:iron_axe":219,"carryon:entity_item":24,"farmersdelight:cabbage_crate":1,"pfm:concrete_kitchen_sink":1,"farmersdelight:canvas_rug":1,"farmersdelight:cooking_pot":3,"create:fluid_pipe":8,"comforts:sleeping_bag_white":8,"car:gas_station":1,"minecraft:acacia_planks":118,"farmersdelight:potato_crate":1,"minecraft:water_bucket":48,"farmersdelight:tomato_crate":1,"pfm:basic_sink":1,"minecraft:fletching_table":1,"apocalypsenow:broken_plasma_tv":1,"immersiveengineering:floodlight":3,"create:blaze_burner":1,"minecraft:crafting_table":10,"minecraft:campfire":1,"minecraft:white_bed":2,"apocalypsenow:machete":56,"farmersdelight:apple_pie":2,"apocalypsenow:construction_barricade":3,"buildersdelight:industrial_flat_2":2,"farmersdelight:pasta_with_meatballs":3,"minecraft:oak_button":9,"minecraft:iron_pickaxe":1372,"cgm:grenade":1,"minecraft:spruce_sapling":1,"immersiveengineering:sheetmetal_iron":32,"minecraft:cobblestone":371,"minecraft:potion":55,"farmersdelight:egg_sandwich":2,"quark:oak_chest":6,"quark:smooth_stone_vertical_slab":1,"embellishcraft:sturdy_steel_door":7,"minecraft:iron_shovel":103,"immersiveengineering:seed":17,"farmersdelight:stove":1,"minecraft:shield":1,"quark:iron_ladder":4,"farmersdelight:melon_juice":4,"apocalypsenow:apple_juice":3,"create:cogwheel":2,"createdeco:cast_iron_mesh_fence":21,"immersiveengineering:connector_lv":8,"createbigcannons:traffic_cone":6,"embellishcraft:smooth_marble":22,"farmersdelight:tomato":12,"minecraft:cyan_terracotta":2,"pfm:white_simple_sofa":10,"immersiveengineering:watermill":1,"ag_day_counter:calendar":1,"another_furniture:light_gray_curtain":27,"simplylight:rodlamp":7,"minecraft:lantern":2,"minecraft:stone_bricks":24,"minecraft:item_frame":7,"carryon:tile_item":1,"farmersdelight:cutting_board":2,"cfm:stripped_dark_oak_mail_box":1,"embellishcraft:plate":2,"another_furniture:lime_lamp":2,"another_furniture:service_bell":2,"createdeco:locked_cast_iron_door":1,"quark:framed_glass_pane":7,"minecraft:stone_pickaxe":11,"minecraft:oak_planks":52,"pfm:wall_toilet_paper":1,"cfm:spruce_blinds":5,"simplylight:illuminant_block_on":1,"farmersdelight:chicken_sandwich":7,"quark:light_gray_stool":2,"biomesoplenty:umbran_door":4,"minecraft:stone_brick_wall":11,"minecraft:shears":63,"minecraft:lever":5,"easy_villagers:villager":3,"apocalypsenow:tatical_mace":761,"apocalypsenow:iron_baseball_bat":327,"minecraft:bread":8,"minecraft:string":2,"another_furniture:white_lamp":2,"minecraft:iron_door":3,"minecraft:gravel":12,"chalk:red_chalk":8,"pfm:white_shower_towel":1,"create:framed_glass_door":2,"minecraft:smooth_stone_slab":8,"immersiveengineering:wirecoil_copper":16,"minecraft:coarse_dirt":69,"minecraft:bone_meal":19,"storagedrawers:oak_full_drawers_1":2,"minecraft:flint_and_steel":1,"buildersdelight:lantern_6":2,"buildersdelight:lantern_4":1,"minecraft:stone_hoe":130,"create:mechanical_pump":7,"minecraft:dirt":16,"farmersdelight:carrot_crate":1,"immersiveengineering:fluid_pipe":7,"apocalypsenow:orange_juice":2,"alexsmobs:maggot":2,"cold_sweat:hearth":1,"immersiveengineering:treated_fence":2,"zombie_extreme:drinks_vending_machine":1,"minecraft:light_gray_wool":1,"biomesoplenty:orange_sandstone":6,"farmersdelight:basket":2,"quark:stripped_birch_post":20,"minecraft:light_gray_bed":1,"minecraft:brown_bed":3,"immersiveengineering:dynamo":5,"immersiveengineering:cloche":3,"minecraft:cobblestone_stairs":22,"farmersdelight:skillet":2,"minecraft:glass_bottle":20,"minecraft:stonecutter":1,"minecraft:cobblestone_slab":56,"createaddition:barbed_wire":77,"car:canister":73,"minecraft:smoker":1,"farmersdelight:apple_cider":5,"quark:oak_hedge":6,"cfm:brown_grill":1,"cold_sweat:boiler":3,"createdeco:yellow_decal":2,"apocalypsenow:open_canned_carrot":1,"minecraft:bucket":48,"create:hand_crank":3,"pfm:basic_toilet":1,"minecraft:gray_wool":1}},"DataVersion":2975}