{"stats":{"minecraft:picked_up":{"minecraft:birch_log":29,"minecraft:birch_door":2,"minecraft:crafting_table":1,"minecraft:black_bed":2,"minecraft:redstone_lamp":3,"minecraft:leather":1,"minecraft:smoker":2,"minecraft:oak_stairs":2,"minecraft:birch_planks":8,"minecraft:stone_brick_stairs":3,"minecraft:gunpowder":1,"minecraft:dirt":45,"minecraft:blue_bed":1,"minecraft:kelp":2,"apocalypsenow:human_flesh":10,"minecraft:spruce_planks":27,"minecraft:iron_ingot":2,"minecraft:spruce_slab":6,"minecraft:poppy":1,"minecraft:spruce_trapdoor":1,"minecraft:birch_sapling":12,"minecraft:oak_planks":1,"minecraft:stick":18,"minecraft:stone_brick_slab":9,"car:canola_seeds":1,"minecraft:smooth_sandstone_slab":32,"minecraft:polished_andesite":17,"minecraft:arrow":1,"minecraft:rotten_flesh":12,"immersiveengineering:seed":2,"minecraft:cyan_terracotta":3,"apocalypsenow:black_football_armor_helmet":1,"minecraft:white_terracotta":7,"rocks:cobblestone_splitter":1,"minecraft:red_concrete":2,"minecraft:bricks":1},"minecraft:killed":{"undead_revamp2:theordure":1,"apocalypsenow:runner_41":1,"apocalypsenow:runner_53":1,"zombiemobs:zombie_cow":1},"minecraft:killed_by":{"undead_revamp2:thehunter":5,"mutationcraft:assimilated_horse":2,"mutationcraft:assimilated_pig":1,"minecraft:skeleton":5,"mutationcraft:necroptor":5,"minecraft:creeper":1,"minecraft:spider":2,"minecraft:zombie":1,"zombiemobs:zombie_turtle":2,"zombiemobs:zombie_fox":1,"hordes:zombie_player":2,"mutationcraft:assimilated_witch":1,"undead_revamp2:thepregnant":1,"mutationcraft:assimilated_roamer":5,"apocalypsenow:runner_43":1,"mutationcraft:assimilated_cow":1,"apocalypsenow:runner_50":1,"mutationcraft:developed_roamer":1,"mutationcraft:assimilated_enderman":6,"apocalypsenow:runner_35":1,"minecraft:bee":1,"zombiemobs:zombie_llama":1},"minecraft:crafted":{"minecraft:air":81},"minecraft:dropped":{"minecraft:birch_planks":1,"apocalypsenow:sack_helmet":1},"minecraft:mined":{"minecraft:spruce_planks":65,"lootr:lootr_chest":2,"minecraft:glass_pane":5,"minecraft:quartz_block":1,"minecraft:cyan_terracotta":6,"minecraft:quartz_stairs":3,"minecraft:kelp_plant":1,"minecraft:smoker":5,"minecraft:stone_brick_slab":69,"minecraft:crafting_table":1,"minecraft:spruce_trapdoor":5,"minecraft:note_block":1,"minecraft:grass_block":3,"minecraft:brick_stairs":3,"minecraft:light_gray_bed":2,"minecraft:kelp":1,"minecraft:cartography_table":2,"minecraft:red_concrete":29,"rocks:rock":2,"minecraft:oak_planks":12,"minecraft:bricks":59,"minecraft:blue_bed":1,"minecraft:birch_planks":8,"minecraft:birch_log":32,"minecraft:birch_leaves":360,"minecraft:stripped_spruce_log":3,"minecraft:black_bed":2,"minecraft:stone_brick_stairs":6,"minecraft:grass":2,"rocks:birch_stick":2,"minecraft:oak_stairs":6,"minecraft:quartz_slab":2,"minecraft:dirt":13,"minecraft:cobweb":3,"minecraft:polished_andesite":52,"minecraft:spruce_slab":18,"minecraft:redstone_lamp":1},"minecraft:custom":{"lootr:looted_stat":20,"minecraft:mob_kills":6,"minecraft:interact_with_crafting_table":3,"minecraft:open_barrel":5,"minecraft:leave_game":2,"minecraft:time_since_death":1015,"minecraft:damage_resisted":12,"minecraft:climb_one_cm":147,"minecraft:time_since_rest":1043,"minecraft:sprint_one_cm":241606,"minecraft:damage_taken":12329,"minecraft:walk_one_cm":212002,"minecraft:drop":2,"minecraft:damage_dealt":1094,"minecraft:swim_one_cm":35369,"minecraft:fly_one_cm":159469,"minecraft:open_chest":2,"minecraft:crouch_one_cm":8644,"minecraft:play_time":76982,"minecraft:deaths":51,"minecraft:sneak_time":3718,"minecraft:walk_under_water_one_cm":10380,"minecraft:boat_one_cm":22150,"minecraft:jump":1106,"minecraft:walk_on_water_one_cm":17605,"minecraft:total_world_time":76982,"minecraft:fall_one_cm":44889},"minecraft:used":{"apocalypsenow:black_football_armor_chestplate":1,"minecraft:birch_planks":25,"minecraft:smooth_sandstone_slab":19,"apocalypsenow:spiked_baseball_bat":15,"minecraft:birch_boat":1,"minecraft:white_terracotta":7,"zombie_extreme:vodka":1,"zombie_extreme:chips":1,"apocalypsenow:black_football_armor_leggings":1,"minecraft:dirt":33,"minecraft:crafting_table":2,"apocalypsenow:rusty_machete":5,"minecraft:black_bed":1,"minecraft:stone_brick_slab":4,"apocalypsenow:long_knife":2,"minecraft:cyan_terracotta":3,"minecraft:bricks":1,"apocalypsenow:baseball_bat":4,"apocalypsenow:red_bikers_helmet":1,"apocalypsenow:civilian_body_vest_chestplate":1,"apocalypsenow:black_football_armor_helmet":1,"minecraft:birch_log":3}},"DataVersion":2975}