{"stats":{"minecraft:picked_up":{"minecraft:stick":1,"minecraft:purple_bed":2,"minecraft:spruce_log":5,"minecraft:blue_bed":1},"minecraft:custom":{"minecraft:time_since_rest":4659,"minecraft:interact_with_smithing_table":1,"minecraft:play_time":4659,"minecraft:sprint_one_cm":23073,"lootr:looted_stat":3,"minecraft:walk_one_cm":17657,"minecraft:sneak_time":4,"minecraft:walk_under_water_one_cm":61,"minecraft:jump":26,"minecraft:time_since_death":4659,"minecraft:walk_on_water_one_cm":281,"minecraft:climb_one_cm":424,"minecraft:total_world_time":4659,"minecraft:swim_one_cm":545,"minecraft:talked_to_villager":1,"minecraft:interact_with_crafting_table":1,"minecraft:fall_one_cm":1111,"minecraft:fly_one_cm":9970},"minecraft:crafted":{"minecraft:spruce_planks":20,"minecraft:air":10},"minecraft:mined":{"minecraft:purple_bed":2,"minecraft:spruce_leaves":1,"minecraft:spruce_log":5,"minecraft:blue_bed":1}},"DataVersion":2975}