{"stats":{"minecraft:picked_up":{"minecraft:stick":5,"minecraft:crafting_table":1,"minecraft:birch_planks":4,"minecraft:gunpowder":1,"minecraft:blue_bed":1,"minecraft:dirt":1,"minecraft:rotten_flesh":4,"immersiveengineering:seed":1,"apocalypsenow:human_flesh":5,"minecraft:iron_ingot":2,"minecraft:poppy":1,"minecraft:birch_sapling":2},"minecraft:killed":{"undead_revamp2:theordure":1,"apocalypsenow:runner_41":1,"apocalypsenow:runner_53":1},"minecraft:killed_by":{"zombiemobs:zombie_fox":1,"undead_revamp2:thehunter":3,"hordes:zombie_player":2,"mutationcraft:necroptor":2,"minecraft:spider":2,"minecraft:zombie":1},"minecraft:mined":{"minecraft:crafting_table":1,"minecraft:grass_block":1,"rocks:birch_stick":2,"minecraft:blue_bed":1},"minecraft:used":{"apocalypsenow:long_knife":2,"minecraft:birch_planks":4,"apocalypsenow:baseball_bat":4,"apocalypsenow:spiked_baseball_bat":15,"minecraft:dirt":1,"apocalypsenow:civilian_body_vest_chestplate":1},"minecraft:custom":{"minecraft:time_since_rest":4797,"lootr:looted_stat":9,"minecraft:sprint_one_cm":76740,"minecraft:damage_taken":3094,"minecraft:walk_one_cm":65052,"minecraft:mob_kills":3,"minecraft:damage_dealt":439,"minecraft:fly_one_cm":42668,"minecraft:open_barrel":2,"minecraft:open_chest":1,"minecraft:crouch_one_cm":684,"minecraft:play_time":23680,"minecraft:deaths":12,"minecraft:sneak_time":229,"minecraft:jump":282,"minecraft:leave_game":2,"minecraft:time_since_death":4765,"minecraft:total_world_time":23680,"minecraft:damage_resisted":12,"minecraft:fall_one_cm":10358}},"DataVersion":2975}