{"stats":{"minecraft:picked_up":{"minecraft:crafting_table":1,"minecraft:rotten_flesh":2,"apocalypsenow:human_flesh":1,"minecraft:blue_bed":1},"minecraft:killed_by":{"hordes:zombie_player":1,"minecraft:zombie":1},"minecraft:killed":{"apocalypsenow:runner_53":1,"apocalypsenow:runner_41":1},"minecraft:mined":{"minecraft:blue_bed":1,"minecraft:crafting_table":1},"minecraft:used":{"apocalypsenow:long_knife":2,"apocalypsenow:spiked_baseball_bat":15},"minecraft:custom":{"minecraft:time_since_rest":78,"minecraft:deaths":2,"minecraft:crouch_one_cm":233,"minecraft:play_time":5025,"lootr:looted_stat":4,"minecraft:sprint_one_cm":12675,"minecraft:damage_taken":601,"minecraft:walk_one_cm":20825,"minecraft:sneak_time":56,"minecraft:mob_kills":2,"minecraft:jump":67,"minecraft:damage_dealt":326,"minecraft:time_since_death":50,"minecraft:total_world_time":5025,"minecraft:fall_one_cm":1832,"minecraft:fly_one_cm":7085}},"DataVersion":2975}