{"stats":{"minecraft:broken":{"apocalypsenow:tatical_mace":1},"minecraft:mined":{"quark:iron_ladder":4,"minecraft:oak_sapling":1,"embellishcraft:sturdy_steel_door":9,"another_furniture:oak_shelf":3,"apocalypsenow:safe":1,"minecraft:brewing_stand":1,"minecraft:gray_stained_glass_pane":4,"immersiveengineering:concrete_quarter":1,"minecraft:grass_block":2,"minecraft:stone_brick_wall":9,"minecraft:light_gray_bed":4,"pfm:white_simple_sofa":4,"biomesoplenty:orange_sandstone":4,"minecraft:spruce_leaves":3,"pfm:white_stove":2,"ag_day_counter:calendar":1,"minecraft:spawner":37,"embellishcraft:plate":1,"minecraft:hay_block":29,"buildersdelight:lantern_6":1,"simplylight:illuminant_block_on":1,"minecraft:furnace":3,"farmersdelight:spruce_cabinet":1,"minecraft:gold_block":6,"createdeco:cast_iron_mesh_fence":18,"simplylight:illuminant_slab":2,"embellishcraft:warning_steel_door":1,"minecraft:iron_bars":2,"minecraft:lantern":2,"minecraft:iron_block":18,"minecraft:stone":132,"another_furniture:lime_lamp":1,"farmersdelight:cooking_pot":2,"lootr:lootr_chest":1,"minecraft:quartz_block":4,"minecraft:cyan_terracotta":6,"minecraft:smoker":1,"createdeco:locked_cast_iron_door":1,"quark:charcoal_block":1,"minecraft:crafting_table":1,"minecraft:torch":3,"minecraft:blast_furnace":1,"minecraft:gray_stained_glass":4,"minecraft:poppy":1,"minecraft:chest":1,"embellishcraft:polished_marble":4,"cold_sweat:boiler":1,"embellishcraft:gneiss_large_bricks_wall":5,"quark:gray_framed_glass":2,"biomesoplenty:sprout":1,"minecraft:oak_planks":2,"minecraft:iron_door":10,"createaddition:barbed_wire":27,"minecraft:wall_torch":6,"immersiveengineering:concrete":5,"another_furniture:service_bell":1,"minecraft:light_gray_stained_glass":2,"apocalypsenow:broken_plasma_tv":1,"minecraft:light_gray_wool":65,"minecraft:grass":1,"embellishcraft:smooth_marble":22,"create:vertical_framed_glass_pane":1,"minecraft:oak_log":7,"quark:oak_hedge":1,"minecraft:gravel":11,"minecraft:dirt":1,"minecraft:sand":1,"minecraft:oak_button":1,"minecraft:acacia_planks":4,"minecraft:stone_bricks":6,"minecraft:oak_leaves":2,"minecraft:emerald_block":3},"minecraft:killed":{"zombiemobs:zombie_horsee":1,"zombiemobs:zombie_sheep":1,"undead_revamp2:thesmoker":9,"zombie_extreme:demolisher":1,"crittersandcompanions:otter":1,"mutationcraft:human_stage_1":1,"zombie_extreme:runner":8,"undead_revamp2:crackleball":3,"zombie_extreme:crawler":2,"minecraft:husk":36,"zombie_extreme:infected_military":2,"zombie_extreme:infected_hazmat":1,"undead_revamp2:the_moonflower":9,"undead_revamp2:theordure":1,"minecraft:trader_llama":2,"minecraft:zombie":139,"zombie_extreme:infected_police":4,"minecraft:blaze":2},"minecraft:picked_up":{"tac:mk23":1,"cold_sweat:boiler":1,"minecraft:crafting_table":1,"tac:glock_18":1,"apocalypsenow:fire_figther_boots":5,"embellishcraft:warning_steel_door":1,"minecraft:lead":1,"minecraft:wooden_pickaxe":1,"minecraft:stone_brick_wall":4,"minecraft:gold_block":5,"apocalypsenow:u_sarmy_helmet":3,"camera:camera":3,"minecraft:brewing_stand":1,"another_furniture:service_bell":1,"farmersdelight:cutting_board":1,"immersiveengineering:manual":1,"minecraft:string":453,"simplylight:illuminant_slab":2,"another_furniture:oak_shelf":3,"apocalypsenow:construction_boots":1,"minecraft:poppy":18,"quark:black_shard":3,"embellishcraft:sturdy_steel_door":9,"minecraft:iron_pickaxe":1,"minecraft:light_gray_wool":64,"minecraft:tinted_glass":3,"minecraft:chest":3,"minecraft:furnace":3,"minecraft:dark_oak_door":1,"createdeco:cast_iron_mesh_fence":18,"minecraft:stick":4,"refinedstorage:16k_storage_part":1,"createdeco:yellow_decal":2,"embellishcraft:smooth_marble":19,"pfm:white_stove":2,"minecraft:torch":15,"apocalypsenow:open_canned_carrot":1,"minecraft:carrot":3,"simplylight:illuminant_block_on":1,"apocalypsenow:forestguard_leggings":1,"immersiveengineering:concrete":5,"quark:charcoal_block":1,"apocalypsenow:fire_figther_leggings":5,"another_furniture:lime_lamp":1,"minecraft:quartz_block":1,"minecraft:cactus":2,"buildersdelight:lantern_6":1,"minecraft:light_gray_bed":1,"minecraft:rotten_flesh":218,"apocalypsenow:baseball_bat":1,"createaddition:barbed_wire":26,"biomesoplenty:orange_sandstone":4,"minecraft:hay_block":29,"minecraft:iron_block":18,"minecraft:cyan_terracotta":3,"apocalypsenow:police_chestplate":2,"apocalypsenow:police_boots":1,"minecraft:blaze_rod":1,"minecraft:iron_bars":2,"apocalypsenow:fire_figther_chestplate":3,"minecraft:cobblestone":109,"apocalypsenow:u_sarmy_boots":1,"tac:round45":18,"minecraft:iron_door":8,"minecraft:leather":12,"minecraft:smoker":1,"apocalypsenow:green_bikers_helmet":1,"minecraft:potato":1,"quark:iron_ladder":4,"minecraft:flint":1,"minecraft:oak_log":27,"embellishcraft:polished_marble":3,"apocalypsenow:construction_chestplate":1,"farmersdelight:tomato":12,"minecraft:dirt":2,"minecraft:lantern":3,"embellishcraft:gneiss_large_bricks_wall":2,"minecraft:leather_boots":1,"createdeco:locked_cast_iron_door":1,"apocalypsenow:u_sarmy_leggings":3,"embellishcraft:plate":2,"minecraft:bone":250,"minecraft:acacia_planks":11,"apocalypsenow:construction_leggings":2,"minecraft:stone_bricks":6,"farmersdelight:cooking_pot":2,"solcarrot:food_book":2,"apocalypsenow:human_flesh":8,"apocalypsenow:money":7,"minecraft:iron_ingot":2,"apocalypsenow:fire_figther_helmet":2,"minecraft:glass_bottle":6,"tac:9mm_round":45,"camera:image":2,"minecraft:oak_planks":20,"quark:light_gray_shard":12,"apocalypsenow:u_sarmy_chestplate":2,"minecraft:emerald_block":3,"farmersdelight:spruce_cabinet":1,"minecraft:gravel":17,"apocalypsenow:police_leggings":2,"apocalypsenow:black_motorcycle_helmet_helmet":1,"minecraft:spruce_sapling":1,"createbigcannons:traffic_cone":1,"minecraft:blast_furnace":1,"minecraft:leather_helmet":1,"apocalypsenow:broken_plasma_tv":1,"minecraft:diamond":1,"ag_day_counter:calendar":1,"quark:oak_hedge":1,"pfm:white_simple_sofa":4,"apocalypsenow:safe":1,"minecraft:oak_button":1,"alexsmobs:maggot":6,"pfm:furniture_book":1,"quark:gray_shard":35,"minecraft:oak_sapling":4,"apocalypsenow:construction_helmet":3,"quark:gray_framed_glass":2},"minecraft:custom":{"lootr:looted_stat":66,"minecraft:mob_kills":238,"minecraft:interact_with_crafting_table":33,"minecraft:open_barrel":4,"minecraft:damage_dealt_resisted":359,"minecraft:eat_cake_slice":1,"minecraft:leave_game":4,"minecraft:time_since_death":9644,"minecraft:climb_one_cm":124698,"minecraft:sprint_one_cm":610723,"minecraft:walk_one_cm":882298,"minecraft:fridge_opened":5,"minecraft:drop":70,"minecraft:chair_used":1,"minecraft:damage_dealt_absorbed":200,"minecraft:use_bathtub":1,"minecraft:talked_to_villager":2,"minecraft:play_time":278802,"minecraft:sneak_time":10567,"minecraft:deaths":14,"minecraft:walk_under_water_one_cm":641,"minecraft:jump":2000,"minecraft:drawer_searched":17,"minecraft:total_world_time":278802,"minecraft:walk_on_water_one_cm":4110,"minecraft:interact_with_furnace":16,"minecraft:stove_opened":5,"minecraft:sleep_in_bed":5,"minecraft:time_since_rest":9671,"minecraft:cabinet_searched":3,"minecraft:damage_taken":5397,"minecraft:damage_dealt":23762,"minecraft:swim_one_cm":1113,"minecraft:freezer_opened":4,"minecraft:fly_one_cm":304914,"minecraft:player_kills":2,"minecraft:open_chest":111,"minecraft:crouch_one_cm":21495,"minecraft:fall_one_cm":49113},"minecraft:killed_by":{"zombie_extreme:runner":2,"minecraft:zombie":1,"undead_revamp2:thesmoker":1},"minecraft:used":{"embellishcraft:sturdy_steel_door":3,"buildersdelight:lantern_6":1,"minecraft:chest":7,"minecraft:tinted_glass":3,"quark:iron_ladder":4,"minecraft:torch":65,"minecraft:brewing_stand":1,"minecraft:dirt":2,"apocalypsenow:apple_juice":3,"apocalypsenow:grape_juice":2,"createdeco:cast_iron_mesh_fence":12,"apocalypsenow:safe":1,"createbigcannons:traffic_cone":1,"embellishcraft:smooth_marble":5,"alexsmobs:maggot":2,"farmersdelight:tomato":12,"minecraft:cyan_terracotta":2,"pfm:white_simple_sofa":4,"minecraft:lantern":1,"minecraft:iron_axe":28,"carryon:entity_item":1,"minecraft:stone_bricks":2,"carryon:tile_item":1,"immersiveengineering:concrete":5,"farmersdelight:cutting_board":1,"minecraft:oak_sapling":3,"embellishcraft:plate":2,"minecraft:furnace":3,"apocalypsenow:combat_knife":36,"another_furniture:service_bell":1,"farmersdelight:cooking_pot":1,"minecraft:acacia_planks":7,"minecraft:light_gray_bed":1,"createdeco:locked_cast_iron_door":1,"farmersdelight:skillet":1,"minecraft:stone_pickaxe":11,"minecraft:oak_planks":50,"minecraft:wooden_pickaxe":12,"pfm:white_stove":1,"minecraft:cookie":9,"quark:gray_framed_glass":2,"createaddition:barbed_wire":1,"minecraft:crafting_table":7,"minecraft:blast_furnace":1,"embellishcraft:gneiss_large_bricks_wall":2,"minecraft:white_bed":1,"apocalypsenow:machete":56,"embellishcraft:warning_steel_door":1,"minecraft:stone_brick_wall":4,"minecraft:smoker":1,"minecraft:shears":63,"minecraft:lever":4,"apocalypsenow:tatical_mace":543,"farmersdelight:apple_cider":1,"apocalypsenow:iron_baseball_bat":35,"minecraft:string":2,"minecraft:bread":8,"quark:oak_hedge":1,"minecraft:oak_button":5,"minecraft:iron_pickaxe":341,"cgm:grenade":1,"minecraft:gravel":8,"cold_sweat:boiler":1,"minecraft:iron_door":3,"minecraft:spruce_sapling":1,"farmersdelight:chocolate_pie":1,"chalk:red_chalk":6,"minecraft:potion":21,"minecraft:cobblestone":24,"apocalypsenow:open_canned_carrot":1,"farmersdelight:spruce_cabinet":1,"quark:oak_chest":2,"another_furniture:oak_shelf":3,"embellishcraft:polished_marble":1},"minecraft:crafted":{"minecraft:leather":33,"minecraft:iron_axe":1,"minecraft:stone_pickaxe":1,"minecraft:oak_button":1,"minecraft:chest":1,"minecraft:crafting_table":2,"minecraft:air":327,"minecraft:white_wool":12,"minecraft:stick":4,"minecraft:iron_ingot":9,"minecraft:gold_ingot":18,"firstaid:bandage":1,"minecraft:white_bed":1},"minecraft:dropped":{"apocalypsenow:human_flesh":4,"createdeco:yellow_decal":1,"minecraft:oak_log":9,"minecraft:diamond":1,"minecraft:glass_bottle":6,"tac:glock_18":1,"minecraft:cobblestone":6,"minecraft:lantern":1,"refinedstorage:16k_storage_part":2,"apocalypsenow:forestguard_boots":1,"quark:light_gray_shard":5,"apocalypsenow:construction_boots":1,"minecraft:torch":11,"apocalypsenow:construction_helmet":1,"embellishcraft:polished_marble":2,"minecraft:bone":2,"alexsmobs:maggot":2,"embellishcraft:smooth_marble":1,"minecraft:oak_planks":32,"camera:image":6,"minecraft:rotten_flesh":2,"apocalypsenow:police_chestplate":1,"apocalypsenow:apple_juice":1,"simplylight:illuminant_block_on":1,"minecraft:poppy":18,"camera:camera":3,"minecraft:iron_bars":2,"minecraft:wooden_pickaxe":1,"firstaid:plaster":3}},"DataVersion":2975}