{"stats":{"minecraft:mined":{"minecraft:light_blue_shulker_box":4,"minecraft:grass_block":13,"minecraft:black_bed":3,"minecraft:grass":4,"minecraft:oak_log":5,"minecraft:sunflower":2,"minecraft:dirt":10,"minecraft:stone":2,"minecraft:oak_leaves":2},"minecraft:killed_by":{"undead_revamp2:thehunter":1,"minecraft:player":1,"zombie_extreme:night_hunter":2,"minecraft:zombie":1,"apocalypsenow:runner_36":1,"apocalypsenow:runner_54":4,"hordes:zombie_player":3,"mutationcraft:assimilated_roamer":1,"apocalypsenow:runner_41":1,"mutationcraft:developed_roamer":2,"apocalypsenow:looter_1":4,"zombie_extreme:chainsaw":2},"minecraft:used":{"apocalypsenow:black_football_armor_chestplate":1,"apocalypsenow:pick":46,"zombie_extreme:butcher_knife":10,"minecraft:light_blue_shulker_box":4,"apocalypsenow:broken_glass":5,"apocalypsenow:nurse_helmet":1,"minecraft:shield":3,"minecraft:wooden_pickaxe":3,"apocalypsenow:black_football_armor_leggings":2,"minecraft:torch":4,"minecraft:dirt":12,"minecraft:crafting_table":1,"minecraft:black_bed":2,"apocalypsenow:long_knife":3,"minecraft:sunflower":3,"minecraft:bread":4,"apocalypsenow:hookey_stick":5,"minecraft:wooden_sword":9,"apocalypsenow:pan":11},"minecraft:killed":{"zombiemobs:zombie_pig":1,"zombiemobs:zombie_donkey":2,"hordes:zombie_player":4,"apocalypsenow:runner_40":1,"apocalypsenow:looter_1":1,"zombiemobs:zombie_sheep":1,"apocalypsenow:runner_35":1,"mutationcraft:miter":1,"apocalypsenow:walker_26":1,"minecraft:skeleton":2,"apocalypsenow:horde_1":1,"apocalypsenow:walker_16":1,"apocalypsenow:walker_12":1,"apocalypsenow:runner_46":1,"apocalypsenow:runner_44":1,"apocalypsenow:runner_41":1,"apocalypsenow:runner_47":1,"apocalypsenow:runner_45":1,"apocalypsenow:runner_36":1,"mutationcraft:assimilated_fox":1},"minecraft:picked_up":{"apocalypsenow:nurse_helmet":2,"minecraft:black_bed":5,"apocalypsenow:rolling_pin":2,"minecraft:wooden_pickaxe":1,"minecraft:oak_log":5,"minecraft:gunpowder":4,"minecraft:brick":2,"minecraft:shield":2,"zombie_extreme:cat_food":2,"minecraft:dirt":22,"zombie_extreme:chips":6,"minecraft:wooden_sword":2,"minecraft:leather_boots":2,"minecraft:bone":4,"minecraft:apple":1,"apocalypsenow:human_flesh":19,"minecraft:wheat_seeds":4,"apocalypsenow:dogs_food":2,"theoneprobe:probenote":2,"minecraft:iron_ingot":2,"apocalypsenow:old_west_hat_helmet":2,"apocalypsenow:trash":1,"minecraft:stick":6,"patchouli:guide_book":2,"zombie_extreme:soda_used":2,"mutationcraft:putrid_claw":2,"apocalypsenow:long_knife":4,"minecraft:light_blue_shulker_box":4,"alexsmobs:animal_dictionary":2,"apocalypsenow:red_motorcycle_helmet_helmet":2,"minecraft:arrow":3,"minecraft:rotten_flesh":36,"immersiveengineering:seed":6,"zombie_extreme:rotten_apple":2,"minecraft:bread":10,"zombie_extreme:canned_food":2,"pfm:furniture_book":2,"apocalypsenow:magazine":2,"zombie_extreme:butcher_knife":2,"minecraft:coal":1,"minecraft:cobblestone":4,"minecraft:sunflower":7},"minecraft:custom":{"minecraft:interact_with_furnace":1,"lootr:looted_stat":7,"minecraft:mob_kills":26,"minecraft:interact_with_crafting_table":2,"minecraft:open_barrel":5,"minecraft:open_shulker_box":28,"minecraft:damage_dealt_resisted":14,"minecraft:leave_game":1,"minecraft:time_since_death":0,"minecraft:time_since_rest":979,"minecraft:sprint_one_cm":160165,"minecraft:damage_taken":5031,"minecraft:walk_one_cm":132107,"minecraft:damage_blocked_by_shield":40,"minecraft:damage_dealt":4843,"minecraft:swim_one_cm":2808,"minecraft:fly_one_cm":82155,"minecraft:player_kills":2,"minecraft:open_chest":1,"minecraft:crouch_one_cm":3966,"minecraft:play_time":44172,"minecraft:deaths":24,"minecraft:sneak_time":2551,"minecraft:walk_under_water_one_cm":8816,"minecraft:jump":489,"minecraft:walk_on_water_one_cm":7112,"minecraft:total_world_time":44172,"minecraft:fall_one_cm":14479},"minecraft:crafted":{"minecraft:air":21}},"DataVersion":2975}