{"stats":{"minecraft:picked_up":{"minecraft:stick":5,"minecraft:crafting_table":1,"minecraft:rotten_flesh":4,"immersiveengineering:seed":1,"apocalypsenow:human_flesh":5,"minecraft:birch_planks":4,"minecraft:iron_ingot":2,"minecraft:poppy":1,"minecraft:gunpowder":1,"minecraft:dirt":1,"minecraft:birch_sapling":2,"minecraft:blue_bed":1},"minecraft:killed":{"undead_revamp2:theordure":1,"apocalypsenow:runner_53":1,"apocalypsenow:runner_41":1},"minecraft:killed_by":{"undead_revamp2:thehunter":2,"mutationcraft:necroptor":2,"hordes:zombie_player":2,"minecraft:spider":2,"minecraft:zombie":1,"zombiemobs:zombie_fox":1},"minecraft:used":{"apocalypsenow:long_knife":2,"minecraft:birch_planks":4,"apocalypsenow:baseball_bat":4,"apocalypsenow:spiked_baseball_bat":15,"minecraft:dirt":1},"minecraft:mined":{"rocks:birch_stick":2,"minecraft:blue_bed":1,"minecraft:crafting_table":1,"minecraft:grass_block":1},"minecraft:custom":{"minecraft:time_since_rest":1924,"minecraft:deaths":10,"minecraft:crouch_one_cm":620,"minecraft:play_time":18008,"lootr:looted_stat":7,"minecraft:sprint_one_cm":58708,"minecraft:damage_taken":2841,"minecraft:walk_one_cm":50684,"minecraft:sneak_time":209,"minecraft:mob_kills":3,"minecraft:jump":222,"minecraft:damage_dealt":439,"minecraft:leave_game":1,"minecraft:time_since_death":1891,"minecraft:total_world_time":18008,"minecraft:fall_one_cm":7528,"minecraft:fly_one_cm":33579}},"DataVersion":2975}