{"stats":{"minecraft:broken":{"apocalypsenow:tatical_mace":1,"minecraft:iron_pickaxe":2},"minecraft:picked_up":{"tac:mk23":1,"embellishcraft:warning_steel_door":1,"minecraft:lead":1,"minecraft:potion":8,"minecraft:brown_bed":2,"pfm:white_freezer":3,"camera:camera":3,"minecraft:brewing_stand":2,"farmersdelight:cutting_board":1,"another_furniture:service_bell":2,"minecraft:string":632,"another_furniture:oak_shelf":3,"minecraft:smooth_stone_slab":11,"cfm:spruce_blinds":7,"create:mechanical_press":1,"minecraft:smooth_stone":2,"comforts:sleeping_bag_white":3,"minecraft:rose_bush":3,"minecraft:cobblestone_slab":11,"quark:black_shard":3,"minecraft:iron_pickaxe":1,"minecraft:furnace":5,"minecraft:dark_oak_door":1,"minecraft:stick":4,"simplylight:illuminant_panel":1,"embellishcraft:smooth_marble":39,"pfm:white_stove":3,"minecraft:torch":21,"minecraft:acacia_log":29,"apocalypsenow:open_canned_carrot":1,"minecraft:dried_kelp":2,"simplylight:illuminant_block_on":2,"apocalypsenow:fire_figther_leggings":5,"quark:charcoal_block":1,"minecraft:quartz_block":1,"another_furniture:lime_lamp":3,"minecraft:cactus":2,"minecraft:light_gray_bed":1,"minecraft:rotten_flesh":357,"createaddition:barbed_wire":62,"cfm:stripped_dark_oak_mail_box":1,"minecraft:iron_block":18,"minecraft:cyan_terracotta":3,"apocalypsenow:police_chestplate":2,"apocalypsenow:police_boots":1,"minecraft:blaze_rod":1,"minecraft:iron_bars":2,"minecraft:cobblestone":352,"apocalypsenow:u_sarmy_boots":1,"apocalypsenow:blue_football_armor_leggings":2,"tac:round45":24,"immersiveengineering:concrete_quarter":36,"minecraft:iron_door":10,"minecraft:smoker":1,"minecraft:potato":3,"quark:iron_ladder":4,"minecraft:flint":2,"immersivepetroleum:asphalt":66,"trashcans:item_trash_can":1,"apocalypsenow:construction_chestplate":2,"minecraft:lantern":4,"minecraft:stripped_birch_log":1,"farmersdelight:tomato":12,"minecraft:dirt":16,"minecraft:leather_boots":1,"minecraft:bone":466,"minecraft:acacia_planks":12,"apocalypsenow:human_flesh":11,"tac:9mm_round":75,"camera:image":4,"apocalypsenow:electric_baton":1,"minecraft:oak_planks":36,"quark:light_gray_stool":2,"apocalypsenow:u_sarmy_chestplate":2,"quark:smooth_stone_vertical_slab":4,"apocalypsenow:small_can":6,"farmersdelight:spruce_cabinet":1,"apocalypsenow:black_motorcycle_helmet_helmet":2,"minecraft:ink_sac":1,"createbigcannons:traffic_cone":6,"apocalypsenow:dagger":2,"apocalypsenow:broken_plasma_tv":1,"minecraft:diamond":1,"minecraft:polished_blackstone_pressure_plate":1,"pfm:white_simple_sofa":10,"pfm:furniture_book":1,"alexsmobs:maggot":7,"minecraft:oak_sapling":4,"apocalypsenow:construction_helmet":3,"minecraft:bricks":2,"sophisticatedbackpacks:gold_backpack":1,"minecraft:crafting_table":2,"cold_sweat:boiler":3,"minecraft:coarse_dirt":69,"apocalypsenow:fire_figther_boots":5,"tac:glock_18":1,"minecraft:wooden_pickaxe":2,"minecraft:stone_brick_wall":10,"farmersdelight:tomato_sauce":1,"minecraft:gold_block":5,"apocalypsenow:u_sarmy_helmet":3,"minecraft:shield":2,"immersiveengineering:manual":1,"simplylight:illuminant_slab":4,"minecraft:quartz_slab":1,"minecraft:item_frame":1,"apocalypsenow:construction_boots":3,"quark:stripped_birch_post":20,"embellishcraft:sturdy_steel_door":9,"minecraft:poppy":65,"minecraft:light_gray_wool":64,"minecraft:tinted_glass":3,"minecraft:sugar_cane":1,"minecraft:chest":15,"apocalypsenow:construction_barricade":3,"createdeco:cast_iron_mesh_fence":22,"cfm:cyan_kitchen_counter":6,"refinedstorage:16k_storage_part":1,"createdeco:yellow_decal":3,"minecraft:stone_button":2,"minecraft:carrot":3,"apocalypsenow:forestguard_leggings":1,"immersiveengineering:concrete":8,"tac:b_magnum":1,"create:deployer":2,"buildersdelight:industrial_flat_2":2,"immersiveengineering:steel_scaffolding_standard":13,"buildersdelight:lantern_6":2,"apocalypsenow:baseball_bat":3,"biomesoplenty:orange_sandstone":10,"minecraft:hay_block":29,"create:depot":4,"quark:bamboo_mat":59,"apocalypsenow:fire_figther_chestplate":4,"biomesoplenty:orange_sand":22,"another_furniture:spruce_planter_box":3,"minecraft:leather":50,"apocalypsenow:green_bikers_helmet":1,"embellishcraft:polished_marble":3,"minecraft:oak_log":27,"minecraft:lily_pad":2,"cfm:stripped_birch_chair":6,"minecraft:gunpowder":1,"minecraft:cobblestone_stairs":2,"farmersdelight:skillet":1,"another_furniture:light_gray_curtain":6,"embellishcraft:gneiss_large_bricks_wall":4,"createdeco:locked_cast_iron_door":1,"apocalypsenow:u_sarmy_leggings":3,"embellishcraft:plate":2,"apocalypsenow:construction_leggings":2,"minecraft:stone_bricks":9,"farmersdelight:cooking_pot":3,"solcarrot:food_book":2,"tac:deagle_357":1,"apocalypsenow:money":11,"minecraft:iron_ingot":3,"quark:paper_lantern_sakura":4,"apocalypsenow:fire_figther_helmet":2,"minecraft:glass_bottle":8,"cfm:stripped_birch_upgraded_fence":9,"storagedrawers:oak_full_drawers_1":1,"tac:ae50":9,"quark:light_gray_shard":12,"minecraft:emerald_block":3,"minecraft:gravel":21,"apocalypsenow:police_leggings":2,"minecraft:spruce_sapling":1,"minecraft:blast_furnace":1,"minecraft:white_bed":1,"pfm:white_fridge":2,"quark:oak_chest":4,"minecraft:leather_helmet":1,"immersiveengineering:seed":1,"apocalypsenow:bear_trap":2,"ag_day_counter:calendar":1,"quark:oak_hedge":6,"quark:framed_glass_pane":9,"apocalypsenow:safe":3,"minecraft:oak_button":1,"quark:gray_shard":40,"farmersdelight:stove":1,"minecraft:coal":2,"quark:gray_framed_glass":4},"minecraft:killed":{"undead_revamp2:thesmoker":19,"mutationcraft:human_stage_1":1,"undead_revamp2:crackleball":3,"zombie_extreme:infected_hazmat":1,"undead_revamp2:theordure":2,"minecraft:trader_llama":2,"minecraft:zombie":200,"zombie_extreme:infected_police":4,"alexsmobs:fly":2,"minecraft:blaze":2,"zombiemobs:zombie_horsee":1,"zombiemobs:zombie_sheep":1,"undead_revamp2:bomber":3,"zombie_extreme:demolisher":1,"zombiemobs:zombie_wolf":1,"minecraft:drowned":6,"crittersandcompanions:otter":1,"zombie_extreme:runner":9,"zombiemobs:zombie_cow":1,"zombie_extreme:crawler":4,"minecraft:husk":53,"zombie_extreme:infected_military":2,"undead_revamp2:the_moonflower":16},"minecraft:crafted":{"minecraft:chest":1,"minecraft:oak_button":1,"minecraft:stone_hoe":1,"minecraft:item_frame":3,"minecraft:crafting_table":2,"minecraft:stick":8,"minecraft:iron_ingot":9,"minecraft:gold_ingot":18,"minecraft:leather":33,"minecraft:iron_axe":1,"minecraft:stone_pickaxe":1,"minecraft:air":766,"minecraft:white_wool":12,"firstaid:bandage":1,"minecraft:white_bed":1,"camera:image_frame":3},"minecraft:dropped":{"createdeco:yellow_decal":1,"minecraft:oak_log":9,"minecraft:diamond":1,"minecraft:glass_bottle":6,"minecraft:lantern":2,"another_furniture:lime_lamp":1,"minecraft:item_frame":3,"sophisticatedbackpacks:gold_backpack":1,"quark:light_gray_shard":5,"apocalypsenow:construction_boots":1,"apocalypsenow:construction_helmet":1,"embellishcraft:polished_marble":2,"minecraft:bone":2,"minecraft:sugar_cane":1,"apocalypsenow:small_can":3,"camera:image":6,"minecraft:rotten_flesh":23,"minecraft:oak_planks":32,"minecraft:poppy":18,"camera:camera":3,"minecraft:iron_bars":2,"apocalypsenow:human_flesh":7,"quark:smooth_stone_vertical_slab":4,"tac:glock_18":1,"minecraft:cobblestone":6,"quark:gray_shard":3,"refinedstorage:16k_storage_part":2,"apocalypsenow:forestguard_boots":1,"minecraft:ink_sac":1,"minecraft:torch":11,"minecraft:potion":5,"minecraft:string":12,"minecraft:lily_pad":2,"alexsmobs:maggot":3,"minecraft:bowl":1,"embellishcraft:smooth_marble":1,"apocalypsenow:police_chestplate":1,"apocalypsenow:apple_juice":1,"simplylight:illuminant_block_on":1,"minecraft:shield":2,"minecraft:wooden_pickaxe":2,"firstaid:plaster":10},"minecraft:used":{"embellishcraft:sturdy_steel_door":6,"minecraft:iron_shovel":103,"immersiveengineering:seed":1,"trashcans:item_trash_can":1,"farmersdelight:stove":1,"quark:bamboo_mat":35,"minecraft:chest":30,"cfm:stripped_birch_upgraded_fence":9,"minecraft:shield":1,"quark:iron_ladder":4,"farmersdelight:melon_juice":2,"apocalypsenow:apple_juice":3,"cfm:cyan_kitchen_counter":6,"createdeco:cast_iron_mesh_fence":21,"minecraft:acacia_button":2,"apocalypsenow:safe":3,"createbigcannons:traffic_cone":6,"embellishcraft:smooth_marble":22,"farmersdelight:tomato":12,"minecraft:cyan_terracotta":2,"pfm:white_simple_sofa":10,"ag_day_counter:calendar":1,"minecraft:lantern":1,"quark:paper_lantern_sakura":4,"another_furniture:spruce_planter_box":3,"minecraft:stone_bricks":4,"minecraft:item_frame":7,"immersiveengineering:concrete":5,"carryon:tile_item":1,"pfm:white_freezer":3,"farmersdelight:cutting_board":1,"minecraft:oak_sapling":4,"embellishcraft:plate":2,"minecraft:furnace":5,"another_furniture:lime_lamp":2,"apocalypsenow:combat_knife":36,"another_furniture:service_bell":2,"minecraft:potato":17,"farmersdelight:hamburger":3,"simplylight:illuminant_slab":4,"createdeco:locked_cast_iron_door":1,"minecraft:stripped_birch_log":1,"pfm:white_fridge":2,"quark:framed_glass_pane":7,"minecraft:stone_pickaxe":11,"minecraft:oak_planks":52,"minecraft:wooden_pickaxe":12,"cfm:spruce_blinds":5,"pfm:white_stove":3,"minecraft:cookie":16,"quark:gray_framed_glass":2,"simplylight:illuminant_block_on":1,"immersiveengineering:concrete_quarter":17,"farmersdelight:chicken_sandwich":1,"minecraft:blast_furnace":1,"embellishcraft:gneiss_large_bricks_wall":2,"quark:light_gray_stool":2,"minecraft:stone_brick_wall":10,"embellishcraft:warning_steel_door":1,"minecraft:shears":63,"minecraft:lever":4,"apocalypsenow:tatical_mace":543,"apocalypsenow:iron_baseball_bat":289,"minecraft:bread":8,"minecraft:string":2,"minecraft:iron_door":3,"farmersdelight:chocolate_pie":1,"minecraft:gravel":11,"chalk:red_chalk":8,"farmersdelight:spruce_cabinet":1,"minecraft:smooth_stone_slab":6,"minecraft:coarse_dirt":69,"another_furniture:oak_shelf":3,"embellishcraft:polished_marble":1,"storagedrawers:oak_full_drawers_1":2,"camera:image_frame":3,"cfm:stripped_birch_chair":6,"buildersdelight:lantern_6":2,"minecraft:tinted_glass":3,"minecraft:stone_hoe":130,"minecraft:torch":97,"minecraft:brewing_stand":2,"minecraft:dirt":16,"apocalypsenow:grape_juice":2,"alexsmobs:maggot":2,"apocalypsenow:bear_trap":2,"minecraft:iron_axe":179,"carryon:entity_item":3,"biomesoplenty:orange_sandstone":6,"quark:stripped_birch_post":20,"farmersdelight:cooking_pot":3,"comforts:sleeping_bag_white":2,"minecraft:acacia_planks":96,"minecraft:light_gray_bed":1,"minecraft:brown_bed":2,"minecraft:water_bucket":22,"minecraft:cobblestone_stairs":22,"farmersdelight:skillet":2,"minecraft:glass_bottle":11,"minecraft:cobblestone_slab":51,"apocalypsenow:broken_plasma_tv":1,"createaddition:barbed_wire":62,"minecraft:crafting_table":10,"minecraft:white_bed":2,"minecraft:campfire":1,"car:canister":73,"apocalypsenow:machete":56,"minecraft:smoker":1,"apocalypsenow:construction_barricade":3,"buildersdelight:industrial_flat_2":2,"farmersdelight:apple_cider":1,"farmersdelight:pasta_with_meatballs":2,"quark:oak_hedge":6,"minecraft:oak_button":9,"minecraft:iron_pickaxe":864,"cgm:grenade":1,"cold_sweat:boiler":3,"minecraft:spruce_sapling":1,"createdeco:yellow_decal":2,"minecraft:cobblestone":233,"minecraft:potion":40,"apocalypsenow:open_canned_carrot":1,"minecraft:bucket":23,"quark:oak_chest":6},"minecraft:killed_by":{"mutationcraft:the_intoxicator":1,"zombie_extreme:runner":2,"minecraft:zombie":1,"undead_revamp2:thesmoker":1},"minecraft:custom":{"lootr:looted_stat":96,"minecraft:interact_with_crafting_table":65,"minecraft:open_barrel":7,"minecraft:eat_cake_slice":1,"minecraft:leave_game":7,"minecraft:time_since_death":32671,"minecraft:sprint_one_cm":1159976,"minecraft:drop":113,"minecraft:talked_to_villager":3,"minecraft:use_bathtub":1,"minecraft:play_time":487997,"minecraft:deaths":17,"minecraft:jump":2916,"minecraft:walk_on_water_one_cm":14360,"minecraft:interact_with_furnace":16,"minecraft:stove_opened":6,"minecraft:sleep_in_bed":8,"minecraft:damage_dealt":33570,"minecraft:player_kills":2,"minecraft:crouch_one_cm":41845,"minecraft:mob_kills":361,"minecraft:interact_with_campfire":11,"minecraft:damage_dealt_resisted":1363,"minecraft:climb_one_cm":146087,"minecraft:walk_one_cm":1620562,"minecraft:fridge_opened":8,"minecraft:chair_used":1,"minecraft:damage_dealt_absorbed":313,"minecraft:sneak_time":17439,"minecraft:walk_under_water_one_cm":12266,"minecraft:boat_one_cm":1388,"minecraft:drawer_searched":35,"minecraft:total_world_time":487997,"minecraft:trashcan_opened":1,"minecraft:cabinet_searched":3,"minecraft:time_since_rest":7304,"minecraft:damage_taken":7467,"minecraft:swim_one_cm":22655,"minecraft:fly_one_cm":475291,"minecraft:freezer_opened":12,"minecraft:open_chest":274,"minecraft:fall_one_cm":67945},"minecraft:mined":{"embellishcraft:sturdy_steel_door":9,"minecraft:white_bed":3,"minecraft:oak_sapling":1,"minecraft:farmland":1,"quark:stripped_birch_post":20,"minecraft:cobblestone_stairs":2,"apocalypsenow:safe":3,"another_furniture:oak_shelf":3,"minecraft:brewing_stand":2,"minecraft:grass_block":15,"minecraft:stone_brick_wall":13,"minecraft:light_gray_bed":4,"pfm:white_simple_sofa":10,"apocalypsenow:bear_trap":1,"biomesoplenty:orange_sandstone":14,"pfm:white_stove":3,"buildersdelight:industrial_flat_2":2,"minecraft:spawner":46,"minecraft:smooth_stone":2,"buildersdelight:lantern_6":2,"simplylight:illuminant_block_on":1,"minecraft:brown_bed":2,"pfm:white_fridge":2,"minecraft:quartz_slab":1,"minecraft:iron_bars":2,"apocalypsenow:construction_barricade":3,"cfm:stripped_birch_chair":6,"minecraft:iron_block":19,"another_furniture:lime_lamp":1,"create:mechanical_press":1,"minecraft:quartz_block":4,"lootr:lootr_chest":2,"minecraft:cyan_terracotta":6,"minecraft:smoker":1,"createdeco:locked_cast_iron_door":1,"minecraft:torch":6,"quark:charcoal_block":1,"minecraft:blast_furnace":1,"cfm:stripped_birch_upgraded_fence":9,"minecraft:poppy":4,"quark:framed_glass_pane":11,"minecraft:chest":12,"embellishcraft:polished_marble":4,"cold_sweat:boiler":3,"quark:gray_framed_glass":2,"minecraft:cobblestone":15,"create:birch_window_pane":1,"minecraft:bricks":2,"minecraft:oak_planks":4,"createaddition:barbed_wire":63,"minecraft:iron_door":11,"minecraft:wall_torch":8,"quark:light_gray_stool":2,"minecraft:light_gray_stained_glass":2,"storagedrawers:oak_full_drawers_1":1,"minecraft:light_gray_wool":65,"minecraft:smooth_stone_slab":11,"minecraft:grass":2,"apocalypsenow:beartrapneutral":1,"create:vertical_framed_glass_pane":1,"minecraft:oak_log":7,"another_furniture:light_gray_curtain":6,"minecraft:smooth_quartz":3,"minecraft:sand":1,"minecraft:dirt":1,"simplylight:illuminant_block":1,"another_furniture:spruce_planter_box":3,"cfm:cyan_kitchen_counter":6,"minecraft:oak_leaves":2,"minecraft:emerald_block":3,"quark:iron_ladder":4,"trashcans:item_trash_can":1,"biomesoplenty:desert_grass":2,"minecraft:stripped_birch_log":1,"minecraft:gray_stained_glass_pane":8,"simplylight:illuminant_panel":1,"immersiveengineering:concrete_quarter":36,"create:depot":3,"minecraft:spruce_leaves":3,"quark:bamboo_mat":59,"ag_day_counter:calendar":1,"biomesoplenty:dune_grass":4,"cfm:stripped_dark_oak_mail_box":1,"embellishcraft:plate":1,"minecraft:hay_block":29,"immersivepetroleum:asphalt":68,"minecraft:furnace":5,"farmersdelight:spruce_cabinet":1,"createdeco:cast_iron_mesh_fence":22,"minecraft:gold_block":6,"simplylight:illuminant_slab":4,"minecraft:cobblestone_slab":11,"embellishcraft:warning_steel_door":1,"minecraft:lantern":2,"create:deployer":2,"minecraft:stone":339,"farmersdelight:cooking_pot":3,"pfm:white_freezer":3,"quark:smooth_stone_vertical_slab":2,"quark:paper_lantern_sakura":4,"quark:oak_chest":4,"biomesoplenty:orange_sand":33,"minecraft:crafting_table":2,"minecraft:cyan_stained_glass_pane":2,"createbigcannons:traffic_cone":5,"minecraft:gray_stained_glass":6,"cfm:spruce_blinds":7,"embellishcraft:gneiss_large_bricks_wall":7,"biomesoplenty:sprout":4,"immersiveengineering:concrete":8,"another_furniture:service_bell":2,"farmersdelight:skillet":2,"minecraft:coarse_dirt":69,"apocalypsenow:broken_plasma_tv":1,"embellishcraft:smooth_marble":43,"immersiveengineering:steel_scaffolding_standard":10,"quark:oak_hedge":6,"minecraft:gravel":16,"farmersdelight:stove":1,"minecraft:acacia_planks":5,"minecraft:oak_button":1,"minecraft:stone_bricks":9,"minecraft:iron_trapdoor":1}},"DataVersion":2975}