{"stats":{"minecraft:broken":{"apocalypsenow:tatical_mace":1,"minecraft:iron_pickaxe":1},"minecraft:mined":{"embellishcraft:sturdy_steel_door":9,"minecraft:white_bed":3,"minecraft:oak_sapling":1,"apocalypsenow:safe":2,"another_furniture:oak_shelf":3,"minecraft:brewing_stand":2,"minecraft:grass_block":2,"minecraft:stone_brick_wall":9,"minecraft:light_gray_bed":4,"pfm:white_simple_sofa":4,"biomesoplenty:orange_sandstone":4,"pfm:white_stove":3,"minecraft:spawner":38,"simplylight:illuminant_block_on":1,"buildersdelight:lantern_6":1,"pfm:white_fridge":1,"minecraft:brown_bed":2,"minecraft:iron_bars":2,"apocalypsenow:construction_barricade":3,"cfm:stripped_birch_chair":2,"minecraft:iron_block":18,"another_furniture:lime_lamp":1,"minecraft:quartz_block":4,"lootr:lootr_chest":2,"minecraft:cyan_terracotta":6,"minecraft:smoker":1,"createdeco:locked_cast_iron_door":1,"minecraft:torch":3,"quark:charcoal_block":1,"minecraft:blast_furnace":1,"minecraft:poppy":1,"minecraft:chest":10,"embellishcraft:polished_marble":4,"cold_sweat:boiler":3,"quark:gray_framed_glass":2,"minecraft:cobblestone":5,"create:birch_window_pane":1,"minecraft:oak_planks":2,"createaddition:barbed_wire":35,"minecraft:iron_door":10,"minecraft:wall_torch":6,"minecraft:light_gray_stained_glass":2,"storagedrawers:oak_full_drawers_1":1,"minecraft:light_gray_wool":65,"minecraft:grass":1,"create:vertical_framed_glass_pane":1,"minecraft:oak_log":7,"minecraft:sand":1,"minecraft:dirt":1,"cfm:cyan_kitchen_counter":5,"minecraft:oak_leaves":2,"minecraft:emerald_block":3,"quark:iron_ladder":4,"biomesoplenty:desert_grass":1,"minecraft:gray_stained_glass_pane":4,"immersiveengineering:concrete_quarter":8,"minecraft:spruce_leaves":3,"quark:bamboo_mat":59,"ag_day_counter:calendar":1,"biomesoplenty:dune_grass":1,"embellishcraft:plate":1,"minecraft:hay_block":29,"minecraft:furnace":5,"farmersdelight:spruce_cabinet":1,"createdeco:cast_iron_mesh_fence":19,"minecraft:gold_block":6,"simplylight:illuminant_slab":2,"embellishcraft:warning_steel_door":1,"minecraft:lantern":2,"minecraft:stone":230,"farmersdelight:cooking_pot":3,"pfm:white_freezer":2,"minecraft:crafting_table":2,"createbigcannons:traffic_cone":5,"minecraft:gray_stained_glass":4,"embellishcraft:gneiss_large_bricks_wall":5,"biomesoplenty:sprout":1,"immersiveengineering:concrete":5,"another_furniture:service_bell":1,"farmersdelight:skillet":1,"apocalypsenow:broken_plasma_tv":1,"embellishcraft:smooth_marble":22,"quark:oak_hedge":1,"minecraft:gravel":11,"farmersdelight:stove":1,"minecraft:acacia_planks":4,"minecraft:oak_button":1,"minecraft:stone_bricks":9},"minecraft:killed":{"undead_revamp2:thesmoker":9,"mutationcraft:human_stage_1":1,"undead_revamp2:crackleball":3,"zombie_extreme:infected_hazmat":1,"undead_revamp2:theordure":1,"minecraft:trader_llama":2,"minecraft:zombie":142,"zombie_extreme:infected_police":4,"minecraft:blaze":2,"zombiemobs:zombie_horsee":1,"zombiemobs:zombie_sheep":1,"zombie_extreme:demolisher":1,"crittersandcompanions:otter":1,"zombie_extreme:runner":8,"zombie_extreme:crawler":3,"minecraft:husk":38,"zombie_extreme:infected_military":2,"undead_revamp2:the_moonflower":9},"minecraft:picked_up":{"tac:mk23":1,"embellishcraft:warning_steel_door":1,"minecraft:lead":1,"minecraft:brown_bed":2,"pfm:white_freezer":2,"camera:camera":3,"minecraft:brewing_stand":2,"farmersdelight:cutting_board":1,"another_furniture:service_bell":1,"minecraft:string":457,"another_furniture:oak_shelf":3,"quark:black_shard":3,"minecraft:iron_pickaxe":1,"minecraft:furnace":5,"minecraft:dark_oak_door":1,"minecraft:stick":4,"embellishcraft:smooth_marble":19,"pfm:white_stove":3,"minecraft:torch":15,"apocalypsenow:open_canned_carrot":1,"minecraft:dried_kelp":2,"apocalypsenow:fire_figther_leggings":5,"quark:charcoal_block":1,"simplylight:illuminant_block_on":2,"minecraft:quartz_block":1,"another_furniture:lime_lamp":2,"minecraft:cactus":2,"minecraft:light_gray_bed":1,"minecraft:rotten_flesh":243,"createaddition:barbed_wire":34,"minecraft:iron_block":18,"minecraft:cyan_terracotta":3,"apocalypsenow:police_chestplate":2,"apocalypsenow:police_boots":1,"minecraft:blaze_rod":1,"minecraft:iron_bars":2,"minecraft:cobblestone":233,"apocalypsenow:u_sarmy_boots":1,"tac:round45":18,"immersiveengineering:concrete_quarter":7,"minecraft:iron_door":8,"minecraft:smoker":1,"minecraft:potato":1,"quark:iron_ladder":4,"minecraft:flint":1,"apocalypsenow:construction_chestplate":1,"minecraft:lantern":3,"farmersdelight:tomato":12,"minecraft:dirt":2,"minecraft:leather_boots":1,"minecraft:bone":258,"minecraft:acacia_planks":11,"apocalypsenow:human_flesh":8,"tac:9mm_round":46,"camera:image":2,"minecraft:oak_planks":34,"apocalypsenow:u_sarmy_chestplate":2,"farmersdelight:spruce_cabinet":1,"apocalypsenow:black_motorcycle_helmet_helmet":1,"createbigcannons:traffic_cone":6,"apocalypsenow:broken_plasma_tv":1,"minecraft:diamond":1,"pfm:white_simple_sofa":4,"alexsmobs:maggot":6,"pfm:furniture_book":1,"minecraft:oak_sapling":4,"apocalypsenow:construction_helmet":3,"sophisticatedbackpacks:gold_backpack":1,"minecraft:crafting_table":2,"cold_sweat:boiler":3,"tac:glock_18":1,"apocalypsenow:fire_figther_boots":5,"minecraft:wooden_pickaxe":2,"minecraft:stone_brick_wall":6,"farmersdelight:tomato_sauce":1,"minecraft:gold_block":5,"apocalypsenow:u_sarmy_helmet":3,"immersiveengineering:manual":1,"simplylight:illuminant_slab":2,"apocalypsenow:construction_boots":1,"embellishcraft:sturdy_steel_door":9,"minecraft:poppy":18,"minecraft:light_gray_wool":64,"minecraft:tinted_glass":3,"minecraft:chest":13,"apocalypsenow:construction_barricade":3,"createdeco:cast_iron_mesh_fence":19,"cfm:cyan_kitchen_counter":5,"refinedstorage:16k_storage_part":1,"createdeco:yellow_decal":2,"minecraft:carrot":3,"immersiveengineering:concrete":5,"apocalypsenow:forestguard_leggings":1,"buildersdelight:lantern_6":1,"apocalypsenow:baseball_bat":1,"biomesoplenty:orange_sandstone":4,"minecraft:hay_block":29,"quark:bamboo_mat":59,"apocalypsenow:fire_figther_chestplate":3,"minecraft:leather":31,"apocalypsenow:green_bikers_helmet":1,"embellishcraft:polished_marble":3,"minecraft:oak_log":27,"cfm:stripped_birch_chair":2,"embellishcraft:gneiss_large_bricks_wall":2,"createdeco:locked_cast_iron_door":1,"apocalypsenow:u_sarmy_leggings":3,"embellishcraft:plate":2,"apocalypsenow:construction_leggings":2,"minecraft:stone_bricks":9,"farmersdelight:cooking_pot":3,"solcarrot:food_book":2,"apocalypsenow:money":7,"minecraft:iron_ingot":2,"apocalypsenow:fire_figther_helmet":2,"minecraft:glass_bottle":6,"storagedrawers:oak_full_drawers_1":1,"quark:light_gray_shard":12,"minecraft:emerald_block":3,"minecraft:gravel":17,"apocalypsenow:police_leggings":2,"minecraft:spruce_sapling":1,"minecraft:blast_furnace":1,"minecraft:white_bed":1,"pfm:white_fridge":1,"minecraft:leather_helmet":1,"ag_day_counter:calendar":1,"quark:oak_hedge":1,"apocalypsenow:safe":2,"minecraft:oak_button":1,"quark:gray_shard":35,"farmersdelight:stove":1,"minecraft:coal":2,"quark:gray_framed_glass":2},"minecraft:custom":{"lootr:looted_stat":67,"minecraft:interact_with_crafting_table":45,"minecraft:open_barrel":4,"minecraft:eat_cake_slice":1,"minecraft:leave_game":4,"minecraft:time_since_death":45644,"minecraft:sprint_one_cm":664480,"minecraft:drop":74,"minecraft:talked_to_villager":2,"minecraft:use_bathtub":1,"minecraft:play_time":314802,"minecraft:deaths":14,"minecraft:jump":2104,"minecraft:walk_on_water_one_cm":4110,"minecraft:interact_with_furnace":16,"minecraft:stove_opened":5,"minecraft:sleep_in_bed":5,"minecraft:damage_dealt":24381,"minecraft:player_kills":2,"minecraft:crouch_one_cm":25175,"minecraft:mob_kills":245,"minecraft:damage_dealt_resisted":359,"minecraft:climb_one_cm":125173,"minecraft:walk_one_cm":995322,"minecraft:fridge_opened":5,"minecraft:chair_used":1,"minecraft:damage_dealt_absorbed":200,"minecraft:sneak_time":12079,"minecraft:walk_under_water_one_cm":641,"minecraft:drawer_searched":17,"minecraft:total_world_time":314802,"minecraft:cabinet_searched":3,"minecraft:time_since_rest":45671,"minecraft:damage_taken":5498,"minecraft:swim_one_cm":1113,"minecraft:fly_one_cm":329296,"minecraft:freezer_opened":4,"minecraft:open_chest":164,"minecraft:fall_one_cm":50218},"minecraft:killed_by":{"zombie_extreme:runner":2,"minecraft:zombie":1,"undead_revamp2:thesmoker":1},"minecraft:used":{"embellishcraft:sturdy_steel_door":5,"quark:bamboo_mat":32,"farmersdelight:stove":1,"minecraft:chest":27,"quark:iron_ladder":4,"cfm:cyan_kitchen_counter":5,"apocalypsenow:apple_juice":3,"createdeco:cast_iron_mesh_fence":19,"apocalypsenow:safe":2,"createbigcannons:traffic_cone":6,"embellishcraft:smooth_marble":5,"minecraft:cyan_terracotta":2,"pfm:white_simple_sofa":4,"farmersdelight:tomato":12,"ag_day_counter:calendar":1,"minecraft:lantern":1,"minecraft:stone_bricks":4,"immersiveengineering:concrete":5,"carryon:tile_item":1,"pfm:white_freezer":2,"farmersdelight:cutting_board":1,"minecraft:furnace":5,"embellishcraft:plate":2,"minecraft:oak_sapling":3,"another_furniture:lime_lamp":1,"apocalypsenow:combat_knife":36,"another_furniture:service_bell":1,"farmersdelight:hamburger":1,"simplylight:illuminant_slab":2,"createdeco:locked_cast_iron_door":1,"pfm:white_fridge":1,"minecraft:stone_pickaxe":11,"minecraft:oak_planks":50,"pfm:white_stove":3,"minecraft:wooden_pickaxe":12,"quark:gray_framed_glass":2,"minecraft:cookie":9,"simplylight:illuminant_block_on":1,"immersiveengineering:concrete_quarter":4,"embellishcraft:gneiss_large_bricks_wall":2,"minecraft:blast_furnace":1,"minecraft:stone_brick_wall":6,"embellishcraft:warning_steel_door":1,"minecraft:shears":63,"minecraft:lever":4,"apocalypsenow:tatical_mace":543,"apocalypsenow:iron_baseball_bat":49,"minecraft:bread":8,"minecraft:string":2,"minecraft:iron_door":3,"farmersdelight:chocolate_pie":1,"minecraft:gravel":8,"chalk:red_chalk":6,"farmersdelight:spruce_cabinet":1,"another_furniture:oak_shelf":3,"embellishcraft:polished_marble":1,"storagedrawers:oak_full_drawers_1":2,"cfm:stripped_birch_chair":2,"buildersdelight:lantern_6":1,"minecraft:tinted_glass":3,"minecraft:torch":75,"minecraft:brewing_stand":2,"minecraft:dirt":2,"apocalypsenow:grape_juice":2,"alexsmobs:maggot":2,"minecraft:iron_axe":105,"carryon:entity_item":2,"farmersdelight:cooking_pot":3,"minecraft:acacia_planks":7,"minecraft:light_gray_bed":1,"minecraft:brown_bed":2,"minecraft:cobblestone_stairs":8,"farmersdelight:skillet":1,"minecraft:cobblestone_slab":14,"apocalypsenow:broken_plasma_tv":1,"createaddition:barbed_wire":34,"minecraft:crafting_table":9,"minecraft:white_bed":2,"minecraft:smoker":1,"apocalypsenow:machete":56,"apocalypsenow:construction_barricade":3,"farmersdelight:apple_cider":1,"quark:oak_hedge":1,"minecraft:oak_button":9,"minecraft:iron_pickaxe":490,"cgm:grenade":1,"cold_sweat:boiler":3,"minecraft:spruce_sapling":1,"createdeco:yellow_decal":1,"minecraft:cobblestone":44,"minecraft:potion":24,"apocalypsenow:open_canned_carrot":1,"quark:oak_chest":2},"minecraft:crafted":{"minecraft:chest":1,"minecraft:oak_button":1,"minecraft:crafting_table":2,"minecraft:stick":4,"minecraft:iron_ingot":9,"minecraft:gold_ingot":18,"minecraft:leather":33,"minecraft:iron_axe":1,"minecraft:stone_pickaxe":1,"minecraft:air":478,"minecraft:white_wool":12,"firstaid:bandage":1,"minecraft:white_bed":1},"minecraft:dropped":{"createdeco:yellow_decal":1,"minecraft:oak_log":9,"minecraft:glass_bottle":6,"minecraft:diamond":1,"minecraft:lantern":1,"another_furniture:lime_lamp":1,"sophisticatedbackpacks:gold_backpack":1,"quark:light_gray_shard":5,"apocalypsenow:construction_boots":1,"apocalypsenow:construction_helmet":1,"embellishcraft:polished_marble":2,"minecraft:bone":2,"camera:image":6,"minecraft:rotten_flesh":21,"minecraft:oak_planks":32,"minecraft:poppy":18,"camera:camera":3,"minecraft:iron_bars":2,"apocalypsenow:human_flesh":4,"tac:glock_18":1,"minecraft:cobblestone":6,"refinedstorage:16k_storage_part":2,"apocalypsenow:forestguard_boots":1,"minecraft:torch":11,"alexsmobs:maggot":2,"embellishcraft:smooth_marble":1,"apocalypsenow:police_chestplate":1,"apocalypsenow:apple_juice":1,"simplylight:illuminant_block_on":1,"minecraft:wooden_pickaxe":2,"firstaid:plaster":3}},"DataVersion":2975}