{"stats":{"minecraft:mined":{"createdeco:locked_zinc_door":1,"create:deepslate_zinc_ore":71,"embellishcraft:sturdy_steel_door":5,"embellishcraft:basalt_large_bricks_slab":3,"minecraft:obsidian":5,"minecraft:granite":8,"minecraft:acacia_log":7,"minecraft:grass_block":3,"minecraft:stone_brick_wall":2,"minecraft:light_gray_bed":2,"biomesoplenty:dried_salt":3,"pfm:oak_brown_simple_bed":2,"minecraft:spawner":13,"comforts:sleeping_bag_white":6,"minecraft:smooth_stone":3,"create:vertical_framed_glass":7,"minecraft:iron_ore":27,"embellishcraft:blue_pillow":1,"immersiveengineering:deepslate_ore_silver":16,"minecraft:anvil":1,"minecraft:deepslate_lapis_ore":13,"minecraft:fletching_table":1,"minecraft:brown_bed":1,"minecraft:iron_bars":4,"quark:limestone":2,"cfm:stripped_birch_chair":1,"immersiveengineering:ore_lead":12,"minecraft:iron_block":15,"create:dark_oak_window_pane":3,"minecraft:tripwire":2,"minecraft:gray_terracotta":50,"minecraft:deepslate_redstone_ore":26,"minecraft:quartz_block":4,"minecraft:red_bed":1,"cfm:oak_hedge":5,"apocalypsenow:money_block":17,"minecraft:torch":4,"minecraft:chest":11,"create:framed_glass":1,"minecraft:dead_bush":1,"embellishcraft:polished_marble":36,"minecraft:oak_planks":2,"minecraft:iron_door":3,"minecraft:wall_torch":25,"minecraft:deepslate_copper_ore":14,"lootr:trophy":2,"minecraft:light_gray_stained_glass":14,"quark:gunpowder_sack":12,"immersiveengineering:deepslate_ore_lead":4,"minecraft:smooth_stone_slab":1,"minecraft:grass":1,"create:vertical_framed_glass_pane":6,"minecraft:smooth_quartz":2,"minecraft:sand":24,"minecraft:dirt":7,"simplylight:illuminant_block":1,"minecraft:oak_leaves":6,"minecraft:deepslate":226,"minecraft:emerald_block":4,"createbigcannons:cannon_mount":1,"cfm:stripped_spruce_coffee_table":1,"create:zinc_ore":18,"createdeco:andesite_door":1,"minecraft:deepslate_diamond_ore":1,"biomesoplenty:desert_grass":2,"minecraft:gray_stained_glass_pane":17,"immersiveengineering:concrete_quarter":1,"minecraft:spruce_leaves":1,"minecraft:sandstone":2,"biomesoplenty:dune_grass":2,"embellishcraft:plate":1,"minecraft:black_stained_glass_pane":8,"immersivepetroleum:asphalt":2,"create:framed_glass_pane":1,"minecraft:andesite":1,"minecraft:gold_block":12,"minecraft:bookshelf":21,"minecraft:deepslate_iron_ore":16,"minecraft:stone":214,"zombie_extreme:vending_machine":1,"minecraft:acacia_leaves":1,"quark:smooth_stone_vertical_slab":3,"minecraft:stone_brick_slab":1,"quark:spruce_bookshelf":11,"minecraft:cyan_stained_glass_pane":2,"createbigcannons:traffic_cone":1,"minecraft:gray_stained_glass":39,"minecraft:copper_ore":13,"minecraft:lapis_ore":4,"minecraft:diorite":6,"immersiveengineering:concrete":2,"minecraft:black_stained_glass":1,"minecraft:redstone_torch":2,"minecraft:gray_bed":1,"embellishcraft:smooth_marble":17,"immersiveengineering:steel_scaffolding_standard":4,"minecraft:coal_ore":24,"embellishcraft:brown_dark_oak_fancy_bed":1,"minecraft:gravel":17,"pfm:arm_chair_leather":2,"minecraft:cobweb":18,"minecraft:acacia_planks":1,"minecraft:stone_bricks":17,"minecraft:gold_ore":4,"minecraft:iron_trapdoor":1},"minecraft:killed":{"undead_revamp2:thesmoker":41,"zombiemobs:zombie_panda":2,"zombie_extreme:clicker":2,"mutationcraft:human_stage_1":6,"undead_revamp2:thepregnant":5,"undead_revamp2:crackleball":2,"alexsmobs:kangaroo":1,"zombie_extreme:inflated":5,"zombiemobs:zombie_pig":1,"zombiemobs:zombie_donkey":1,"zombie_extreme:infected_hazmat":14,"mutationcraft:human_stage_2":2,"zombie_extreme:bomber":1,"undead_revamp2:theordure":1,"minecraft:trader_llama":1,"minecraft:zombie":658,"zombie_extreme:infected_police":5,"zombie_extreme:devastated":2,"alexsmobs:fly":6,"mutationcraft:human_stage_3":5,"minecraft:blaze":4,"alexsmobs:jerboa":1,"zombiemobs:zombie_horsee":2,"undead_revamp2:bomber":4,"zombiemobs:zombie_wolf":1,"mutationcraft:the_intoxicator":1,"zombie_extreme:runner":16,"zombie_extreme:crawler":6,"minecraft:husk":82,"zombie_extreme:infected_military":4,"undead_revamp2:the_moonflower":32,"alexsmobs:emu":1,"mutationcraft:assimilated_human":5},"minecraft:broken":{"apocalypsenow:premium_hammer":1,"apocalypsenow:u_sarmy_chestplate":1},"minecraft:killed_by":{"undead_revamp2:the_moonflower":1,"mutationcraft:the_intoxicator":1,"zombie_extreme:inflated":1,"zombie_extreme:infected_military":2,"minecraft:blaze":1,"minecraft:zombie":2,"undead_revamp2:thesmoker":1,"minecraft:player":1,"undead_revamp2:thespitter":2,"mutationcraft:human_stage_3":1},"minecraft:crafted":{"minecraft:oak_planks":8,"immersiveengineering:hammer":1,"minecraft:stone":3,"immersiveengineering:stick_steel":12,"immersiveengineering:plate_lead":8,"immersiveengineering:ingot_lead":32,"minecraft:chest":1,"create:cogwheel":1,"tac:uzi":1,"apocalypsenow:medicalkit":1,"minecraft:charcoal":6,"minecraft:stick":116,"minecraft:stone_slab":6,"minecraft:iron_ingot":26,"apocalypsenow:gasmask_helmet":1,"firstaid:plaster":4,"minecraft:leather":55,"apocalypsenow:tactical_knife":1,"tac:round45":96,"tac:b_magnum":64,"crossbowverhaul:bolt_diamond":64,"sophisticatedbackpacks:iron_backpack":1,"minecraft:crossbow":1,"sophisticatedbackpacks:gold_backpack":1,"minecraft:bucket":2,"minecraft:air":3753,"crossbowverhaul:bolt_iron":24,"minecraft:white_wool":12,"minecraft:acacia_planks":92,"apocalypsenow:money":88},"minecraft:dropped":{"embellishcraft:gray_corrugated_metal_plate_slab":3,"contenttweaker:rubber":1,"apocalypsenow:blue_football_armor_helmet":1,"minecraft:diamond":3,"minecraft:glass_bottle":10,"tac:round45":52,"immersiveengineering:blueprint":16,"minecraft:cookie":2,"apocalypsenow:forestguard_helmet":1,"artifacts:cloud_in_a_bottle":3,"apocalypsenow:police_leggings":4,"minecraft:leather":8,"apocalypsenow:combat_knife":5,"quark:limestone":2,"apocalypsenow:u_sarmy_leggings":4,"minecraft:leather_helmet":2,"refinedstorage:4k_storage_part":1,"quark:light_gray_shard":24,"apocalypsenow:construction_leggings":3,"apocalypsenow:night_stick":3,"apocalypsenow:construction_boots":4,"embellishcraft:smooth_basalt":1,"apocalypsenow:fire_figther_boots":7,"solcarrot:food_book":2,"apocalypsenow:blue_football_armor_leggings":2,"createdeco:locked_zinc_door":1,"apocalypsenow:construction_helmet":3,"embellishcraft:basalt_large_bricks_slab":4,"apocalypsenow:can":6,"apocalypsenow:u_sarmy_helmet":4,"refinedstorage:crafting_grid":1,"tac:10_gauge_round":3,"apocalypsenow:hookey_stick":2,"minecraft:iron_pickaxe":1,"createdeco:andesite_door":1,"ftbquests:book":2,"minecraft:white_wool":1,"embellishcraft:polished_marble":3,"minecraft:gold_ingot":18,"apocalypsenow:vodka":1,"minecraft:bone":38,"minecraft:gravel":1,"minecraft:emerald_block":1,"minecraft:sugar_cane":1,"alexsmobs:animal_dictionary":1,"minecraft:cobbled_deepslate":27,"apocalypsenow:small_can":5,"apocalypsenow:grape_juice":1,"minecraft:nether_brick":32,"embellishcraft:gneiss_large_bricks_wall":1,"camera:image":4,"pfm:oak_brown_simple_bed":1,"minecraft:rotten_flesh":50,"apocalypsenow:money":5,"embellishcraft:sturdy_steel_door":3,"apocalypsenow:bloodybandages":13,"sophisticatedbackpacks:diamond_backpack":2,"apocalypsenow:black_motorcycle_helmet_helmet":1,"minecraft:carrot":1,"patchouli:guide_book":2,"apocalypsenow:baseball_bat":1,"apocalypsenow:gasmask_helmet":3,"minecraft:gunpowder":213,"quark:gunpowder_sack":4,"artifacts:umbrella":1,"contenttweaker:resistant_fabric":6,"apocalypsenow:fire_figther_leggings":5,"immersiveengineering:manual":2,"apocalypsenow:dagger":1,"minecraft:leather_boots":1,"tac:ae50":14,"minecraft:acacia_sapling":1,"camera:camera":3,"comforts:sleeping_bag_white":3,"apocalypsenow:red_football_armor_chestplate":1,"immersivepetroleum:asphalt":1,"apocalypsenow:canned_melon":3,"minecraft:iron_bars":4,"tac:deagle_357":1,"apocalypsenow:cleaver":1,"apocalypsenow:can_opener":1,"camera:album":1,"apocalypsenow:human_flesh":6,"minecraft:iron_ingot":2,"immersiveengineering:concrete":2,"apocalypsenow:police_helmet":1,"quark:smooth_stone_vertical_slab":5,"apocalypsenow:open_canned_carrot":2,"minecraft:cobblestone":15,"apocalypsenow:cereal":3,"minecraft:granite":48,"quark:gray_shard":149,"refinedstorage:16k_storage_part":1,"quark:yellow_corundum":6,"apocalypsenow:forestguard_boots":2,"tac:b_magnum":1,"tac:mk23":3,"apocalypsenow:knife":1,"apocalypsenow:u_sarmy_boots":2,"apocalypsenow:canned_tomatos":4,"apocalypsenow:tatical_mace":1,"minecraft:stick":577,"apocalypsenow:blue_football_armor_chestplate":1,"minecraft:iron_block":8,"apocalypsenow:letter_opener":1,"apocalypsenow:fire_figther_chestplate":6,"minecraft:diorite":37,"minecraft:torch":3,"crossbowverhaul:bolt_diamond":31,"minecraft:gray_bed":1,"minecraft:iron_door":2,"apocalypsenow:porpsi":5,"minecraft:iron_leggings":1,"minecraft:dried_kelp":2,"biomesoplenty:glowshroom":1,"minecraft:cactus":2,"minecraft:smooth_stone":4,"minecraft:paper":21,"minecraft:string":209,"minecraft:acacia_planks":22,"minecraft:stone_brick_slab":1,"apocalypsenow:pipe_wrench":1,"farmersdelight:melon_juice":3,"biomesoplenty:dried_salt":3,"apocalypsenow:u_sarmy_chestplate":3,"apocalypsenow:canned_fish":8,"immersiveengineering:steel_scaffolding_standard":6,"alexsmobs:maggot":2,"create:ochrum":31,"alexsmobs:acacia_blossom":3,"apocalypsenow:fire_figther_helmet":5,"apocalypsenow:golf_stick":2,"quark:framed_glass_pane":2,"minecraft:bowl":1,"apocalypsenow:orange_juice":2,"embellishcraft:smooth_marble":9,"apocalypsenow:police_chestplate":3,"sophisticatedbackpacks:backpack":1,"quark:yellow_corundum_cluster":20,"embellishcraft:plate":1,"apocalypsenow:canned_pork":2,"apocalypsenow:construction_chestplate":5,"minecraft:gray_terracotta":50,"minecraft:shield":1,"pipez:energy_pipe":17,"biomesoplenty:glowworm_silk":1,"apocalypsenow:bayonet":1,"minecraft:andesite":14,"immersiveengineering:concrete_quarter":1,"another_furniture:spruce_planter_box":1,"apocalypsenow:electric_baton":1,"minecraft:redstone_torch":1,"minecraft:stone_bricks":4,"pfm:furniture_book":2,"apocalypsenow:coke":4,"apocalypsenow:forestguard_leggings":1,"minecraft:wooden_pickaxe":1,"tac:9mm_round":111,"nameless_trinkets:experience_battery":3},"minecraft:custom":{"lootr:looted_stat":144,"minecraft:interact_with_crafting_table":50,"minecraft:open_barrel":7,"minecraft:microwave_used":3,"minecraft:eat_cake_slice":9,"minecraft:leave_game":7,"minecraft:time_since_death":143822,"minecraft:sprint_one_cm":953783,"minecraft:drop":398,"minecraft:talked_to_villager":84,"minecraft:play_time":774941,"minecraft:deaths":34,"minecraft:enchant_item":5,"minecraft:jump":4182,"minecraft:interact_with_brewingstand":1,"minecraft:walk_on_water_one_cm":28036,"minecraft:interact_with_furnace":40,"minecraft:traded_with_villager":93,"minecraft:interact_with_cartography_table":2,"minecraft:stove_opened":5,"minecraft:sleep_in_bed":20,"minecraft:damage_dealt":90652,"minecraft:player_kills":4,"minecraft:crouch_one_cm":26889,"minecraft:interact_with_smoker":8,"minecraft:interact_with_anvil":3,"minecraft:mob_kills":1048,"minecraft:damage_dealt_resisted":1521,"minecraft:climb_one_cm":165854,"minecraft:walk_one_cm":2065495,"minecraft:fridge_opened":5,"minecraft:chair_used":5,"minecraft:damage_dealt_absorbed":200,"minecraft:sneak_time":11337,"minecraft:walk_under_water_one_cm":26738,"minecraft:boat_one_cm":911,"minecraft:drawer_searched":34,"minecraft:interact_with_blast_furnace":10,"minecraft:total_world_time":774941,"minecraft:toilet_used":12,"minecraft:interact_with_grindstone":3,"minecraft:pot_flower":1,"minecraft:trashcan_opened":1,"minecraft:cabinet_searched":4,"minecraft:time_since_rest":143845,"minecraft:damage_taken":13995,"minecraft:swim_one_cm":12589,"minecraft:freezer_opened":12,"minecraft:fly_one_cm":980850,"minecraft:open_chest":673,"minecraft:fall_one_cm":151957},"minecraft:picked_up":{"apocalypsenow:apple_juice":1,"tac:mk23":2,"minecraft:iron_trapdoor":1,"minecraft:anvil":1,"apocalypsenow:bloodybandages":13,"immersiveengineering:plate_duroplast":4,"minecraft:brown_bed":1,"minecraft:potion":16,"minecraft:nether_brick":32,"camera:camera":3,"create:bar_of_chocolate":5,"minecraft:string":763,"minecraft:raw_copper":106,"minecraft:smooth_stone_slab":1,"minecraft:iron_leggings":1,"create:sweet_roll":3,"pipez:energy_pipe":17,"immersiveengineering:raw_lead":16,"minecraft:smooth_stone":5,"minecraft:cobbled_deepslate":239,"apocalypsenow:knife":1,"comforts:sleeping_bag_white":19,"minecraft:redstone_torch":2,"apocalypsenow:red_football_armor_chestplate":1,"minecraft:smooth_quartz":2,"pfm:arm_chair_leather":2,"minecraft:iron_pickaxe":1,"createdeco:locked_zinc_door":1,"minecraft:stick":464,"embellishcraft:smooth_marble":14,"embellishcraft:basalt_large_bricks_slab":6,"apocalypsenow:canadian_army_boots":1,"apocalypsenow:canned_pork":4,"minecraft:torch":31,"minecraft:acacia_log":353,"mutationcraft:putrid_claw":4,"quark:yellow_corundum_cluster":20,"securitycraft:camera_monitor":1,"minecraft:dried_kelp":2,"minecraft:diorite":43,"camera:album":1,"cfm:stripped_spruce_coffee_table":1,"embellishcraft:gray_corrugated_metal_plate_slab":2,"apocalypsenow:fire_figther_leggings":5,"apocalypsenow:porpsi":5,"minecraft:light_gray_bed":2,"minecraft:rotten_flesh":579,"crossbowverhaul:bolt_netherite":16,"pfm:oak_brown_simple_bed":3,"create:ochrum":31,"minecraft:iron_block":17,"apocalypsenow:police_chestplate":1,"minecraft:obsidian":5,"minecraft:iron_bars":6,"apocalypsenow:money_block":17,"minecraft:cobblestone":171,"apocalypsenow:u_sarmy_boots":4,"tac:round45":344,"apocalypsenow:blue_football_armor_leggings":2,"immersiveengineering:concrete_quarter":2,"apocalypsenow:club":1,"biomesoplenty:dried_salt":3,"apocalypsenow:canned_melon":3,"minecraft:iron_door":3,"minecraft:andesite":15,"apocalypsenow:hunting_helmet":1,"tac:10_gauge_round":6,"biomesoplenty:glowshroom":1,"createdeco:andesite_door":1,"minecraft:potato":1,"apocalypsenow:cereal":3,"create:raw_zinc":98,"contenttweaker:rubber":5,"immersivepetroleum:asphalt":2,"minecraft:dirt":5,"apocalypsenow:construction_chestplate":5,"minecraft:lapis_lazuli":113,"apocalypsenow:canned_tomatos":4,"lootr:trophy":2,"minecraft:leather_boots":1,"minecraft:bone":633,"minecraft:acacia_planks":12,"minecraft:gray_terracotta":50,"apocalypsenow:human_flesh":18,"minecraft:raw_gold":6,"ftbquests:book":1,"minecraft:fletching_table":1,"tac:9mm_round":336,"camera:image":4,"apocalypsenow:electric_baton":1,"apocalypsenow:police_helmet":1,"minecraft:oak_planks":1,"immersiveengineering:blueprint":12,"apocalypsenow:u_sarmy_chestplate":4,"quark:smooth_stone_vertical_slab":7,"patchouli:guide_book":3,"contenttweaker:high_carbon_steel_alloy":5,"apocalypsenow:tatical_mace":1,"apocalypsenow:canned_fish":7,"minecraft:sand":24,"cfm:oak_hedge":5,"apocalypsenow:black_motorcycle_helmet_helmet":1,"apocalypsenow:dagger":1,"alexsmobs:animal_dictionary":1,"create:polished_cut_limestone":4,"apocalypsenow:coke":4,"apocalypsenow:golf_stick":1,"apocalypsenow:pkm_4gasmask_helmet":1,"apocalypsenow:bayonet":1,"minecraft:diamond":4,"minecraft:polished_blackstone_pressure_plate":1,"apocalypsenow:forestguard_helmet":1,"minecraft:granite":56,"apocalypsenow:blue_football_armor_chestplate":2,"alexsmobs:maggot":2,"pfm:furniture_book":2,"apocalypsenow:construction_helmet":3,"minecraft:crafting_table":1,"apocalypsenow:letter_opener":1,"apocalypsenow:fire_figther_boots":7,"tac:hk416_a5":1,"crossbowverhaul:bolt_explosive":7,"apocalypsenow:blue_football_armor_helmet":1,"minecraft:stone_brick_wall":2,"minecraft:gold_block":12,"apocalypsenow:u_sarmy_helmet":9,"quark:gunpowder_sack":19,"minecraft:shield":1,"embellishcraft:brown_dark_oak_fancy_bed":1,"immersiveengineering:manual":1,"minecraft:red_bed":1,"minecraft:item_frame":5,"apocalypsenow:medicalkit":2,"apocalypsenow:night_stick":3,"apocalypsenow:construction_boots":8,"apocalypsenow:can":1,"immersiveengineering:workbench":2,"apocalypsenow:cleaver":1,"embellishcraft:sturdy_steel_door":4,"minecraft:sugar_cane":1,"minecraft:chest":6,"apocalypsenow:hookey_stick":2,"minecraft:sandstone":2,"minecraft:raw_iron":45,"refinedstorage:16k_storage_part":1,"sophisticatedbackpacks:backpack":1,"apocalypsenow:pipe_wrench":1,"create:hand_crank":1,"minecraft:redstone":126,"minecraft:carrot":3,"refinedstorage:4k_storage_part":1,"immersiveengineering:concrete":2,"apocalypsenow:combat_knife":4,"tac:b_magnum":15,"quark:yellow_corundum":6,"immersiveengineering:steel_scaffolding_standard":10,"minecraft:gold_ingot":17,"createbigcannons:cannon_mount":1,"apocalypsenow:suturekit":1,"mutationcraft:putrid_heart":2,"apocalypsenow:fire_figther_chestplate":6,"simpleplanes:helicopter":1,"another_furniture:spruce_planter_box":1,"minecraft:glow_ink_sac":4,"minecraft:leather":11,"alexsmobs:acacia_blossom":3,"apocalypsenow:orange_juice":2,"embellishcraft:polished_marble":39,"minecraft:oak_log":2,"minecraft:gunpowder":232,"artifacts:cloud_in_a_bottle":2,"quark:limestone":2,"minecraft:paper":17,"embellishcraft:gneiss_large_bricks_wall":1,"apocalypsenow:u_sarmy_leggings":5,"embellishcraft:plate":1,"apocalypsenow:construction_leggings":3,"minecraft:stone_bricks":15,"solcarrot:food_book":2,"biomesoplenty:glowworm_silk":1,"tac:deagle_357":1,"apocalypsenow:money":4,"tac:nato_556_bullet":100,"minecraft:iron_ingot":4,"zombie_extreme:vending_machine":1,"apocalypsenow:fire_figther_helmet":5,"minecraft:glass_bottle":5,"simplylight:illuminant_block":1,"minecraft:gray_bed":2,"minecraft:iron_sword":1,"minecraft:acacia_sapling":13,"tac:ae50":51,"sophisticatedbackpacks:diamond_backpack":1,"minecraft:book":96,"apocalypsenow:grape_juice":1,"quark:light_gray_shard":32,"minecraft:emerald_block":4,"contenttweaker:resistant_fabric":14,"nameless_trinkets:experience_battery":2,"minecraft:stone_brick_slab":1,"minecraft:gravel":9,"apocalypsenow:police_leggings":2,"apocalypsenow:forestguard_boots":2,"apocalypsenow:vodka":1,"minecraft:leather_helmet":2,"apocalypsenow:canadian_army_helmet":1,"create:layered_tuff":3,"crossbowverhaul:bolt_diamond":32,"minecraft:slime_ball":1,"xpbook:xp_tome":1,"quark:framed_glass_pane":2,"minecraft:oak_button":1,"tac:762x39":78,"quark:gray_shard":194,"minecraft:coal":24,"immersiveengineering:raw_silver":16},"minecraft:used":{"embellishcraft:sturdy_steel_door":1,"apocalypsenow:hand_axe":147,"apocalypsenow:premium_hammer":292,"minecraft:chest":21,"lootr:trophy":3,"farmersdelight:melon_juice":38,"apocalypsenow:apple_juice":1,"create:cogwheel":1,"immersivepetroleum:asphalt":1,"embellishcraft:smooth_marble":2,"minecraft:lava_bucket":9,"farmersdelight:melon_popsicle":1,"apocalypsenow:money_block":6,"createbigcannons:cannon_mount":1,"minecraft:item_frame":13,"apocalypsenow:combat_knife":374,"minecraft:gray_bed":1,"apocalypsenow:open_canned_pork":2,"farmersdelight:hamburger":2,"farmersdelight:chicken_soup":1,"apocalypsenow:electric_baton":591,"zombie_extreme:vending_machine":1,"minecraft:oak_planks":1,"minecraft:wooden_pickaxe":3,"minecraft:diamond_axe":112,"immersiveengineering:concrete_quarter":2,"minecraft:crossbow":129,"minecraft:redstone_torch":1,"farmersdelight:ratatouille":9,"immersiveengineering:hammer":4,"apocalypsenow:tatical_mace":540,"minecraft:string":2,"minecraft:iron_door":1,"minecraft:gravel":8,"apocalypsenow:tactical_knife":230,"minecraft:grindstone":1,"apocalypsenow:golf_stick":16,"minecraft:gray_stained_glass":6,"pfm:oak_brown_simple_bed":2,"minecraft:enchanting_table":1,"minecraft:acacia_log":2,"minecraft:flint_and_steel":17,"embellishcraft:basalt_large_bricks_slab":2,"pfm:arm_chair_leather":2,"cfm:stripped_spruce_coffee_table":1,"minecraft:torch":67,"minecraft:anvil":1,"farmersdelight:mushroom_rice":1,"minecraft:light_gray_stained_glass":1,"immersiveengineering:workbench":2,"minecraft:iron_axe":2,"minecraft:acacia_slab":24,"carryon:entity_item":1,"quark:acacia_ladder":118,"minecraft:iron_trapdoor":1,"apocalypsenow:porpsi":5,"comforts:sleeping_bag_white":15,"minecraft:cobbled_deepslate":1,"apocalypsenow:night_stick":193,"minecraft:light_gray_bed":2,"minecraft:brown_bed":1,"minecraft:water_bucket":16,"minecraft:glass_bottle":3,"minecraft:fletching_table":1,"minecraft:polished_blackstone_pressure_plate":1,"quark:acacia_bookshelf":21,"cfm:oak_hedge":5,"minecraft:crafting_table":7,"apocalypsenow:machete":165,"minecraft:diamond_pickaxe":788,"minecraft:oak_button":1,"minecraft:iron_pickaxe":163,"cgm:grenade":4,"minecraft:cobblestone":16,"minecraft:potion":42,"apocalypsenow:open_canned_carrot":6,"farmersdelight:egg_sandwich":1,"minecraft:bucket":26,"create:hand_crank":2,"immersiveengineering:steel_scaffolding_standard":4,"quark:smooth_stone_vertical_slab":2,"minecraft:smooth_stone":1}},"DataVersion":2975}