{"stats":{"minecraft:used":{"minecraft:stone_sword":1,"zombie_extreme:decomposing_backpack":1,"zombie_extreme:radio_installation":1,"minecraft:stone_pickaxe":26,"minecraft:wooden_pickaxe":7,"minecraft:stone_axe":27,"minecraft:dirt":6,"zombie_extreme:crowbar":1,"minecraft:crafting_table":2,"minecraft:furnace":1,"apocalypsenow:taiga_1_survival_machete":2},"minecraft:picked_up":{"minecraft:stick":2,"zombie_extreme:syringe_drug":1,"minecraft:lilac":1,"minecraft:yellow_wool":2,"minecraft:leather":1,"minecraft:fern":2,"minecraft:wooden_pickaxe":1,"apocalypsenow:taiga_1_survival_machete":1,"apocalypsenow:medical_box":1,"embellishcraft:gneiss_cobblestone":2,"minecraft:spruce_sapling":4,"minecraft:spruce_log":34,"zombie_extreme:decomposing_backpack":1,"zombie_extreme:radio_installation":2,"minecraft:dirt":18,"minecraft:wooden_sword":1,"minecraft:light_gray_bed":1,"minecraft:rotten_flesh":1,"minecraft:cobblestone":27},"minecraft:custom":{"minecraft:time_since_rest":16991,"minecraft:interact_with_furnace":3,"lootr:looted_stat":26,"minecraft:sprint_one_cm":43900,"minecraft:walk_one_cm":27388,"minecraft:mob_kills":1,"minecraft:drop":10,"minecraft:damage_dealt":20,"minecraft:swim_one_cm":7175,"minecraft:interact_with_crafting_table":4,"minecraft:fly_one_cm":20609,"minecraft:open_chest":3,"minecraft:crouch_one_cm":198,"minecraft:play_time":16991,"minecraft:sneak_time":138,"minecraft:walk_under_water_one_cm":3967,"minecraft:jump":163,"minecraft:leave_game":1,"minecraft:walk_on_water_one_cm":12798,"minecraft:time_since_death":16991,"minecraft:total_world_time":16991,"minecraft:fall_one_cm":2459},"minecraft:crafted":{"minecraft:charcoal":2,"minecraft:air":59},"minecraft:killed":{"alexsmobs:fly":1},"minecraft:mined":{"rocks:pinecone":1,"zombie_extreme:decomposing_backpack":1,"minecraft:lilac":1,"minecraft:spruce_log":35,"minecraft:grass_block":5,"minecraft:sunflower":1,"minecraft:dirt":14,"minecraft:light_gray_bed":1,"embellishcraft:gneiss":2,"biomesoplenty:sprout":1,"minecraft:spruce_leaves":1,"minecraft:stone":27,"apocalypsenow:medical_box":1,"zombie_extreme:radio_installation":2},"minecraft:dropped":{"zombie_extreme:radio_installation":1,"minecraft:rotten_flesh":1,"minecraft:wooden_sword":2,"minecraft:wooden_pickaxe":2,"minecraft:paper":1,"apocalypsenow:taiga_1_survival_machete":1,"minecraft:stick":2,"zombie_extreme:syringe_drug":1}},"DataVersion":2975}