{"stats":{"minecraft:crafted":{"minecraft:air":44,"minecraft:white_wool":6},"minecraft:dropped":{"apocalypsenow:police_helmet":1,"contenttweaker:rubber":1,"tac:round45":3,"apocalypsenow:police_leggings":2,"quark:gray_shard":71,"apocalypsenow:forestguard_boots":2,"apocalypsenow:u_sarmy_leggings":2,"tac:mk23":1,"minecraft:leather_helmet":1,"quark:light_gray_shard":15,"apocalypsenow:fire_figther_chestplate":3,"apocalypsenow:construction_leggings":2,"apocalypsenow:fire_figther_boots":6,"solcarrot:food_book":2,"apocalypsenow:construction_helmet":1,"minecraft:cactus":2,"minecraft:paper":7,"minecraft:string":8,"ftbquests:book":2,"minecraft:acacia_planks":14,"minecraft:bone":22,"apocalypsenow:u_sarmy_chestplate":1,"alexsmobs:maggot":2,"alexsmobs:animal_dictionary":1,"minecraft:bowl":1,"embellishcraft:smooth_marble":2,"minecraft:rotten_flesh":21,"apocalypsenow:police_chestplate":2,"apocalypsenow:money":4,"embellishcraft:plate":1,"minecraft:carrot":1,"patchouli:guide_book":2,"apocalypsenow:black_motorcycle_helmet_helmet":1,"apocalypsenow:baseball_bat":1,"apocalypsenow:fire_figther_leggings":1,"immersiveengineering:manual":2,"minecraft:leather_boots":1,"pfm:furniture_book":2,"apocalypsenow:forestguard_leggings":1,"minecraft:wooden_pickaxe":1,"tac:9mm_round":13},"minecraft:killed":{"undead_revamp2:thesmoker":5,"zombiemobs:zombie_wolf":1,"mutationcraft:human_stage_1":1,"undead_revamp2:thepregnant":1,"zombie_extreme:runner":5,"undead_revamp2:crackleball":1,"zombie_extreme:crawler":3,"minecraft:husk":28,"zombiemobs:zombie_donkey":1,"zombie_extreme:infected_hazmat":1,"mutationcraft:human_stage_2":1,"undead_revamp2:the_moonflower":3,"minecraft:zombie":179,"mutationcraft:assimilated_human":1,"zombie_extreme:infected_police":1,"alexsmobs:fly":3,"mutationcraft:human_stage_3":1,"alexsmobs:jerboa":1},"minecraft:custom":{"lootr:looted_stat":27,"minecraft:mob_kills":309,"minecraft:interact_with_crafting_table":2,"minecraft:damage_dealt_resisted":293,"minecraft:leave_game":3,"minecraft:time_since_death":12803,"minecraft:climb_one_cm":61751,"minecraft:sprint_one_cm":238280,"minecraft:walk_one_cm":418014,"minecraft:drop":96,"minecraft:chair_used":3,"minecraft:play_time":172645,"minecraft:deaths":14,"minecraft:sneak_time":4345,"minecraft:walk_under_water_one_cm":3362,"minecraft:jump":1341,"minecraft:interact_with_brewingstand":1,"minecraft:walk_on_water_one_cm":4075,"minecraft:total_world_time":172645,"minecraft:interact_with_furnace":4,"minecraft:toilet_used":3,"minecraft:sleep_in_bed":2,"minecraft:time_since_rest":12827,"minecraft:damage_taken":4808,"minecraft:damage_dealt":21758,"minecraft:fly_one_cm":161525,"minecraft:freezer_opened":5,"minecraft:player_kills":4,"minecraft:open_chest":20,"minecraft:crouch_one_cm":8089,"minecraft:fall_one_cm":35379},"minecraft:killed_by":{"minecraft:player":1,"mutationcraft:the_intoxicator":1,"minecraft:zombie":2},"minecraft:picked_up":{"apocalypsenow:apple_juice":1,"apocalypsenow:fire_figther_boots":6,"apocalypsenow:u_sarmy_helmet":1,"quark:gunpowder_sack":6,"embellishcraft:brown_dark_oak_fancy_bed":1,"immersiveengineering:manual":1,"minecraft:string":138,"minecraft:red_bed":1,"apocalypsenow:construction_boots":2,"pfm:arm_chair_leather":2,"embellishcraft:smooth_marble":3,"minecraft:torch":1,"minecraft:acacia_log":3,"securitycraft:camera_monitor":1,"minecraft:carrot":2,"apocalypsenow:fire_figther_leggings":1,"minecraft:light_gray_bed":2,"minecraft:rotten_flesh":157,"apocalypsenow:police_chestplate":1,"apocalypsenow:fire_figther_chestplate":3,"minecraft:cobblestone":1,"apocalypsenow:u_sarmy_boots":1,"tac:round45":38,"minecraft:leather":1,"contenttweaker:rubber":2,"minecraft:gunpowder":9,"minecraft:leather_boots":1,"apocalypsenow:u_sarmy_leggings":3,"embellishcraft:plate":1,"minecraft:bone":142,"minecraft:acacia_planks":7,"apocalypsenow:construction_leggings":2,"solcarrot:food_book":2,"apocalypsenow:human_flesh":6,"ftbquests:book":1,"apocalypsenow:money":1,"minecraft:iron_ingot":1,"apocalypsenow:fire_figther_helmet":1,"tac:9mm_round":47,"camera:image":3,"apocalypsenow:police_helmet":1,"minecraft:oak_planks":1,"quark:light_gray_shard":19,"apocalypsenow:u_sarmy_chestplate":1,"contenttweaker:resistant_fabric":2,"patchouli:guide_book":3,"minecraft:gravel":8,"apocalypsenow:forestguard_boots":2,"cfm:oak_hedge":5,"alexsmobs:animal_dictionary":1,"minecraft:slime_ball":1,"alexsmobs:maggot":2,"pfm:furniture_book":2,"quark:gray_shard":112,"apocalypsenow:construction_helmet":1},"minecraft:mined":{"biomesoplenty:desert_grass":1,"minecraft:gray_stained_glass_pane":5,"minecraft:acacia_log":3,"minecraft:grass_block":2,"minecraft:light_gray_bed":2,"minecraft:spruce_leaves":1,"minecraft:spawner":1,"embellishcraft:plate":1,"minecraft:black_stained_glass_pane":5,"minecraft:iron_bars":1,"minecraft:red_bed":1,"cfm:oak_hedge":5,"minecraft:cyan_stained_glass_pane":2,"createbigcannons:traffic_cone":1,"minecraft:gray_stained_glass":26,"minecraft:dead_bush":1,"minecraft:oak_planks":1,"minecraft:wall_torch":1,"minecraft:black_stained_glass":1,"minecraft:light_gray_stained_glass":9,"quark:gunpowder_sack":4,"embellishcraft:smooth_marble":1,"create:vertical_framed_glass_pane":2,"embellishcraft:brown_dark_oak_fancy_bed":1,"minecraft:dirt":3,"minecraft:gravel":16,"minecraft:cobweb":1,"pfm:arm_chair_leather":2,"minecraft:oak_leaves":4},"minecraft:used":{"pfm:arm_chair_leather":2,"minecraft:torch":7,"apocalypsenow:apple_juice":1,"embellishcraft:smooth_marble":1,"minecraft:light_gray_stained_glass":1,"carryon:entity_item":1,"farmersdelight:melon_popsicle":1,"apocalypsenow:night_stick":193,"minecraft:light_gray_bed":2,"farmersdelight:chicken_soup":1,"apocalypsenow:electric_baton":591,"minecraft:oak_planks":1,"minecraft:wooden_pickaxe":3,"cfm:oak_hedge":5,"cgm:grenade":2,"minecraft:gravel":8,"minecraft:potion":2,"minecraft:gray_stained_glass":6}},"DataVersion":2975}