{"stats":{"minecraft:picked_up":{"apocalypsenow:apple_juice":1,"minecraft:crafting_table":1,"apocalypsenow:letter_opener":1,"apocalypsenow:fire_figther_boots":6,"apocalypsenow:u_sarmy_helmet":4,"minecraft:potion":16,"quark:gunpowder_sack":6,"embellishcraft:brown_dark_oak_fancy_bed":1,"immersiveengineering:manual":1,"minecraft:string":183,"minecraft:red_bed":1,"minecraft:item_frame":5,"pipez:energy_pipe":17,"apocalypsenow:medicalkit":2,"apocalypsenow:night_stick":3,"apocalypsenow:knife":1,"minecraft:cobbled_deepslate":22,"apocalypsenow:construction_boots":4,"minecraft:iron_pickaxe":1,"apocalypsenow:cleaver":1,"apocalypsenow:red_football_armor_chestplate":1,"apocalypsenow:can":1,"pfm:arm_chair_leather":2,"minecraft:chest":2,"apocalypsenow:hookey_stick":2,"embellishcraft:smooth_marble":3,"minecraft:torch":10,"minecraft:acacia_log":3,"quark:yellow_corundum_cluster":20,"securitycraft:camera_monitor":1,"minecraft:dried_kelp":2,"apocalypsenow:pipe_wrench":1,"minecraft:diorite":37,"minecraft:carrot":2,"apocalypsenow:combat_knife":3,"tac:b_magnum":2,"apocalypsenow:fire_figther_leggings":2,"quark:yellow_corundum":6,"minecraft:light_gray_bed":2,"minecraft:rotten_flesh":196,"create:ochrum":31,"minecraft:gold_ingot":16,"apocalypsenow:police_chestplate":1,"minecraft:iron_bars":2,"apocalypsenow:fire_figther_chestplate":4,"minecraft:cobblestone":22,"apocalypsenow:u_sarmy_boots":1,"tac:round45":137,"apocalypsenow:club":1,"apocalypsenow:hunting_helmet":1,"minecraft:andesite":14,"tac:10_gauge_round":6,"minecraft:leather":10,"biomesoplenty:glowshroom":1,"minecraft:oak_log":2,"contenttweaker:rubber":2,"minecraft:gunpowder":202,"minecraft:paper":14,"minecraft:leather_boots":1,"minecraft:bone":203,"apocalypsenow:u_sarmy_leggings":3,"embellishcraft:plate":1,"apocalypsenow:construction_leggings":3,"minecraft:acacia_planks":7,"solcarrot:food_book":2,"apocalypsenow:human_flesh":6,"biomesoplenty:glowworm_silk":1,"ftbquests:book":1,"tac:nato_556_bullet":7,"apocalypsenow:money":1,"minecraft:iron_ingot":1,"apocalypsenow:fire_figther_helmet":1,"apocalypsenow:electric_baton":1,"tac:9mm_round":247,"camera:image":3,"apocalypsenow:police_helmet":1,"minecraft:oak_planks":1,"tac:ae50":28,"quark:light_gray_shard":19,"apocalypsenow:u_sarmy_chestplate":2,"contenttweaker:resistant_fabric":2,"patchouli:guide_book":3,"minecraft:gravel":8,"apocalypsenow:police_leggings":2,"cfm:oak_hedge":5,"apocalypsenow:forestguard_boots":2,"apocalypsenow:dagger":1,"alexsmobs:animal_dictionary":1,"minecraft:slime_ball":1,"apocalypsenow:bayonet":1,"minecraft:diamond":3,"minecraft:polished_blackstone_pressure_plate":1,"apocalypsenow:forestguard_helmet":1,"minecraft:granite":48,"alexsmobs:maggot":2,"pfm:furniture_book":2,"quark:gray_shard":112,"apocalypsenow:construction_helmet":1},"minecraft:killed":{"undead_revamp2:thesmoker":12,"zombiemobs:zombie_panda":1,"zombiemobs:zombie_wolf":1,"mutationcraft:human_stage_1":1,"undead_revamp2:thepregnant":1,"zombie_extreme:runner":7,"undead_revamp2:crackleball":1,"zombiemobs:zombie_pig":1,"zombie_extreme:crawler":3,"minecraft:husk":29,"zombiemobs:zombie_donkey":1,"zombie_extreme:infected_hazmat":1,"mutationcraft:human_stage_2":1,"undead_revamp2:the_moonflower":5,"minecraft:zombie":236,"mutationcraft:assimilated_human":1,"zombie_extreme:infected_police":2,"mutationcraft:human_stage_3":1,"alexsmobs:fly":3,"minecraft:blaze":4,"alexsmobs:jerboa":1},"minecraft:crafted":{"minecraft:oak_planks":8,"immersiveengineering:stick_steel":12,"minecraft:leather":55,"minecraft:chest":1,"minecraft:air":221,"minecraft:white_wool":12,"minecraft:iron_ingot":26},"minecraft:dropped":{"immersiveengineering:concrete":1,"apocalypsenow:police_helmet":1,"contenttweaker:rubber":1,"apocalypsenow:open_canned_carrot":2,"minecraft:diamond":3,"minecraft:glass_bottle":3,"tac:round45":52,"minecraft:cobblestone":10,"apocalypsenow:forestguard_helmet":1,"apocalypsenow:police_leggings":4,"minecraft:leather":8,"minecraft:granite":48,"quark:gray_shard":71,"apocalypsenow:combat_knife":3,"quark:yellow_corundum":6,"apocalypsenow:forestguard_boots":2,"apocalypsenow:knife":1,"tac:b_magnum":1,"apocalypsenow:u_sarmy_leggings":2,"tac:mk23":1,"minecraft:leather_helmet":1,"apocalypsenow:letter_opener":1,"quark:light_gray_shard":15,"minecraft:diorite":37,"apocalypsenow:fire_figther_chestplate":4,"apocalypsenow:night_stick":3,"apocalypsenow:construction_boots":1,"apocalypsenow:construction_leggings":3,"apocalypsenow:fire_figther_boots":6,"solcarrot:food_book":2,"minecraft:dried_kelp":2,"apocalypsenow:construction_helmet":1,"apocalypsenow:u_sarmy_helmet":1,"apocalypsenow:can":3,"refinedstorage:crafting_grid":1,"tac:10_gauge_round":3,"apocalypsenow:hookey_stick":2,"biomesoplenty:glowshroom":1,"minecraft:iron_pickaxe":1,"minecraft:cactus":2,"minecraft:paper":21,"minecraft:string":8,"ftbquests:book":2,"minecraft:white_wool":1,"minecraft:acacia_planks":14,"minecraft:gold_ingot":16,"minecraft:bone":36,"apocalypsenow:pipe_wrench":1,"apocalypsenow:u_sarmy_chestplate":2,"apocalypsenow:canned_fish":5,"minecraft:sugar_cane":1,"alexsmobs:maggot":2,"create:ochrum":31,"apocalypsenow:fire_figther_helmet":1,"minecraft:cobbled_deepslate":22,"alexsmobs:animal_dictionary":1,"minecraft:bowl":1,"embellishcraft:smooth_marble":2,"minecraft:rotten_flesh":21,"apocalypsenow:police_chestplate":3,"apocalypsenow:money":4,"quark:yellow_corundum_cluster":20,"embellishcraft:plate":1,"minecraft:carrot":1,"apocalypsenow:black_motorcycle_helmet_helmet":1,"patchouli:guide_book":2,"apocalypsenow:baseball_bat":1,"quark:gunpowder_sack":4,"minecraft:gunpowder":193,"pipez:energy_pipe":17,"biomesoplenty:glowworm_silk":1,"apocalypsenow:fire_figther_leggings":2,"apocalypsenow:bayonet":1,"immersiveengineering:manual":2,"minecraft:andesite":14,"apocalypsenow:dagger":1,"apocalypsenow:electric_baton":1,"tac:ae50":14,"minecraft:leather_boots":1,"apocalypsenow:red_football_armor_chestplate":1,"pfm:furniture_book":2,"minecraft:iron_bars":2,"minecraft:wooden_pickaxe":1,"apocalypsenow:forestguard_leggings":1,"apocalypsenow:cleaver":1,"apocalypsenow:can_opener":1,"tac:9mm_round":111},"minecraft:used":{"apocalypsenow:hand_axe":147,"minecraft:chest":5,"pfm:arm_chair_leather":2,"minecraft:torch":16,"apocalypsenow:apple_juice":1,"embellishcraft:smooth_marble":1,"minecraft:light_gray_stained_glass":1,"minecraft:iron_axe":2,"carryon:entity_item":1,"farmersdelight:melon_popsicle":1,"minecraft:item_frame":13,"apocalypsenow:open_canned_pork":2,"apocalypsenow:combat_knife":51,"apocalypsenow:night_stick":193,"minecraft:light_gray_bed":2,"farmersdelight:hamburger":2,"farmersdelight:chicken_soup":1,"apocalypsenow:electric_baton":591,"minecraft:oak_planks":1,"minecraft:wooden_pickaxe":3,"minecraft:polished_blackstone_pressure_plate":1,"minecraft:crafting_table":1,"cfm:oak_hedge":5,"apocalypsenow:machete":27,"minecraft:iron_pickaxe":11,"cgm:grenade":2,"minecraft:gravel":8,"minecraft:potion":16,"apocalypsenow:open_canned_carrot":2,"minecraft:gray_stained_glass":6},"minecraft:killed_by":{"minecraft:player":1,"undead_revamp2:the_moonflower":1,"mutationcraft:the_intoxicator":1,"minecraft:blaze":1,"minecraft:zombie":2,"undead_revamp2:thesmoker":1},"minecraft:custom":{"lootr:looted_stat":50,"minecraft:mob_kills":400,"minecraft:interact_with_crafting_table":9,"minecraft:open_barrel":2,"minecraft:microwave_used":3,"minecraft:damage_dealt_resisted":293,"minecraft:leave_game":4,"minecraft:time_since_death":574,"minecraft:climb_one_cm":74037,"minecraft:sprint_one_cm":504630,"minecraft:walk_one_cm":711241,"minecraft:drop":167,"minecraft:chair_used":3,"minecraft:talked_to_villager":5,"minecraft:play_time":276752,"minecraft:sneak_time":5330,"minecraft:deaths":19,"minecraft:walk_under_water_one_cm":7258,"minecraft:boat_one_cm":428,"minecraft:interact_with_brewingstand":1,"minecraft:jump":2021,"minecraft:interact_with_blast_furnace":2,"minecraft:drawer_searched":15,"minecraft:walk_on_water_one_cm":10064,"minecraft:total_world_time":276752,"minecraft:interact_with_furnace":9,"minecraft:traded_with_villager":12,"minecraft:toilet_used":3,"minecraft:stove_opened":3,"minecraft:pot_flower":1,"minecraft:trashcan_opened":1,"minecraft:sleep_in_bed":5,"minecraft:time_since_rest":609,"minecraft:damage_taken":6206,"minecraft:damage_dealt":29138,"minecraft:swim_one_cm":4024,"minecraft:player_kills":4,"minecraft:fly_one_cm":332791,"minecraft:freezer_opened":7,"minecraft:open_chest":235,"minecraft:crouch_one_cm":8999,"minecraft:interact_with_smoker":3,"minecraft:fall_one_cm":51428},"minecraft:mined":{"biomesoplenty:desert_grass":1,"minecraft:gray_stained_glass_pane":10,"minecraft:acacia_log":3,"minecraft:grass_block":2,"minecraft:light_gray_bed":2,"minecraft:spruce_leaves":1,"minecraft:spawner":1,"embellishcraft:plate":1,"minecraft:black_stained_glass_pane":7,"embellishcraft:blue_pillow":1,"minecraft:iron_bars":1,"minecraft:stone":11,"minecraft:red_bed":1,"cfm:oak_hedge":5,"minecraft:torch":1,"minecraft:cyan_stained_glass_pane":2,"createbigcannons:traffic_cone":1,"minecraft:gray_stained_glass":26,"create:framed_glass":1,"minecraft:chest":3,"minecraft:dead_bush":1,"minecraft:oak_planks":1,"minecraft:wall_torch":10,"minecraft:black_stained_glass":1,"minecraft:light_gray_stained_glass":9,"quark:gunpowder_sack":4,"embellishcraft:smooth_marble":1,"create:vertical_framed_glass_pane":2,"embellishcraft:brown_dark_oak_fancy_bed":1,"minecraft:gravel":16,"minecraft:dirt":3,"minecraft:cobweb":1,"pfm:arm_chair_leather":2,"minecraft:oak_leaves":4}},"DataVersion":2975}