{"stats":{"minecraft:crafted":{"immersiveengineering:hammer":1,"immersiveengineering:stick_steel":12,"immersiveengineering:plate_lead":8,"create:cogwheel":1,"tac:uzi":1,"apocalypsenow:medicalkit":1,"minecraft:stone_slab":6,"tac:b_magnum":64,"crossbowverhaul:bolt_diamond":64,"minecraft:crossbow":1,"sophisticatedbackpacks:gold_backpack":1,"minecraft:oak_planks":8,"minecraft:cobblestone_slab":30,"minecraft:stone":3,"immersiveengineering:ingot_lead":32,"minecraft:chest":1,"apocalypsenow:u_sarmy_leggings":1,"minecraft:charcoal":6,"minecraft:stick":116,"minecraft:iron_ingot":26,"apocalypsenow:gasmask_helmet":1,"firstaid:plaster":4,"minecraft:leather":55,"apocalypsenow:tactical_knife":1,"tac:round45":96,"sophisticatedbackpacks:iron_backpack":1,"minecraft:bucket":2,"minecraft:air":3825,"crossbowverhaul:bolt_iron":24,"minecraft:white_wool":12,"minecraft:acacia_planks":92,"apocalypsenow:money":88},"minecraft:killed_by":{"undead_revamp2:the_moonflower":1,"zombie_extreme:infected_military":2,"minecraft:zombie":2,"undead_revamp2:thespitter":2,"mutationcraft:human_stage_3":2,"mutationcraft:the_intoxicator":1,"zombie_extreme:inflated":3,"undead_revamp2:bomber":1,"minecraft:blaze":1,"undead_revamp2:thesmoker":1,"minecraft:player":7},"minecraft:custom":{"minecraft:interact_with_crafting_table":52,"minecraft:open_barrel":7,"minecraft:eat_cake_slice":9,"minecraft:leave_game":9,"minecraft:time_since_death":24322,"minecraft:play_time":977456,"minecraft:deaths":47,"minecraft:jump":5482,"minecraft:enchant_item":11,"minecraft:interact_with_furnace":40,"minecraft:traded_with_villager":93,"minecraft:interact_with_cartography_table":2,"minecraft:stove_opened":5,"minecraft:sleep_in_bed":23,"minecraft:damage_dealt":115475,"minecraft:interact_with_smoker":8,"minecraft:interact_with_anvil":3,"minecraft:fridge_opened":5,"minecraft:chair_used":5,"minecraft:damage_dealt_absorbed":240,"minecraft:sneak_time":20655,"minecraft:interact_with_blast_furnace":10,"minecraft:drawer_searched":34,"minecraft:total_world_time":977456,"minecraft:trashcan_opened":1,"minecraft:cabinet_searched":4,"minecraft:time_since_rest":24380,"minecraft:swim_one_cm":23062,"minecraft:fly_one_cm":1511844,"minecraft:freezer_opened":12,"minecraft:open_chest":763,"minecraft:fall_one_cm":217530,"lootr:looted_stat":165,"minecraft:microwave_used":3,"minecraft:damage_resisted":569,"minecraft:sprint_one_cm":1175775,"minecraft:drop":510,"minecraft:talked_to_villager":87,"minecraft:interact_with_brewingstand":1,"minecraft:walk_on_water_one_cm":38720,"minecraft:player_kills":5,"minecraft:crouch_one_cm":47744,"minecraft:mob_kills":1274,"minecraft:damage_dealt_resisted":3729,"minecraft:climb_one_cm":177270,"minecraft:walk_one_cm":2590202,"minecraft:walk_under_water_one_cm":33893,"minecraft:boat_one_cm":911,"minecraft:toilet_used":12,"minecraft:pot_flower":1,"minecraft:interact_with_grindstone":5,"minecraft:damage_taken":19140},"minecraft:picked_up":{"apocalypsenow:apple_juice":1,"tac:mk23":2,"minecraft:anvil":1,"minecraft:brown_bed":2,"camera:camera":3,"create:bar_of_chocolate":5,"minecraft:string":935,"create:limestone":3,"create:sweet_roll":3,"pipez:energy_pipe":17,"minecraft:cobbled_deepslate":264,"apocalypsenow:red_football_armor_chestplate":1,"createdeco:locked_zinc_door":1,"artifacts:universal_attractor":1,"embellishcraft:smooth_marble":18,"apocalypsenow:canned_pork":4,"minecraft:acacia_log":353,"securitycraft:camera_monitor":1,"apocalypsenow:fire_figther_leggings":9,"apocalypsenow:porpsi":5,"minecraft:light_gray_bed":2,"create:ochrum":31,"create:track":9,"minecraft:iron_block":17,"apocalypsenow:police_chestplate":1,"apocalypsenow:money_block":30,"minecraft:iron_bars":6,"apocalypsenow:blue_football_armor_leggings":4,"immersiveengineering:concrete_quarter":2,"minecraft:iron_door":3,"biomesoplenty:dried_salt":3,"apocalypsenow:hunting_helmet":1,"tac:10_gauge_round":6,"createdeco:andesite_door":1,"contenttweaker:rubber":5,"immersivepetroleum:asphalt":13,"apocalypsenow:canned_tomatos":4,"lootr:trophy":3,"apocalypsenow:medical_storage":64,"minecraft:gray_terracotta":50,"apocalypsenow:human_flesh":21,"ftbquests:book":1,"apocalypsenow:japanese_army_leggings":1,"apocalypsenow:electric_baton":1,"apocalypsenow:police_helmet":1,"immersiveengineering:blueprint":12,"apocalypsenow:u_sarmy_chestplate":4,"quark:smooth_stone_vertical_slab":11,"patchouli:guide_book":3,"apocalypsenow:tatical_mace":1,"apocalypsenow:black_motorcycle_helmet_helmet":1,"apocalypsenow:dagger":1,"alexsmobs:animal_dictionary":1,"apocalypsenow:coke":4,"create:crimsite":52,"minecraft:granite":75,"alexsmobs:maggot":2,"immersiveengineering:raw_nickel":4,"apocalypsenow:construction_helmet":3,"minecraft:diamond_pickaxe":4,"minecraft:crafting_table":1,"apocalypsenow:letter_opener":1,"apocalypsenow:fire_figther_boots":10,"tac:hk416_a5":1,"crossbowverhaul:bolt_explosive":7,"apocalypsenow:u_sarmy_helmet":10,"embellishcraft:brown_dark_oak_fancy_bed":1,"immersiveengineering:manual":1,"minecraft:red_bed":1,"camera:image_frame":1,"apocalypsenow:medicalkit":18,"apocalypsenow:construction_boots":9,"embellishcraft:sturdy_steel_door":5,"apocalypsenow:japanese_army_helmet":1,"minecraft:chest":6,"apocalypsenow:hookey_stick":2,"minecraft:sandstone":2,"sophisticatedbackpacks:backpack":1,"apocalypsenow:pipe_wrench":1,"minecraft:carrot":4,"refinedstorage:4k_storage_part":1,"minecraft:redstone":181,"immersiveengineering:concrete":2,"quark:yellow_corundum":6,"farmersdelight:hamburger":1,"minecraft:gold_ingot":17,"apocalypsenow:suturekit":1,"simpleplanes:helicopter":1,"alexsmobs:acacia_blossom":3,"minecraft:oak_log":2,"embellishcraft:polished_marble":39,"quark:limestone":2,"minecraft:paper":17,"biomesoplenty:glowing_moss_carpet":1,"embellishcraft:gneiss_large_bricks_wall":2,"apocalypsenow:u_sarmy_leggings":8,"embellishcraft:plate":1,"apocalypsenow:construction_leggings":4,"minecraft:stone_bricks":16,"solcarrot:food_book":2,"apocalypsenow:money":4,"zombie_extreme:vending_machine":1,"apocalypsenow:fire_figther_helmet":6,"minecraft:glass_bottle":5,"minecraft:gray_bed":2,"minecraft:iron_sword":1,"quark:light_gray_shard":44,"nameless_trinkets:experience_battery":2,"contenttweaker:resistant_fabric":14,"minecraft:gravel":9,"apocalypsenow:police_leggings":2,"apocalypsenow:forestguard_boots":2,"minecraft:leather_helmet":2,"create:layered_tuff":3,"minecraft:slime_ball":1,"immersiveengineering:wirecoil_copper":2,"minecraft:oak_button":1,"tac:762x39":95,"immersiveengineering:raw_silver":25,"minecraft:iron_trapdoor":1,"apocalypsenow:bloodybandages":14,"immersiveengineering:plate_duroplast":4,"minecraft:potion":21,"minecraft:nether_brick":32,"minecraft:raw_copper":298,"minecraft:smooth_stone_slab":2,"minecraft:iron_leggings":1,"immersiveengineering:raw_lead":36,"minecraft:smooth_stone":7,"apocalypsenow:knife":1,"comforts:sleeping_bag_white":21,"apocalypsenow:japanese_army_chestplate":1,"minecraft:redstone_torch":2,"quark:black_shard":8,"minecraft:calcite":7,"pfm:arm_chair_leather":2,"minecraft:smooth_quartz":2,"minecraft:iron_pickaxe":1,"minecraft:stick":464,"embellishcraft:basalt_large_bricks_slab":6,"minecraft:torch":50,"apocalypsenow:canadian_army_boots":1,"mutationcraft:putrid_claw":4,"quark:yellow_corundum_cluster":20,"minecraft:dried_kelp":2,"minecraft:diorite":43,"camera:album":1,"cfm:stripped_spruce_coffee_table":1,"embellishcraft:gray_corrugated_metal_plate_slab":2,"minecraft:rotten_flesh":671,"crossbowverhaul:bolt_netherite":16,"pfm:oak_brown_simple_bed":3,"minecraft:obsidian":5,"minecraft:cobblestone":1188,"apocalypsenow:u_sarmy_boots":4,"tac:round45":355,"apocalypsenow:club":2,"apocalypsenow:canned_melon":3,"minecraft:andesite":19,"biomesoplenty:glowshroom":1,"minecraft:potato":2,"apocalypsenow:cereal":3,"create:raw_zinc":165,"apocalypsenow:construction_chestplate":5,"minecraft:lapis_lazuli":226,"minecraft:dirt":23,"minecraft:leather_boots":1,"minecraft:bone":749,"minecraft:acacia_planks":14,"minecraft:raw_gold":39,"minecraft:fletching_table":1,"tac:9mm_round":371,"camera:image":9,"minecraft:oak_planks":1,"create:cogwheel":1,"apocalypsenow:small_can":4,"embellishcraft:basalt_button":6,"contenttweaker:high_carbon_steel_alloy":5,"apocalypsenow:canned_fish":7,"minecraft:sand":24,"cfm:oak_hedge":5,"create:polished_cut_limestone":4,"apocalypsenow:golf_stick":1,"apocalypsenow:pkm_4gasmask_helmet":2,"minecraft:diamond":12,"apocalypsenow:bayonet":1,"minecraft:polished_blackstone_pressure_plate":1,"apocalypsenow:forestguard_helmet":1,"apocalypsenow:blue_football_armor_chestplate":3,"minecraft:emerald":3,"pfm:furniture_book":2,"apocalypsenow:blue_football_armor_helmet":1,"minecraft:stone_brick_wall":2,"minecraft:gold_block":16,"quark:gunpowder_sack":19,"minecraft:shield":1,"minecraft:item_frame":11,"create:cut_limestone_slab":1,"apocalypsenow:night_stick":3,"apocalypsenow:can":1,"immersiveengineering:workbench":2,"apocalypsenow:cleaver":1,"minecraft:sugar_cane":1,"minecraft:raw_iron":151,"refinedstorage:16k_storage_part":1,"create:hand_crank":6,"apocalypsenow:combat_knife":4,"tac:b_magnum":31,"immersiveengineering:steel_scaffolding_standard":10,"biomesoplenty:orange_sandstone":26,"createbigcannons:cannon_mount":1,"mutationcraft:putrid_heart":3,"apocalypsenow:fire_figther_chestplate":9,"another_furniture:spruce_planter_box":1,"minecraft:glow_ink_sac":4,"minecraft:leather":11,"apocalypsenow:orange_juice":2,"minecraft:gunpowder":242,"artifacts:cloud_in_a_bottle":2,"tac:deagle_357":1,"biomesoplenty:glowworm_silk":1,"farmersdelight:apple_cider":3,"minecraft:iron_ingot":4,"tac:nato_556_bullet":112,"securitycraft:universal_block_reinforcer_lvl1":1,"simplylight:illuminant_block":1,"minecraft:acacia_sapling":13,"tac:ae50":57,"apocalypsenow:grape_juice":1,"sophisticatedbackpacks:diamond_backpack":1,"minecraft:book":96,"minecraft:emerald_block":4,"minecraft:stone_brick_slab":18,"apocalypsenow:vodka":1,"apocalypsenow:canadian_army_helmet":1,"apocalypsenow:red_football_armor_leggings":1,"crossbowverhaul:bolt_diamond":32,"xpbook:xp_tome":1,"quark:framed_glass_pane":2,"biomesoplenty:mud_ball":4,"quark:gray_shard":202,"minecraft:coal":237},"minecraft:used":{"minecraft:chest":21,"lootr:trophy":3,"minecraft:lava_bucket":9,"farmersdelight:melon_popsicle":1,"apocalypsenow:combat_knife":374,"apocalypsenow:open_canned_pork":2,"farmersdelight:hamburger":2,"zombie_extreme:vending_machine":1,"minecraft:wooden_pickaxe":3,"immersiveengineering:concrete_quarter":2,"immersiveengineering:hammer":4,"farmersdelight:chocolate_pie":1,"apocalypsenow:golf_stick":16,"apocalypsenow:electrical_tactical_mace":45,"minecraft:gray_stained_glass":6,"pfm:oak_brown_simple_bed":2,"minecraft:enchanting_table":1,"minecraft:acacia_log":2,"embellishcraft:basalt_large_bricks_slab":2,"pfm:arm_chair_leather":2,"cfm:stripped_spruce_coffee_table":1,"minecraft:torch":90,"minecraft:anvil":1,"immersiveengineering:workbench":2,"minecraft:iron_axe":2,"carryon:entity_item":1,"minecraft:iron_trapdoor":1,"apocalypsenow:porpsi":17,"comforts:sleeping_bag_white":17,"minecraft:cobbled_deepslate":22,"minecraft:water_bucket":16,"minecraft:fletching_table":1,"minecraft:crafting_table":7,"cfm:oak_hedge":5,"apocalypsenow:machete":165,"minecraft:diamond_pickaxe":2659,"minecraft:oak_button":1,"minecraft:iron_pickaxe":163,"cgm:grenade":4,"minecraft:cobblestone":173,"minecraft:potion":47,"farmersdelight:egg_sandwich":1,"immersiveengineering:steel_scaffolding_standard":4,"quark:smooth_stone_vertical_slab":6,"embellishcraft:sturdy_steel_door":2,"apocalypsenow:hand_axe":147,"apocalypsenow:premium_hammer":292,"farmersdelight:melon_juice":38,"apocalypsenow:apple_juice":1,"create:cogwheel":2,"immersivepetroleum:asphalt":1,"embellishcraft:smooth_marble":2,"apocalypsenow:money_block":6,"createbigcannons:cannon_mount":1,"minecraft:item_frame":13,"carryon:tile_item":8,"minecraft:gray_bed":1,"farmersdelight:chicken_soup":1,"apocalypsenow:electric_baton":591,"minecraft:oak_planks":1,"minecraft:diamond_axe":114,"minecraft:crossbow":129,"minecraft:redstone_torch":1,"farmersdelight:ratatouille":9,"easy_villagers:villager":1,"apocalypsenow:tatical_mace":540,"minecraft:string":2,"minecraft:iron_door":1,"minecraft:gravel":8,"apocalypsenow:tactical_knife":681,"minecraft:grindstone":1,"minecraft:smooth_stone_slab":1,"minecraft:flint_and_steel":17,"create:cut_limestone_slab":1,"farmersdelight:mushroom_rice":3,"minecraft:light_gray_stained_glass":1,"minecraft:acacia_slab":24,"quark:acacia_ladder":131,"apocalypsenow:night_stick":193,"minecraft:light_gray_bed":2,"minecraft:brown_bed":1,"minecraft:glass_bottle":3,"minecraft:cobblestone_slab":56,"minecraft:polished_blackstone_pressure_plate":1,"quark:acacia_bookshelf":21,"farmersdelight:apple_cider":3,"apocalypsenow:open_canned_carrot":6,"minecraft:bucket":26,"create:hand_crank":6,"minecraft:smooth_stone":1},"minecraft:killed":{"zombiemobs:zombie_turtle":1,"zombiemobs:zombie_panda":2,"undead_revamp2:thepregnant":6,"zombie_extreme:inflated":10,"zombiemobs:zombie_pig":1,"zombie_extreme:infected_hazmat":19,"minecraft:zombie":784,"mutationcraft:assimilated_cow":1,"zombiemobs:zombie_horsee":2,"mutationcraft:assimilated_donkey":1,"zombie_extreme:faceless":1,"undead_revamp2:bomber":7,"mutationcraft:assimilated_sheep":1,"undead_revamp2:thebidy":2,"zombiemobs:zombie_wolf":1,"zombie_extreme:runner":19,"zombie_extreme:crawler":6,"minecraft:husk":89,"zombie_extreme:boomer":1,"zombie_extreme:infected_military":12,"undead_revamp2:the_moonflower":37,"undead_revamp2:thesmoker":55,"zombie_extreme:clicker":2,"mutationcraft:human_stage_1":9,"undead_revamp2:crackleball":2,"alexsmobs:kangaroo":1,"zombiemobs:zombie_donkey":1,"mutationcraft:human_stage_2":3,"zombie_extreme:bomber":1,"undead_revamp2:theordure":1,"minecraft:trader_llama":1,"zombie_extreme:infected_police":5,"zombie_extreme:devastated":2,"alexsmobs:fly":6,"mutationcraft:human_stage_3":7,"minecraft:blaze":4,"alexsmobs:jerboa":1,"minecraft:drowned":12,"crittersandcompanions:otter":1,"mutationcraft:assimilated_fox":1,"mutationcraft:the_intoxicator":1,"alexsmobs:emu":1,"mutationcraft:assimilated_horse":1,"mutationcraft:assimilated_human":6},"minecraft:dropped":{"embellishcraft:gray_corrugated_metal_plate_slab":3,"contenttweaker:rubber":1,"minecraft:diamond":3,"minecraft:glass_bottle":13,"minecraft:cookie":2,"artifacts:cloud_in_a_bottle":3,"apocalypsenow:police_leggings":4,"apocalypsenow:combat_knife":5,"quark:limestone":2,"xpbook:xp_tome":1,"minecraft:leather_helmet":2,"minecraft:item_frame":6,"minecraft:dirt":18,"quark:light_gray_shard":34,"embellishcraft:smooth_basalt":1,"apocalypsenow:fire_figther_boots":9,"createdeco:locked_zinc_door":1,"apocalypsenow:construction_helmet":3,"embellishcraft:basalt_large_bricks_slab":4,"refinedstorage:crafting_grid":1,"minecraft:iron_pickaxe":1,"createdeco:andesite_door":1,"minecraft:white_wool":1,"embellishcraft:polished_marble":3,"apocalypsenow:vodka":1,"minecraft:bone":48,"quark:black_shard":8,"minecraft:emerald_block":1,"minecraft:sugar_cane":1,"alexsmobs:animal_dictionary":1,"minecraft:cobbled_deepslate":212,"apocalypsenow:small_can":9,"minecraft:nether_brick":32,"embellishcraft:gneiss_large_bricks_wall":2,"camera:image":8,"pfm:oak_brown_simple_bed":1,"minecraft:rotten_flesh":53,"apocalypsenow:money":5,"apocalypsenow:bloodybandages":15,"apocalypsenow:black_motorcycle_helmet_helmet":1,"biomesoplenty:glowing_moss_carpet":1,"quark:gunpowder_sack":4,"artifacts:umbrella":1,"apocalypsenow:japanese_army_chestplate":1,"minecraft:leather_boots":1,"minecraft:acacia_sapling":1,"create:limestone":3,"camera:camera":3,"apocalypsenow:canned_melon":3,"tac:deagle_357":1,"apocalypsenow:cleaver":1,"apocalypsenow:can_opener":1,"camera:album":1,"minecraft:iron_ingot":2,"immersiveengineering:concrete":2,"apocalypsenow:open_canned_carrot":2,"minecraft:cobblestone":226,"apocalypsenow:cereal":3,"minecraft:granite":64,"refinedstorage:16k_storage_part":1,"apocalypsenow:forestguard_boots":2,"tac:mk23":3,"apocalypsenow:canned_tomatos":4,"apocalypsenow:u_sarmy_boots":3,"apocalypsenow:club":1,"apocalypsenow:letter_opener":1,"crossbowverhaul:bolt_diamond":31,"minecraft:gray_bed":1,"minecraft:dried_kelp":2,"biomesoplenty:glowshroom":1,"minecraft:smooth_stone":6,"minecraft:string":211,"minecraft:paper":21,"minecraft:acacia_planks":24,"create:raw_zinc":43,"minecraft:stone_brick_slab":18,"farmersdelight:melon_juice":3,"apocalypsenow:canned_fish":8,"biomesoplenty:dried_salt":3,"immersiveengineering:steel_scaffolding_standard":6,"immersiveengineering:wirecoil_copper":2,"create:ochrum":31,"alexsmobs:acacia_blossom":3,"apocalypsenow:fire_figther_helmet":6,"apocalypsenow:golf_stick":2,"quark:framed_glass_pane":2,"minecraft:bowl":4,"apocalypsenow:orange_juice":2,"sophisticatedbackpacks:backpack":1,"quark:yellow_corundum_cluster":20,"apocalypsenow:canned_pork":2,"pipez:energy_pipe":17,"apocalypsenow:medical_storage":64,"minecraft:diamond_pickaxe":4,"apocalypsenow:electric_baton":1,"create:hand_crank":1,"minecraft:redstone_torch":1,"easy_villagers:villager":1,"minecraft:stone_bricks":4,"pfm:furniture_book":2,"apocalypsenow:coke":4,"apocalypsenow:forestguard_leggings":1,"tac:9mm_round":111,"nameless_trinkets:experience_battery":3,"apocalypsenow:blue_football_armor_helmet":1,"minecraft:nether_star":2,"tac:round45":52,"immersiveengineering:blueprint":16,"apocalypsenow:forestguard_helmet":1,"minecraft:leather":8,"create:track":2,"create:crimsite":24,"apocalypsenow:u_sarmy_leggings":7,"refinedstorage:4k_storage_part":1,"apocalypsenow:construction_boots":4,"apocalypsenow:night_stick":3,"apocalypsenow:construction_leggings":3,"solcarrot:food_book":2,"apocalypsenow:blue_football_armor_leggings":3,"apocalypsenow:u_sarmy_helmet":5,"apocalypsenow:can":6,"tac:10_gauge_round":3,"apocalypsenow:hookey_stick":2,"ftbquests:book":2,"minecraft:gold_ingot":18,"minecraft:gravel":1,"apocalypsenow:grape_juice":1,"embellishcraft:sturdy_steel_door":3,"sophisticatedbackpacks:diamond_backpack":2,"minecraft:carrot":1,"patchouli:guide_book":2,"apocalypsenow:baseball_bat":1,"apocalypsenow:gasmask_helmet":3,"minecraft:gunpowder":215,"contenttweaker:resistant_fabric":6,"apocalypsenow:fire_figther_leggings":8,"immersiveengineering:manual":2,"apocalypsenow:dagger":1,"tac:ae50":14,"apocalypsenow:japanese_army_leggings":1,"immersivepetroleum:asphalt":12,"apocalypsenow:red_football_armor_chestplate":1,"comforts:sleeping_bag_white":3,"minecraft:iron_bars":4,"apocalypsenow:royal_canada_police_officer_chestplate":1,"apocalypsenow:human_flesh":8,"apocalypsenow:police_helmet":1,"quark:smooth_stone_vertical_slab":5,"biomesoplenty:mud_ball":4,"quark:gray_shard":157,"quark:yellow_corundum":6,"tac:b_magnum":9,"apocalypsenow:knife":1,"apocalypsenow:tatical_mace":1,"minecraft:stick":579,"apocalypsenow:blue_football_armor_chestplate":2,"minecraft:iron_block":8,"apocalypsenow:fire_figther_chestplate":8,"minecraft:diorite":37,"minecraft:torch":4,"apocalypsenow:porpsi":5,"minecraft:iron_door":2,"minecraft:iron_leggings":1,"minecraft:cactus":2,"apocalypsenow:pipe_wrench":1,"apocalypsenow:u_sarmy_chestplate":3,"alexsmobs:maggot":2,"minecraft:raw_copper":9,"embellishcraft:smooth_marble":11,"apocalypsenow:police_chestplate":3,"embellishcraft:plate":1,"apocalypsenow:japanese_army_helmet":1,"apocalypsenow:construction_chestplate":5,"minecraft:gray_terracotta":50,"minecraft:shield":1,"biomesoplenty:glowworm_silk":1,"apocalypsenow:bayonet":1,"minecraft:andesite":19,"immersiveengineering:concrete_quarter":1,"another_furniture:spruce_planter_box":1,"minecraft:wooden_pickaxe":1,"minecraft:calcite":7},"minecraft:mined":{"createdeco:locked_zinc_door":1,"minecraft:obsidian":5,"minecraft:granite":30,"minecraft:acacia_log":7,"minecraft:stone_brick_wall":2,"minecraft:light_gray_bed":2,"biomesoplenty:dried_salt":3,"minecraft:spawner":14,"embellishcraft:blue_pillow":1,"immersiveengineering:deepslate_ore_silver":16,"minecraft:fletching_table":1,"minecraft:deepslate_lapis_ore":29,"immersiveengineering:deepslate_ore_nickel":2,"quark:limestone":2,"cfm:stripped_birch_chair":1,"minecraft:iron_block":15,"create:limestone":5,"create:dark_oak_window_pane":3,"minecraft:tripwire":2,"minecraft:red_bed":1,"cfm:oak_hedge":5,"minecraft:torch":10,"create:framed_glass":1,"minecraft:dead_bush":1,"minecraft:light_gray_stained_glass":18,"quark:gunpowder_sack":12,"minecraft:grass":1,"create:vertical_framed_glass_pane":6,"create:hand_crank":2,"minecraft:smooth_quartz":2,"simplylight:illuminant_block":1,"minecraft:deepslate":295,"createbigcannons:cannon_mount":1,"create:zinc_ore":55,"biomesoplenty:desert_grass":2,"immersiveengineering:ore_silver":6,"biomesoplenty:dune_grass":2,"embellishcraft:plate":1,"minecraft:black_stained_glass_pane":9,"minecraft:redstone_ore":7,"minecraft:andesite":7,"minecraft:stone_brick_slab":8,"createbigcannons:traffic_cone":1,"minecraft:emerald_ore":2,"minecraft:copper_ore":102,"minecraft:deepslate_gold_ore":24,"minecraft:diorite":18,"immersiveengineering:concrete":2,"minecraft:black_stained_glass":3,"minecraft:gravel":17,"pfm:arm_chair_leather":2,"minecraft:cobweb":20,"minecraft:acacia_planks":1,"minecraft:stone_bricks":17,"minecraft:gold_ore":4,"minecraft:iron_trapdoor":1,"create:deepslate_zinc_ore":127,"embellishcraft:sturdy_steel_door":6,"embellishcraft:basalt_large_bricks_slab":3,"minecraft:grass_block":3,"pfm:oak_brown_simple_bed":2,"comforts:sleeping_bag_white":6,"minecraft:smooth_stone":26,"create:vertical_framed_glass":7,"minecraft:iron_ore":95,"minecraft:anvil":1,"minecraft:brown_bed":2,"minecraft:iron_bars":4,"immersiveengineering:ore_lead":20,"minecraft:deepslate_redstone_ore":45,"minecraft:gray_terracotta":50,"minecraft:quartz_block":43,"biomesoplenty:glowing_moss_carpet":1,"apocalypsenow:money_block":31,"minecraft:calcite":6,"minecraft:chest":11,"embellishcraft:polished_marble":36,"minecraft:cobblestone":6,"minecraft:oak_planks":2,"minecraft:iron_door":3,"minecraft:wall_torch":37,"minecraft:deepslate_copper_ore":26,"lootr:trophy":3,"immersiveengineering:deepslate_ore_lead":13,"minecraft:smooth_stone_slab":2,"biomesoplenty:mud":1,"minecraft:sand":24,"minecraft:dirt":13,"minecraft:raw_copper_block":1,"create:crimsite":29,"minecraft:oak_leaves":6,"minecraft:emerald_block":4,"cfm:stripped_spruce_coffee_table":1,"createdeco:andesite_door":1,"minecraft:tuff":1,"minecraft:deepslate_diamond_ore":7,"minecraft:gray_stained_glass_pane":17,"immersiveengineering:concrete_quarter":1,"minecraft:spruce_leaves":1,"minecraft:sandstone":2,"immersivepetroleum:asphalt":12,"create:framed_glass_pane":1,"minecraft:gold_block":18,"minecraft:bookshelf":21,"minecraft:deepslate_iron_ore":50,"minecraft:stone":1241,"zombie_extreme:vending_machine":1,"minecraft:acacia_leaves":1,"quark:smooth_stone_vertical_slab":7,"create:track":7,"quark:spruce_bookshelf":11,"minecraft:cyan_stained_glass_pane":2,"minecraft:gray_stained_glass":42,"minecraft:deepslate_coal_ore":23,"minecraft:lapis_ore":14,"minecraft:redstone_torch":2,"minecraft:gray_bed":1,"embellishcraft:smooth_marble":19,"immersiveengineering:steel_scaffolding_standard":4,"minecraft:coal_ore":161,"embellishcraft:brown_dark_oak_fancy_bed":1},"minecraft:broken":{"apocalypsenow:premium_hammer":1,"apocalypsenow:u_sarmy_chestplate":1}},"DataVersion":2975}