{"stats":{"minecraft:mined":{"createdeco:locked_zinc_door":1,"create:deepslate_zinc_ore":127,"embellishcraft:sturdy_steel_door":6,"embellishcraft:basalt_large_bricks_slab":3,"minecraft:obsidian":5,"minecraft:granite":30,"minecraft:acacia_log":7,"minecraft:grass_block":3,"minecraft:stone_brick_wall":2,"minecraft:light_gray_bed":2,"biomesoplenty:dried_salt":3,"pfm:oak_brown_simple_bed":2,"minecraft:spawner":14,"comforts:sleeping_bag_white":6,"minecraft:smooth_stone":25,"create:vertical_framed_glass":7,"minecraft:iron_ore":95,"embellishcraft:blue_pillow":1,"immersiveengineering:deepslate_ore_silver":16,"minecraft:anvil":1,"minecraft:deepslate_lapis_ore":29,"immersiveengineering:deepslate_ore_nickel":2,"minecraft:fletching_table":1,"minecraft:brown_bed":1,"minecraft:iron_bars":4,"quark:limestone":2,"cfm:stripped_birch_chair":1,"immersiveengineering:ore_lead":20,"minecraft:iron_block":15,"create:dark_oak_window_pane":3,"minecraft:tripwire":2,"minecraft:deepslate_redstone_ore":45,"minecraft:gray_terracotta":50,"minecraft:quartz_block":43,"minecraft:red_bed":1,"biomesoplenty:glowing_moss_carpet":1,"cfm:oak_hedge":5,"minecraft:torch":10,"apocalypsenow:money_block":31,"minecraft:calcite":3,"create:framed_glass":1,"minecraft:chest":11,"minecraft:dead_bush":1,"embellishcraft:polished_marble":36,"minecraft:oak_planks":2,"minecraft:iron_door":3,"minecraft:wall_torch":37,"minecraft:deepslate_copper_ore":26,"lootr:trophy":2,"minecraft:light_gray_stained_glass":18,"quark:gunpowder_sack":12,"immersiveengineering:deepslate_ore_lead":13,"biomesoplenty:mud":1,"minecraft:smooth_stone_slab":2,"minecraft:grass":1,"create:vertical_framed_glass_pane":6,"create:hand_crank":2,"minecraft:dirt":7,"minecraft:sand":24,"minecraft:smooth_quartz":2,"simplylight:illuminant_block":1,"minecraft:raw_copper_block":1,"minecraft:deepslate":295,"minecraft:emerald_block":4,"minecraft:oak_leaves":6,"createbigcannons:cannon_mount":1,"cfm:stripped_spruce_coffee_table":1,"create:zinc_ore":55,"createdeco:andesite_door":1,"minecraft:tuff":1,"minecraft:deepslate_diamond_ore":7,"biomesoplenty:desert_grass":2,"minecraft:gray_stained_glass_pane":17,"immersiveengineering:concrete_quarter":1,"minecraft:spruce_leaves":1,"minecraft:sandstone":2,"immersiveengineering:ore_silver":6,"biomesoplenty:dune_grass":2,"embellishcraft:plate":1,"minecraft:black_stained_glass_pane":9,"minecraft:redstone_ore":7,"immersivepetroleum:asphalt":2,"create:framed_glass_pane":1,"minecraft:andesite":7,"minecraft:gold_block":18,"minecraft:bookshelf":21,"minecraft:deepslate_iron_ore":50,"minecraft:stone":832,"zombie_extreme:vending_machine":1,"minecraft:acacia_leaves":1,"quark:smooth_stone_vertical_slab":7,"minecraft:stone_brick_slab":1,"quark:spruce_bookshelf":11,"minecraft:cyan_stained_glass_pane":2,"createbigcannons:traffic_cone":1,"minecraft:emerald_ore":2,"minecraft:gray_stained_glass":42,"minecraft:copper_ore":102,"minecraft:deepslate_coal_ore":23,"minecraft:lapis_ore":14,"minecraft:deepslate_gold_ore":24,"minecraft:diorite":18,"immersiveengineering:concrete":2,"minecraft:black_stained_glass":3,"minecraft:redstone_torch":2,"minecraft:gray_bed":1,"immersiveengineering:steel_scaffolding_standard":4,"embellishcraft:smooth_marble":19,"minecraft:coal_ore":161,"embellishcraft:brown_dark_oak_fancy_bed":1,"minecraft:gravel":17,"minecraft:cobweb":20,"pfm:arm_chair_leather":2,"minecraft:acacia_planks":1,"minecraft:stone_bricks":17,"minecraft:gold_ore":4,"minecraft:iron_trapdoor":1},"minecraft:killed":{"undead_revamp2:thesmoker":49,"zombiemobs:zombie_panda":2,"zombie_extreme:clicker":2,"mutationcraft:human_stage_1":9,"undead_revamp2:thepregnant":5,"undead_revamp2:crackleball":2,"alexsmobs:kangaroo":1,"zombie_extreme:inflated":10,"zombiemobs:zombie_pig":1,"zombiemobs:zombie_donkey":1,"zombie_extreme:infected_hazmat":19,"mutationcraft:human_stage_2":3,"zombie_extreme:bomber":1,"undead_revamp2:theordure":1,"minecraft:trader_llama":1,"minecraft:zombie":755,"zombie_extreme:infected_police":5,"zombie_extreme:devastated":2,"alexsmobs:fly":6,"mutationcraft:human_stage_3":7,"minecraft:blaze":4,"mutationcraft:assimilated_cow":1,"alexsmobs:jerboa":1,"zombiemobs:zombie_horsee":2,"mutationcraft:assimilated_donkey":1,"zombie_extreme:faceless":1,"undead_revamp2:bomber":4,"mutationcraft:assimilated_sheep":1,"zombiemobs:zombie_wolf":1,"mutationcraft:assimilated_fox":1,"mutationcraft:the_intoxicator":1,"zombie_extreme:runner":17,"zombie_extreme:crawler":6,"minecraft:husk":83,"zombie_extreme:boomer":1,"zombie_extreme:infected_military":12,"undead_revamp2:the_moonflower":37,"alexsmobs:emu":1,"mutationcraft:assimilated_horse":1,"mutationcraft:assimilated_human":6},"minecraft:broken":{"apocalypsenow:premium_hammer":1,"apocalypsenow:u_sarmy_chestplate":1},"minecraft:killed_by":{"undead_revamp2:the_moonflower":1,"mutationcraft:the_intoxicator":1,"zombie_extreme:inflated":3,"zombie_extreme:infected_military":2,"minecraft:blaze":1,"minecraft:zombie":2,"undead_revamp2:thesmoker":1,"minecraft:player":1,"undead_revamp2:thespitter":2,"mutationcraft:human_stage_3":2},"minecraft:crafted":{"minecraft:oak_planks":8,"immersiveengineering:hammer":1,"minecraft:stone":3,"immersiveengineering:stick_steel":12,"immersiveengineering:plate_lead":8,"immersiveengineering:ingot_lead":32,"minecraft:chest":1,"create:cogwheel":1,"tac:uzi":1,"apocalypsenow:medicalkit":1,"apocalypsenow:u_sarmy_leggings":1,"minecraft:charcoal":6,"minecraft:stick":116,"minecraft:stone_slab":6,"minecraft:iron_ingot":26,"apocalypsenow:gasmask_helmet":1,"firstaid:plaster":4,"minecraft:leather":55,"apocalypsenow:tactical_knife":1,"tac:round45":96,"tac:b_magnum":64,"crossbowverhaul:bolt_diamond":64,"sophisticatedbackpacks:iron_backpack":1,"minecraft:crossbow":1,"sophisticatedbackpacks:gold_backpack":1,"minecraft:bucket":2,"minecraft:air":3753,"crossbowverhaul:bolt_iron":24,"minecraft:white_wool":12,"minecraft:acacia_planks":92,"apocalypsenow:money":88},"minecraft:dropped":{"embellishcraft:gray_corrugated_metal_plate_slab":3,"contenttweaker:rubber":1,"apocalypsenow:blue_football_armor_helmet":1,"minecraft:glass_bottle":13,"minecraft:diamond":3,"tac:round45":52,"immersiveengineering:blueprint":16,"minecraft:cookie":2,"apocalypsenow:forestguard_helmet":1,"artifacts:cloud_in_a_bottle":3,"apocalypsenow:police_leggings":4,"minecraft:leather":8,"apocalypsenow:combat_knife":5,"quark:limestone":2,"apocalypsenow:u_sarmy_leggings":6,"minecraft:leather_helmet":2,"refinedstorage:4k_storage_part":1,"quark:light_gray_shard":34,"apocalypsenow:construction_leggings":3,"apocalypsenow:night_stick":3,"apocalypsenow:construction_boots":4,"embellishcraft:smooth_basalt":1,"apocalypsenow:fire_figther_boots":9,"solcarrot:food_book":2,"apocalypsenow:blue_football_armor_leggings":2,"createdeco:locked_zinc_door":1,"apocalypsenow:construction_helmet":3,"embellishcraft:basalt_large_bricks_slab":4,"apocalypsenow:u_sarmy_helmet":4,"apocalypsenow:can":6,"refinedstorage:crafting_grid":1,"tac:10_gauge_round":3,"apocalypsenow:hookey_stick":2,"minecraft:iron_pickaxe":1,"createdeco:andesite_door":1,"ftbquests:book":2,"minecraft:white_wool":1,"embellishcraft:polished_marble":3,"quark:black_shard":8,"minecraft:gold_ingot":18,"apocalypsenow:vodka":1,"minecraft:bone":42,"minecraft:gravel":1,"minecraft:emerald_block":1,"minecraft:sugar_cane":1,"alexsmobs:animal_dictionary":1,"minecraft:cobbled_deepslate":212,"apocalypsenow:grape_juice":1,"apocalypsenow:small_can":8,"minecraft:nether_brick":32,"embellishcraft:gneiss_large_bricks_wall":1,"pfm:oak_brown_simple_bed":1,"camera:image":4,"minecraft:rotten_flesh":51,"embellishcraft:sturdy_steel_door":3,"apocalypsenow:money":5,"apocalypsenow:bloodybandages":13,"minecraft:carrot":1,"sophisticatedbackpacks:diamond_backpack":2,"apocalypsenow:black_motorcycle_helmet_helmet":1,"patchouli:guide_book":2,"biomesoplenty:glowing_moss_carpet":1,"apocalypsenow:baseball_bat":1,"apocalypsenow:gasmask_helmet":3,"artifacts:umbrella":1,"minecraft:gunpowder":213,"quark:gunpowder_sack":4,"contenttweaker:resistant_fabric":6,"apocalypsenow:fire_figther_leggings":8,"immersiveengineering:manual":2,"apocalypsenow:dagger":1,"minecraft:leather_boots":1,"tac:ae50":14,"minecraft:acacia_sapling":1,"camera:camera":3,"comforts:sleeping_bag_white":3,"apocalypsenow:red_football_armor_chestplate":1,"immersivepetroleum:asphalt":1,"apocalypsenow:canned_melon":3,"minecraft:iron_bars":4,"tac:deagle_357":1,"apocalypsenow:cleaver":1,"apocalypsenow:can_opener":1,"camera:album":1,"apocalypsenow:human_flesh":6,"minecraft:iron_ingot":2,"immersiveengineering:concrete":2,"apocalypsenow:police_helmet":1,"quark:smooth_stone_vertical_slab":5,"apocalypsenow:open_canned_carrot":2,"minecraft:cobblestone":87,"apocalypsenow:cereal":3,"biomesoplenty:mud_ball":4,"minecraft:granite":64,"quark:gray_shard":157,"refinedstorage:16k_storage_part":1,"quark:yellow_corundum":6,"apocalypsenow:forestguard_boots":2,"tac:b_magnum":1,"tac:mk23":3,"apocalypsenow:knife":1,"apocalypsenow:canned_tomatos":4,"apocalypsenow:u_sarmy_boots":2,"apocalypsenow:tatical_mace":1,"minecraft:stick":579,"apocalypsenow:blue_football_armor_chestplate":1,"minecraft:iron_block":8,"apocalypsenow:letter_opener":1,"apocalypsenow:fire_figther_chestplate":8,"minecraft:diorite":37,"minecraft:torch":4,"crossbowverhaul:bolt_diamond":31,"minecraft:gray_bed":1,"minecraft:iron_door":2,"apocalypsenow:porpsi":5,"minecraft:iron_leggings":1,"minecraft:dried_kelp":2,"biomesoplenty:glowshroom":1,"minecraft:smooth_stone":4,"minecraft:cactus":2,"minecraft:paper":21,"minecraft:string":211,"minecraft:acacia_planks":22,"create:raw_zinc":43,"minecraft:stone_brick_slab":1,"apocalypsenow:pipe_wrench":1,"farmersdelight:melon_juice":3,"biomesoplenty:dried_salt":3,"apocalypsenow:u_sarmy_chestplate":3,"apocalypsenow:canned_fish":8,"immersiveengineering:steel_scaffolding_standard":6,"alexsmobs:maggot":2,"create:ochrum":31,"alexsmobs:acacia_blossom":3,"apocalypsenow:fire_figther_helmet":6,"apocalypsenow:golf_stick":2,"minecraft:raw_copper":9,"quark:framed_glass_pane":2,"minecraft:bowl":4,"apocalypsenow:orange_juice":2,"embellishcraft:smooth_marble":11,"apocalypsenow:police_chestplate":3,"sophisticatedbackpacks:backpack":1,"quark:yellow_corundum_cluster":20,"embellishcraft:plate":1,"apocalypsenow:canned_pork":2,"apocalypsenow:construction_chestplate":5,"minecraft:gray_terracotta":50,"minecraft:shield":1,"pipez:energy_pipe":17,"biomesoplenty:glowworm_silk":1,"minecraft:diamond_pickaxe":4,"apocalypsenow:bayonet":1,"minecraft:andesite":19,"immersiveengineering:concrete_quarter":1,"another_furniture:spruce_planter_box":1,"apocalypsenow:electric_baton":1,"create:hand_crank":1,"minecraft:redstone_torch":1,"easy_villagers:villager":1,"minecraft:stone_bricks":4,"pfm:furniture_book":2,"apocalypsenow:coke":4,"apocalypsenow:forestguard_leggings":1,"minecraft:wooden_pickaxe":1,"tac:9mm_round":111,"minecraft:calcite":3,"nameless_trinkets:experience_battery":3},"minecraft:custom":{"lootr:looted_stat":164,"minecraft:interact_with_crafting_table":50,"minecraft:microwave_used":3,"minecraft:open_barrel":7,"minecraft:eat_cake_slice":9,"minecraft:leave_game":8,"minecraft:time_since_death":48145,"minecraft:sprint_one_cm":1086833,"minecraft:drop":449,"minecraft:talked_to_villager":86,"minecraft:play_time":881901,"minecraft:deaths":37,"minecraft:jump":5180,"minecraft:interact_with_brewingstand":1,"minecraft:enchant_item":10,"minecraft:walk_on_water_one_cm":36984,"minecraft:interact_with_furnace":40,"minecraft:traded_with_villager":93,"minecraft:interact_with_cartography_table":2,"minecraft:stove_opened":5,"minecraft:sleep_in_bed":23,"minecraft:damage_dealt":109394,"minecraft:player_kills":4,"minecraft:crouch_one_cm":29920,"minecraft:interact_with_smoker":8,"minecraft:interact_with_anvil":3,"minecraft:mob_kills":1194,"minecraft:damage_dealt_resisted":1521,"minecraft:climb_one_cm":174681,"minecraft:walk_one_cm":2365543,"minecraft:fridge_opened":5,"minecraft:chair_used":5,"minecraft:damage_dealt_absorbed":240,"minecraft:sneak_time":13069,"minecraft:walk_under_water_one_cm":31152,"minecraft:boat_one_cm":911,"minecraft:interact_with_blast_furnace":10,"minecraft:drawer_searched":34,"minecraft:total_world_time":881901,"minecraft:toilet_used":12,"minecraft:pot_flower":1,"minecraft:interact_with_grindstone":5,"minecraft:trashcan_opened":1,"minecraft:time_since_rest":42746,"minecraft:cabinet_searched":4,"minecraft:damage_taken":15373,"minecraft:swim_one_cm":23062,"minecraft:freezer_opened":12,"minecraft:fly_one_cm":1408138,"minecraft:open_chest":726,"minecraft:fall_one_cm":204185},"minecraft:picked_up":{"apocalypsenow:apple_juice":1,"tac:mk23":2,"minecraft:iron_trapdoor":1,"minecraft:anvil":1,"apocalypsenow:bloodybandages":13,"immersiveengineering:plate_duroplast":4,"minecraft:brown_bed":1,"minecraft:potion":21,"minecraft:nether_brick":32,"camera:camera":3,"create:bar_of_chocolate":5,"minecraft:string":857,"minecraft:raw_copper":298,"create:sweet_roll":3,"minecraft:smooth_stone_slab":2,"minecraft:iron_leggings":1,"pipez:energy_pipe":17,"immersiveengineering:raw_lead":36,"apocalypsenow:knife":1,"minecraft:smooth_stone":5,"minecraft:cobbled_deepslate":264,"comforts:sleeping_bag_white":21,"apocalypsenow:red_football_armor_chestplate":1,"minecraft:redstone_torch":2,"minecraft:iron_pickaxe":1,"minecraft:calcite":3,"minecraft:smooth_quartz":2,"pfm:arm_chair_leather":2,"quark:black_shard":8,"createdeco:locked_zinc_door":1,"minecraft:stick":464,"embellishcraft:smooth_marble":18,"embellishcraft:basalt_large_bricks_slab":6,"minecraft:torch":50,"apocalypsenow:canned_pork":4,"minecraft:acacia_log":353,"quark:yellow_corundum_cluster":20,"securitycraft:camera_monitor":1,"mutationcraft:putrid_claw":4,"apocalypsenow:canadian_army_boots":1,"minecraft:dried_kelp":2,"minecraft:diorite":43,"camera:album":1,"embellishcraft:gray_corrugated_metal_plate_slab":2,"apocalypsenow:fire_figther_leggings":9,"cfm:stripped_spruce_coffee_table":1,"apocalypsenow:porpsi":5,"minecraft:light_gray_bed":2,"minecraft:rotten_flesh":634,"crossbowverhaul:bolt_netherite":16,"pfm:oak_brown_simple_bed":3,"create:ochrum":31,"minecraft:iron_block":17,"apocalypsenow:police_chestplate":1,"minecraft:obsidian":5,"minecraft:iron_bars":6,"apocalypsenow:money_block":30,"minecraft:cobblestone":712,"apocalypsenow:u_sarmy_boots":4,"tac:round45":349,"apocalypsenow:blue_football_armor_leggings":3,"immersiveengineering:concrete_quarter":2,"apocalypsenow:club":1,"apocalypsenow:canned_melon":3,"minecraft:iron_door":3,"minecraft:andesite":19,"biomesoplenty:dried_salt":3,"apocalypsenow:hunting_helmet":1,"tac:10_gauge_round":6,"biomesoplenty:glowshroom":1,"createdeco:andesite_door":1,"minecraft:potato":2,"apocalypsenow:cereal":3,"create:raw_zinc":165,"contenttweaker:rubber":5,"immersivepetroleum:asphalt":2,"apocalypsenow:construction_chestplate":5,"minecraft:lapis_lazuli":226,"lootr:trophy":2,"minecraft:dirt":5,"apocalypsenow:canned_tomatos":4,"minecraft:leather_boots":1,"minecraft:bone":707,"minecraft:acacia_planks":12,"minecraft:gray_terracotta":50,"apocalypsenow:human_flesh":19,"minecraft:raw_gold":39,"ftbquests:book":1,"tac:9mm_round":349,"minecraft:fletching_table":1,"camera:image":4,"apocalypsenow:electric_baton":1,"apocalypsenow:police_helmet":1,"minecraft:oak_planks":1,"immersiveengineering:blueprint":12,"apocalypsenow:u_sarmy_chestplate":4,"quark:smooth_stone_vertical_slab":11,"embellishcraft:basalt_button":6,"patchouli:guide_book":3,"create:cogwheel":1,"apocalypsenow:small_can":3,"apocalypsenow:tatical_mace":1,"contenttweaker:high_carbon_steel_alloy":5,"apocalypsenow:canned_fish":7,"minecraft:sand":24,"cfm:oak_hedge":5,"apocalypsenow:black_motorcycle_helmet_helmet":1,"apocalypsenow:dagger":1,"alexsmobs:animal_dictionary":1,"create:polished_cut_limestone":4,"apocalypsenow:coke":4,"apocalypsenow:golf_stick":1,"apocalypsenow:pkm_4gasmask_helmet":2,"apocalypsenow:bayonet":1,"minecraft:diamond":12,"minecraft:polished_blackstone_pressure_plate":1,"apocalypsenow:forestguard_helmet":1,"minecraft:granite":75,"apocalypsenow:blue_football_armor_chestplate":3,"minecraft:emerald":3,"alexsmobs:maggot":2,"pfm:furniture_book":2,"immersiveengineering:raw_nickel":4,"apocalypsenow:construction_helmet":3,"minecraft:diamond_pickaxe":4,"minecraft:crafting_table":1,"apocalypsenow:letter_opener":1,"apocalypsenow:fire_figther_boots":10,"tac:hk416_a5":1,"crossbowverhaul:bolt_explosive":7,"apocalypsenow:blue_football_armor_helmet":1,"minecraft:stone_brick_wall":2,"minecraft:gold_block":16,"apocalypsenow:u_sarmy_helmet":9,"quark:gunpowder_sack":19,"minecraft:shield":1,"embellishcraft:brown_dark_oak_fancy_bed":1,"immersiveengineering:manual":1,"minecraft:red_bed":1,"minecraft:item_frame":5,"apocalypsenow:medicalkit":2,"create:cut_limestone_slab":1,"apocalypsenow:night_stick":3,"apocalypsenow:construction_boots":9,"immersiveengineering:workbench":2,"apocalypsenow:can":1,"apocalypsenow:cleaver":1,"embellishcraft:sturdy_steel_door":5,"minecraft:sugar_cane":1,"minecraft:chest":6,"apocalypsenow:hookey_stick":2,"minecraft:sandstone":2,"minecraft:raw_iron":151,"refinedstorage:16k_storage_part":1,"sophisticatedbackpacks:backpack":1,"apocalypsenow:pipe_wrench":1,"create:hand_crank":6,"apocalypsenow:combat_knife":4,"minecraft:carrot":4,"immersiveengineering:concrete":2,"minecraft:redstone":181,"refinedstorage:4k_storage_part":1,"tac:b_magnum":15,"quark:yellow_corundum":6,"immersiveengineering:steel_scaffolding_standard":10,"minecraft:gold_ingot":17,"createbigcannons:cannon_mount":1,"mutationcraft:putrid_heart":3,"apocalypsenow:fire_figther_chestplate":9,"apocalypsenow:suturekit":1,"simpleplanes:helicopter":1,"minecraft:glow_ink_sac":4,"another_furniture:spruce_planter_box":1,"minecraft:leather":11,"alexsmobs:acacia_blossom":3,"apocalypsenow:orange_juice":2,"embellishcraft:polished_marble":39,"minecraft:oak_log":2,"artifacts:cloud_in_a_bottle":2,"minecraft:gunpowder":235,"quark:limestone":2,"minecraft:paper":17,"biomesoplenty:glowing_moss_carpet":1,"embellishcraft:gneiss_large_bricks_wall":1,"apocalypsenow:u_sarmy_leggings":8,"embellishcraft:plate":1,"apocalypsenow:construction_leggings":4,"minecraft:stone_bricks":15,"solcarrot:food_book":2,"biomesoplenty:glowworm_silk":1,"tac:nato_556_bullet":112,"farmersdelight:apple_cider":3,"minecraft:iron_ingot":4,"apocalypsenow:money":4,"tac:deagle_357":1,"zombie_extreme:vending_machine":1,"apocalypsenow:fire_figther_helmet":6,"minecraft:glass_bottle":5,"simplylight:illuminant_block":1,"minecraft:gray_bed":2,"minecraft:iron_sword":1,"minecraft:acacia_sapling":13,"tac:ae50":51,"minecraft:book":96,"sophisticatedbackpacks:diamond_backpack":1,"apocalypsenow:grape_juice":1,"quark:light_gray_shard":44,"minecraft:emerald_block":4,"contenttweaker:resistant_fabric":14,"nameless_trinkets:experience_battery":2,"minecraft:stone_brick_slab":1,"minecraft:gravel":9,"apocalypsenow:police_leggings":2,"apocalypsenow:forestguard_boots":2,"apocalypsenow:vodka":1,"minecraft:leather_helmet":2,"apocalypsenow:red_football_armor_leggings":1,"apocalypsenow:canadian_army_helmet":1,"create:layered_tuff":3,"minecraft:slime_ball":1,"crossbowverhaul:bolt_diamond":32,"xpbook:xp_tome":1,"quark:framed_glass_pane":2,"biomesoplenty:mud_ball":4,"minecraft:oak_button":1,"tac:762x39":95,"quark:gray_shard":202,"minecraft:coal":237,"immersiveengineering:raw_silver":25},"minecraft:used":{"embellishcraft:sturdy_steel_door":2,"apocalypsenow:hand_axe":147,"apocalypsenow:premium_hammer":292,"minecraft:chest":21,"lootr:trophy":3,"farmersdelight:melon_juice":38,"apocalypsenow:apple_juice":1,"create:cogwheel":2,"immersivepetroleum:asphalt":1,"embellishcraft:smooth_marble":2,"minecraft:lava_bucket":9,"farmersdelight:melon_popsicle":1,"apocalypsenow:money_block":6,"createbigcannons:cannon_mount":1,"minecraft:item_frame":13,"carryon:tile_item":8,"apocalypsenow:combat_knife":374,"apocalypsenow:open_canned_pork":2,"minecraft:gray_bed":1,"farmersdelight:hamburger":2,"farmersdelight:chicken_soup":1,"apocalypsenow:electric_baton":591,"zombie_extreme:vending_machine":1,"minecraft:oak_planks":1,"minecraft:wooden_pickaxe":3,"minecraft:diamond_axe":114,"immersiveengineering:concrete_quarter":2,"minecraft:crossbow":129,"minecraft:redstone_torch":1,"farmersdelight:ratatouille":9,"apocalypsenow:tatical_mace":540,"immersiveengineering:hammer":4,"easy_villagers:villager":1,"minecraft:string":2,"minecraft:gravel":8,"minecraft:iron_door":1,"farmersdelight:chocolate_pie":1,"apocalypsenow:tactical_knife":658,"minecraft:grindstone":1,"apocalypsenow:golf_stick":16,"minecraft:smooth_stone_slab":1,"minecraft:gray_stained_glass":6,"pfm:oak_brown_simple_bed":2,"minecraft:enchanting_table":1,"minecraft:acacia_log":2,"minecraft:flint_and_steel":17,"create:cut_limestone_slab":1,"embellishcraft:basalt_large_bricks_slab":2,"pfm:arm_chair_leather":2,"cfm:stripped_spruce_coffee_table":1,"minecraft:torch":90,"minecraft:anvil":1,"farmersdelight:mushroom_rice":3,"minecraft:light_gray_stained_glass":1,"immersiveengineering:workbench":2,"minecraft:iron_axe":2,"minecraft:acacia_slab":24,"carryon:entity_item":1,"quark:acacia_ladder":118,"minecraft:iron_trapdoor":1,"apocalypsenow:porpsi":8,"comforts:sleeping_bag_white":17,"apocalypsenow:night_stick":193,"minecraft:cobbled_deepslate":22,"minecraft:light_gray_bed":2,"minecraft:brown_bed":1,"minecraft:water_bucket":16,"minecraft:glass_bottle":3,"minecraft:fletching_table":1,"minecraft:polished_blackstone_pressure_plate":1,"quark:acacia_bookshelf":21,"cfm:oak_hedge":5,"minecraft:crafting_table":7,"apocalypsenow:machete":165,"minecraft:diamond_pickaxe":2181,"farmersdelight:apple_cider":3,"minecraft:iron_pickaxe":163,"minecraft:oak_button":1,"cgm:grenade":4,"minecraft:cobblestone":42,"minecraft:potion":47,"apocalypsenow:open_canned_carrot":6,"farmersdelight:egg_sandwich":1,"minecraft:bucket":26,"create:hand_crank":6,"immersiveengineering:steel_scaffolding_standard":4,"quark:smooth_stone_vertical_slab":6,"minecraft:smooth_stone":1}},"DataVersion":2975}