{"stats":{"minecraft:mined":{"create:deepslate_zinc_ore":44,"embellishcraft:sturdy_steel_door":5,"embellishcraft:basalt_large_bricks_slab":3,"minecraft:obsidian":5,"minecraft:granite":1,"minecraft:acacia_log":3,"minecraft:grass_block":2,"minecraft:stone_brick_wall":2,"minecraft:light_gray_bed":2,"pfm:oak_brown_simple_bed":2,"minecraft:spawner":12,"comforts:sleeping_bag_white":3,"minecraft:smooth_stone":1,"create:vertical_framed_glass":2,"minecraft:iron_ore":13,"embellishcraft:blue_pillow":1,"immersiveengineering:deepslate_ore_silver":16,"minecraft:anvil":1,"minecraft:deepslate_lapis_ore":11,"minecraft:fletching_table":1,"minecraft:brown_bed":1,"minecraft:iron_bars":4,"immersiveengineering:ore_lead":12,"minecraft:iron_block":15,"create:dark_oak_window_pane":1,"minecraft:tripwire":2,"minecraft:gray_terracotta":50,"minecraft:deepslate_redstone_ore":13,"minecraft:quartz_block":4,"minecraft:red_bed":1,"cfm:oak_hedge":5,"apocalypsenow:money_block":10,"minecraft:torch":4,"minecraft:chest":3,"create:framed_glass":1,"minecraft:dead_bush":1,"embellishcraft:polished_marble":5,"minecraft:oak_planks":1,"minecraft:iron_door":2,"minecraft:wall_torch":17,"minecraft:deepslate_copper_ore":14,"lootr:trophy":2,"minecraft:light_gray_stained_glass":13,"quark:gunpowder_sack":12,"immersiveengineering:deepslate_ore_lead":4,"create:vertical_framed_glass_pane":6,"minecraft:dirt":3,"minecraft:oak_leaves":5,"minecraft:deepslate":26,"minecraft:emerald_block":4,"create:zinc_ore":17,"createdeco:andesite_door":1,"minecraft:deepslate_diamond_ore":1,"biomesoplenty:desert_grass":2,"minecraft:gray_stained_glass_pane":17,"immersiveengineering:concrete_quarter":1,"minecraft:spruce_leaves":1,"biomesoplenty:dune_grass":2,"embellishcraft:plate":1,"minecraft:black_stained_glass_pane":8,"immersivepetroleum:asphalt":2,"minecraft:gold_block":9,"minecraft:bookshelf":6,"minecraft:deepslate_iron_ore":16,"minecraft:stone":53,"zombie_extreme:vending_machine":1,"minecraft:acacia_leaves":1,"quark:smooth_stone_vertical_slab":3,"minecraft:stone_brick_slab":1,"minecraft:cyan_stained_glass_pane":2,"createbigcannons:traffic_cone":1,"minecraft:gray_stained_glass":39,"minecraft:copper_ore":3,"immersiveengineering:concrete":1,"minecraft:black_stained_glass":1,"minecraft:gray_bed":1,"embellishcraft:smooth_marble":14,"immersiveengineering:steel_scaffolding_standard":4,"minecraft:coal_ore":24,"embellishcraft:brown_dark_oak_fancy_bed":1,"minecraft:gravel":17,"pfm:arm_chair_leather":2,"minecraft:cobweb":16,"minecraft:stone_bricks":6,"minecraft:iron_trapdoor":1},"minecraft:killed":{"undead_revamp2:thesmoker":35,"zombiemobs:zombie_panda":2,"mutationcraft:human_stage_1":2,"undead_revamp2:thepregnant":5,"undead_revamp2:crackleball":2,"zombiemobs:zombie_pig":1,"zombiemobs:zombie_donkey":1,"zombie_extreme:infected_hazmat":1,"mutationcraft:human_stage_2":1,"undead_revamp2:theordure":1,"minecraft:trader_llama":1,"minecraft:zombie":602,"zombie_extreme:infected_police":5,"alexsmobs:fly":5,"mutationcraft:human_stage_3":1,"minecraft:blaze":4,"alexsmobs:jerboa":1,"zombiemobs:zombie_horsee":2,"undead_revamp2:bomber":4,"zombiemobs:zombie_wolf":1,"zombie_extreme:runner":14,"zombie_extreme:crawler":6,"minecraft:husk":67,"zombie_extreme:infected_military":1,"undead_revamp2:the_moonflower":27,"mutationcraft:assimilated_human":1},"minecraft:broken":{"apocalypsenow:premium_hammer":1},"minecraft:killed_by":{"undead_revamp2:the_moonflower":1,"mutationcraft:the_intoxicator":1,"minecraft:blaze":1,"minecraft:zombie":2,"undead_revamp2:thesmoker":1,"minecraft:player":1},"minecraft:crafted":{"minecraft:oak_planks":8,"immersiveengineering:hammer":1,"immersiveengineering:stick_steel":12,"immersiveengineering:plate_lead":2,"immersiveengineering:ingot_lead":6,"minecraft:chest":1,"tac:uzi":1,"minecraft:charcoal":3,"minecraft:stick":80,"minecraft:iron_ingot":26,"apocalypsenow:gasmask_helmet":1,"firstaid:plaster":4,"minecraft:leather":55,"tac:round45":96,"sophisticatedbackpacks:iron_backpack":1,"minecraft:crossbow":1,"sophisticatedbackpacks:gold_backpack":1,"minecraft:bucket":1,"minecraft:air":3021,"crossbowverhaul:bolt_iron":24,"minecraft:white_wool":12,"minecraft:acacia_planks":28,"apocalypsenow:money":36},"minecraft:dropped":{"embellishcraft:gray_corrugated_metal_plate_slab":3,"contenttweaker:rubber":1,"minecraft:diamond":3,"minecraft:glass_bottle":9,"tac:round45":52,"immersiveengineering:blueprint":16,"minecraft:cookie":2,"apocalypsenow:forestguard_helmet":1,"artifacts:cloud_in_a_bottle":3,"apocalypsenow:police_leggings":4,"minecraft:leather":8,"apocalypsenow:combat_knife":5,"apocalypsenow:u_sarmy_leggings":4,"minecraft:leather_helmet":2,"refinedstorage:4k_storage_part":1,"quark:light_gray_shard":24,"apocalypsenow:construction_leggings":3,"apocalypsenow:night_stick":3,"apocalypsenow:construction_boots":4,"embellishcraft:smooth_basalt":1,"apocalypsenow:fire_figther_boots":7,"solcarrot:food_book":2,"apocalypsenow:blue_football_armor_leggings":1,"apocalypsenow:construction_helmet":2,"embellishcraft:basalt_large_bricks_slab":4,"apocalypsenow:can":6,"apocalypsenow:u_sarmy_helmet":4,"refinedstorage:crafting_grid":1,"tac:10_gauge_round":3,"apocalypsenow:hookey_stick":2,"minecraft:iron_pickaxe":1,"createdeco:andesite_door":1,"ftbquests:book":2,"minecraft:white_wool":1,"embellishcraft:polished_marble":3,"minecraft:gold_ingot":18,"apocalypsenow:vodka":1,"minecraft:bone":38,"minecraft:gravel":1,"minecraft:emerald_block":1,"minecraft:sugar_cane":1,"alexsmobs:animal_dictionary":1,"minecraft:cobbled_deepslate":27,"apocalypsenow:small_can":5,"apocalypsenow:grape_juice":1,"minecraft:nether_brick":32,"embellishcraft:gneiss_large_bricks_wall":1,"camera:image":1,"pfm:oak_brown_simple_bed":1,"minecraft:rotten_flesh":50,"apocalypsenow:money":5,"embellishcraft:sturdy_steel_door":3,"sophisticatedbackpacks:diamond_backpack":1,"apocalypsenow:black_motorcycle_helmet_helmet":1,"minecraft:carrot":1,"patchouli:guide_book":2,"apocalypsenow:baseball_bat":1,"apocalypsenow:gasmask_helmet":2,"minecraft:gunpowder":213,"quark:gunpowder_sack":4,"artifacts:umbrella":1,"apocalypsenow:fire_figther_leggings":5,"immersiveengineering:manual":2,"apocalypsenow:dagger":1,"minecraft:leather_boots":1,"tac:ae50":14,"camera:camera":2,"comforts:sleeping_bag_white":2,"apocalypsenow:red_football_armor_chestplate":1,"immersivepetroleum:asphalt":1,"apocalypsenow:canned_melon":3,"minecraft:iron_bars":4,"tac:deagle_357":1,"apocalypsenow:cleaver":1,"apocalypsenow:can_opener":1,"apocalypsenow:human_flesh":2,"minecraft:iron_ingot":2,"immersiveengineering:concrete":2,"apocalypsenow:police_helmet":1,"quark:smooth_stone_vertical_slab":3,"apocalypsenow:open_canned_carrot":2,"minecraft:cobblestone":14,"apocalypsenow:cereal":3,"minecraft:granite":48,"quark:gray_shard":116,"refinedstorage:16k_storage_part":1,"quark:yellow_corundum":6,"apocalypsenow:forestguard_boots":2,"tac:b_magnum":1,"tac:mk23":3,"apocalypsenow:knife":1,"apocalypsenow:u_sarmy_boots":2,"apocalypsenow:canned_tomatos":4,"apocalypsenow:tatical_mace":1,"minecraft:stick":576,"minecraft:iron_block":8,"apocalypsenow:letter_opener":1,"apocalypsenow:fire_figther_chestplate":5,"minecraft:diorite":37,"minecraft:torch":3,"minecraft:gray_bed":1,"minecraft:iron_door":2,"apocalypsenow:porpsi":5,"minecraft:iron_leggings":1,"minecraft:dried_kelp":2,"biomesoplenty:glowshroom":1,"minecraft:cactus":2,"minecraft:smooth_stone":2,"minecraft:paper":21,"minecraft:string":206,"minecraft:acacia_planks":22,"minecraft:stone_brick_slab":1,"apocalypsenow:pipe_wrench":1,"apocalypsenow:u_sarmy_chestplate":3,"apocalypsenow:canned_fish":8,"immersiveengineering:steel_scaffolding_standard":6,"alexsmobs:maggot":2,"create:ochrum":31,"alexsmobs:acacia_blossom":3,"apocalypsenow:fire_figther_helmet":4,"apocalypsenow:golf_stick":2,"quark:framed_glass_pane":2,"minecraft:bowl":1,"apocalypsenow:orange_juice":2,"embellishcraft:smooth_marble":5,"apocalypsenow:police_chestplate":3,"sophisticatedbackpacks:backpack":1,"quark:yellow_corundum_cluster":20,"embellishcraft:plate":1,"apocalypsenow:canned_pork":2,"apocalypsenow:construction_chestplate":5,"minecraft:shield":1,"pipez:energy_pipe":17,"biomesoplenty:glowworm_silk":1,"apocalypsenow:bayonet":1,"minecraft:andesite":14,"immersiveengineering:concrete_quarter":1,"apocalypsenow:electric_baton":1,"minecraft:stone_bricks":3,"pfm:furniture_book":2,"apocalypsenow:coke":4,"apocalypsenow:forestguard_leggings":1,"minecraft:wooden_pickaxe":1,"tac:9mm_round":111,"nameless_trinkets:experience_battery":3},"minecraft:custom":{"lootr:looted_stat":109,"minecraft:interact_with_crafting_table":30,"minecraft:open_barrel":3,"minecraft:microwave_used":3,"minecraft:eat_cake_slice":9,"minecraft:leave_game":7,"minecraft:time_since_death":166793,"minecraft:sprint_one_cm":838873,"minecraft:drop":356,"minecraft:talked_to_villager":73,"minecraft:play_time":546941,"minecraft:deaths":22,"minecraft:jump":3506,"minecraft:interact_with_brewingstand":1,"minecraft:walk_on_water_one_cm":25847,"minecraft:interact_with_furnace":22,"minecraft:traded_with_villager":61,"minecraft:interact_with_cartography_table":2,"minecraft:stove_opened":5,"minecraft:sleep_in_bed":15,"minecraft:damage_dealt":74857,"minecraft:player_kills":4,"minecraft:crouch_one_cm":21385,"minecraft:interact_with_smoker":7,"minecraft:mob_kills":915,"minecraft:damage_dealt_resisted":1288,"minecraft:climb_one_cm":133394,"minecraft:walk_one_cm":1583246,"minecraft:fridge_opened":5,"minecraft:chair_used":4,"minecraft:damage_dealt_absorbed":200,"minecraft:sneak_time":9247,"minecraft:walk_under_water_one_cm":21794,"minecraft:boat_one_cm":911,"minecraft:drawer_searched":34,"minecraft:interact_with_blast_furnace":7,"minecraft:total_world_time":546941,"minecraft:toilet_used":12,"minecraft:pot_flower":1,"minecraft:trashcan_opened":1,"minecraft:time_since_rest":14427,"minecraft:damage_taken":9206,"minecraft:swim_one_cm":12589,"minecraft:freezer_opened":12,"minecraft:fly_one_cm":822632,"minecraft:open_chest":444,"minecraft:fall_one_cm":111094},"minecraft:picked_up":{"apocalypsenow:apple_juice":1,"tac:mk23":2,"minecraft:iron_trapdoor":1,"minecraft:anvil":1,"minecraft:brown_bed":1,"minecraft:potion":16,"minecraft:nether_brick":32,"camera:camera":2,"create:bar_of_chocolate":5,"minecraft:string":665,"minecraft:raw_copper":59,"minecraft:iron_leggings":1,"create:sweet_roll":3,"pipez:energy_pipe":17,"immersiveengineering:raw_lead":16,"minecraft:smooth_stone":3,"minecraft:cobbled_deepslate":44,"apocalypsenow:knife":1,"comforts:sleeping_bag_white":13,"apocalypsenow:red_football_armor_chestplate":1,"pfm:arm_chair_leather":2,"minecraft:iron_pickaxe":1,"minecraft:stick":463,"embellishcraft:smooth_marble":10,"embellishcraft:basalt_large_bricks_slab":6,"apocalypsenow:canned_pork":4,"minecraft:torch":22,"minecraft:acacia_log":284,"quark:yellow_corundum_cluster":20,"securitycraft:camera_monitor":1,"minecraft:dried_kelp":2,"minecraft:diorite":37,"embellishcraft:gray_corrugated_metal_plate_slab":2,"apocalypsenow:fire_figther_leggings":5,"apocalypsenow:porpsi":5,"minecraft:light_gray_bed":2,"minecraft:rotten_flesh":517,"pfm:oak_brown_simple_bed":3,"create:ochrum":31,"minecraft:iron_block":17,"apocalypsenow:police_chestplate":1,"minecraft:obsidian":5,"minecraft:iron_bars":5,"apocalypsenow:money_block":10,"minecraft:cobblestone":61,"apocalypsenow:u_sarmy_boots":4,"tac:round45":193,"apocalypsenow:blue_football_armor_leggings":1,"immersiveengineering:concrete_quarter":2,"apocalypsenow:club":1,"apocalypsenow:canned_melon":3,"minecraft:iron_door":2,"minecraft:andesite":14,"apocalypsenow:hunting_helmet":1,"tac:10_gauge_round":6,"biomesoplenty:glowshroom":1,"createdeco:andesite_door":1,"minecraft:potato":1,"apocalypsenow:cereal":3,"create:raw_zinc":61,"contenttweaker:rubber":2,"immersivepetroleum:asphalt":2,"apocalypsenow:construction_chestplate":5,"minecraft:lapis_lazuli":62,"apocalypsenow:canned_tomatos":4,"lootr:trophy":2,"minecraft:leather_boots":1,"minecraft:bone":577,"minecraft:acacia_planks":11,"minecraft:gray_terracotta":50,"apocalypsenow:human_flesh":9,"ftbquests:book":1,"minecraft:fletching_table":1,"tac:9mm_round":317,"camera:image":4,"apocalypsenow:electric_baton":1,"apocalypsenow:police_helmet":1,"minecraft:oak_planks":1,"immersiveengineering:blueprint":12,"apocalypsenow:u_sarmy_chestplate":4,"quark:smooth_stone_vertical_slab":5,"patchouli:guide_book":3,"apocalypsenow:tatical_mace":1,"apocalypsenow:canned_fish":7,"cfm:oak_hedge":5,"apocalypsenow:dagger":1,"alexsmobs:animal_dictionary":1,"apocalypsenow:coke":4,"apocalypsenow:golf_stick":1,"apocalypsenow:bayonet":1,"minecraft:diamond":4,"minecraft:polished_blackstone_pressure_plate":1,"apocalypsenow:forestguard_helmet":1,"minecraft:granite":49,"apocalypsenow:blue_football_armor_chestplate":1,"alexsmobs:maggot":2,"pfm:furniture_book":2,"apocalypsenow:construction_helmet":3,"minecraft:crafting_table":1,"apocalypsenow:letter_opener":1,"apocalypsenow:fire_figther_boots":7,"minecraft:stone_brick_wall":2,"minecraft:gold_block":9,"apocalypsenow:u_sarmy_helmet":9,"quark:gunpowder_sack":14,"minecraft:shield":1,"embellishcraft:brown_dark_oak_fancy_bed":1,"immersiveengineering:manual":1,"minecraft:red_bed":1,"minecraft:item_frame":5,"apocalypsenow:medicalkit":2,"apocalypsenow:night_stick":3,"apocalypsenow:construction_boots":8,"apocalypsenow:can":1,"immersiveengineering:workbench":2,"apocalypsenow:cleaver":1,"embellishcraft:sturdy_steel_door":4,"minecraft:sugar_cane":1,"minecraft:chest":2,"apocalypsenow:hookey_stick":2,"minecraft:raw_iron":29,"refinedstorage:16k_storage_part":1,"sophisticatedbackpacks:backpack":1,"apocalypsenow:pipe_wrench":1,"minecraft:redstone":61,"minecraft:carrot":3,"refinedstorage:4k_storage_part":1,"immersiveengineering:concrete":1,"apocalypsenow:combat_knife":4,"tac:b_magnum":5,"quark:yellow_corundum":6,"immersiveengineering:steel_scaffolding_standard":10,"minecraft:gold_ingot":17,"apocalypsenow:fire_figther_chestplate":6,"minecraft:glow_ink_sac":4,"minecraft:leather":11,"alexsmobs:acacia_blossom":3,"apocalypsenow:orange_juice":2,"embellishcraft:polished_marble":8,"minecraft:oak_log":2,"minecraft:gunpowder":222,"artifacts:cloud_in_a_bottle":2,"minecraft:paper":14,"embellishcraft:gneiss_large_bricks_wall":1,"apocalypsenow:u_sarmy_leggings":5,"embellishcraft:plate":1,"apocalypsenow:construction_leggings":3,"minecraft:stone_bricks":3,"solcarrot:food_book":2,"biomesoplenty:glowworm_silk":1,"tac:deagle_357":1,"apocalypsenow:money":4,"tac:nato_556_bullet":9,"minecraft:iron_ingot":4,"zombie_extreme:vending_machine":1,"apocalypsenow:fire_figther_helmet":4,"minecraft:glass_bottle":3,"minecraft:gray_bed":2,"minecraft:iron_sword":1,"minecraft:acacia_sapling":12,"tac:ae50":35,"minecraft:book":18,"apocalypsenow:grape_juice":1,"quark:light_gray_shard":30,"minecraft:emerald_block":4,"contenttweaker:resistant_fabric":2,"nameless_trinkets:experience_battery":2,"minecraft:stone_brick_slab":1,"minecraft:gravel":9,"apocalypsenow:police_leggings":2,"apocalypsenow:forestguard_boots":2,"apocalypsenow:vodka":1,"minecraft:leather_helmet":2,"minecraft:slime_ball":1,"quark:framed_glass_pane":2,"quark:gray_shard":166,"minecraft:coal":24,"immersiveengineering:raw_silver":16},"minecraft:used":{"embellishcraft:sturdy_steel_door":1,"apocalypsenow:hand_axe":147,"apocalypsenow:premium_hammer":292,"minecraft:chest":6,"lootr:trophy":3,"farmersdelight:melon_juice":14,"apocalypsenow:apple_juice":1,"immersivepetroleum:asphalt":1,"embellishcraft:smooth_marble":2,"minecraft:lava_bucket":1,"farmersdelight:melon_popsicle":1,"apocalypsenow:money_block":6,"minecraft:item_frame":13,"apocalypsenow:combat_knife":374,"minecraft:gray_bed":1,"apocalypsenow:open_canned_pork":2,"farmersdelight:hamburger":2,"farmersdelight:chicken_soup":1,"apocalypsenow:electric_baton":591,"zombie_extreme:vending_machine":1,"minecraft:oak_planks":1,"minecraft:wooden_pickaxe":3,"minecraft:diamond_axe":62,"immersiveengineering:concrete_quarter":2,"minecraft:crossbow":12,"farmersdelight:ratatouille":3,"apocalypsenow:tatical_mace":326,"minecraft:string":2,"minecraft:gravel":8,"apocalypsenow:golf_stick":16,"minecraft:gray_stained_glass":6,"pfm:oak_brown_simple_bed":2,"minecraft:flint_and_steel":17,"embellishcraft:basalt_large_bricks_slab":2,"pfm:arm_chair_leather":2,"minecraft:torch":53,"minecraft:anvil":1,"minecraft:light_gray_stained_glass":1,"immersiveengineering:workbench":2,"minecraft:iron_axe":2,"minecraft:acacia_slab":24,"carryon:entity_item":1,"minecraft:iron_trapdoor":1,"apocalypsenow:porpsi":5,"comforts:sleeping_bag_white":10,"apocalypsenow:night_stick":193,"minecraft:light_gray_bed":2,"minecraft:brown_bed":1,"minecraft:water_bucket":9,"minecraft:fletching_table":1,"minecraft:polished_blackstone_pressure_plate":1,"cfm:oak_hedge":5,"minecraft:crafting_table":5,"apocalypsenow:machete":165,"minecraft:diamond_pickaxe":250,"minecraft:iron_pickaxe":163,"cgm:grenade":2,"minecraft:cobblestone":2,"minecraft:potion":30,"apocalypsenow:open_canned_carrot":6,"farmersdelight:egg_sandwich":1,"minecraft:bucket":11,"immersiveengineering:steel_scaffolding_standard":4,"quark:smooth_stone_vertical_slab":2,"minecraft:smooth_stone":1}},"DataVersion":2975}