{"stats":{"minecraft:used":{"minecraft:stone_axe":24,"minecraft:crafting_table":1,"minecraft:stone_pickaxe":24,"minecraft:wooden_pickaxe":7},"minecraft:picked_up":{"minecraft:wooden_sword":1,"minecraft:lilac":1,"minecraft:wooden_pickaxe":1,"minecraft:spruce_sapling":4,"embellishcraft:gneiss_cobblestone":2,"minecraft:spruce_log":32,"minecraft:dirt":18,"minecraft:cobblestone":27},"minecraft:custom":{"minecraft:time_since_rest":5626,"minecraft:crouch_one_cm":198,"minecraft:play_time":5626,"minecraft:sprint_one_cm":10556,"minecraft:walk_one_cm":8743,"minecraft:sneak_time":72,"minecraft:drop":4,"minecraft:jump":56,"minecraft:time_since_death":5626,"minecraft:total_world_time":5626,"minecraft:fall_one_cm":209,"minecraft:interact_with_crafting_table":3,"minecraft:fly_one_cm":3830},"minecraft:crafted":{"minecraft:air":57},"minecraft:mined":{"minecraft:grass_block":4,"rocks:pinecone":1,"minecraft:dirt":14,"embellishcraft:gneiss":2,"minecraft:lilac":1,"biomesoplenty:sprout":1,"minecraft:spruce_leaves":1,"minecraft:spruce_log":33,"minecraft:stone":27},"minecraft:dropped":{"minecraft:wooden_sword":2,"minecraft:wooden_pickaxe":2}},"DataVersion":2975}