{"stats":{"minecraft:broken":{"apocalypsenow:premium_hammer":1},"minecraft:picked_up":{"apocalypsenow:apple_juice":1,"minecraft:iron_trapdoor":1,"minecraft:potion":16,"minecraft:nether_brick":32,"create:bar_of_chocolate":5,"minecraft:string":391,"create:sweet_roll":3,"pipez:energy_pipe":17,"minecraft:cobbled_deepslate":22,"apocalypsenow:knife":1,"minecraft:smooth_stone":1,"comforts:sleeping_bag_white":4,"apocalypsenow:red_football_armor_chestplate":1,"pfm:arm_chair_leather":2,"minecraft:iron_pickaxe":1,"embellishcraft:smooth_marble":4,"embellishcraft:basalt_large_bricks_slab":6,"minecraft:torch":12,"apocalypsenow:canned_pork":4,"minecraft:acacia_log":3,"quark:yellow_corundum_cluster":20,"securitycraft:camera_monitor":1,"minecraft:dried_kelp":2,"minecraft:diorite":37,"embellishcraft:gray_corrugated_metal_plate_slab":1,"apocalypsenow:fire_figther_leggings":3,"apocalypsenow:porpsi":5,"minecraft:light_gray_bed":2,"minecraft:rotten_flesh":302,"create:ochrum":31,"pfm:oak_brown_simple_bed":3,"minecraft:iron_block":9,"apocalypsenow:police_chestplate":1,"minecraft:iron_bars":2,"minecraft:cobblestone":22,"tac:round45":172,"apocalypsenow:u_sarmy_boots":2,"apocalypsenow:blue_football_armor_leggings":1,"apocalypsenow:club":1,"apocalypsenow:canned_melon":3,"minecraft:andesite":14,"apocalypsenow:hunting_helmet":1,"tac:10_gauge_round":6,"biomesoplenty:glowshroom":1,"apocalypsenow:cereal":3,"contenttweaker:rubber":2,"apocalypsenow:construction_chestplate":3,"apocalypsenow:canned_tomatos":4,"minecraft:leather_boots":1,"minecraft:bone":321,"minecraft:acacia_planks":7,"apocalypsenow:human_flesh":8,"ftbquests:book":1,"tac:9mm_round":286,"camera:image":3,"apocalypsenow:electric_baton":1,"apocalypsenow:police_helmet":1,"minecraft:oak_planks":1,"immersiveengineering:blueprint":8,"apocalypsenow:u_sarmy_chestplate":2,"patchouli:guide_book":3,"apocalypsenow:canned_fish":7,"cfm:oak_hedge":5,"apocalypsenow:dagger":1,"alexsmobs:animal_dictionary":1,"apocalypsenow:coke":4,"apocalypsenow:golf_stick":1,"minecraft:diamond":3,"apocalypsenow:bayonet":1,"minecraft:polished_blackstone_pressure_plate":1,"apocalypsenow:forestguard_helmet":1,"apocalypsenow:blue_football_armor_chestplate":1,"minecraft:granite":48,"pfm:furniture_book":2,"alexsmobs:maggot":2,"apocalypsenow:construction_helmet":1,"minecraft:crafting_table":1,"apocalypsenow:letter_opener":1,"apocalypsenow:fire_figther_boots":7,"minecraft:gold_block":6,"apocalypsenow:u_sarmy_helmet":6,"quark:gunpowder_sack":10,"embellishcraft:brown_dark_oak_fancy_bed":1,"immersiveengineering:manual":1,"minecraft:red_bed":1,"minecraft:item_frame":5,"apocalypsenow:medicalkit":2,"apocalypsenow:night_stick":3,"apocalypsenow:construction_boots":6,"apocalypsenow:can":1,"apocalypsenow:cleaver":1,"minecraft:sugar_cane":1,"minecraft:chest":2,"apocalypsenow:hookey_stick":2,"refinedstorage:16k_storage_part":1,"sophisticatedbackpacks:backpack":1,"apocalypsenow:pipe_wrench":1,"minecraft:carrot":2,"immersiveengineering:concrete":1,"refinedstorage:4k_storage_part":1,"apocalypsenow:combat_knife":4,"tac:b_magnum":5,"quark:yellow_corundum":6,"immersiveengineering:steel_scaffolding_standard":10,"minecraft:gold_ingot":17,"apocalypsenow:fire_figther_chestplate":5,"minecraft:leather":10,"apocalypsenow:orange_juice":2,"minecraft:oak_log":2,"artifacts:cloud_in_a_bottle":2,"minecraft:gunpowder":222,"minecraft:paper":14,"embellishcraft:plate":1,"apocalypsenow:u_sarmy_leggings":4,"apocalypsenow:construction_leggings":3,"solcarrot:food_book":2,"tac:deagle_357":1,"biomesoplenty:glowworm_silk":1,"apocalypsenow:money":2,"tac:nato_556_bullet":7,"minecraft:iron_ingot":3,"zombie_extreme:vending_machine":1,"apocalypsenow:fire_figther_helmet":1,"tac:ae50":33,"apocalypsenow:grape_juice":1,"quark:light_gray_shard":24,"minecraft:emerald_block":3,"nameless_trinkets:experience_battery":2,"contenttweaker:resistant_fabric":2,"minecraft:gravel":8,"apocalypsenow:police_leggings":2,"apocalypsenow:forestguard_boots":2,"apocalypsenow:vodka":1,"minecraft:leather_helmet":2,"minecraft:slime_ball":1,"quark:gray_shard":119},"minecraft:killed":{"undead_revamp2:thesmoker":17,"zombiemobs:zombie_panda":1,"mutationcraft:human_stage_1":1,"undead_revamp2:thepregnant":2,"undead_revamp2:crackleball":2,"zombiemobs:zombie_pig":1,"zombiemobs:zombie_donkey":1,"zombie_extreme:infected_hazmat":1,"mutationcraft:human_stage_2":1,"undead_revamp2:theordure":1,"minecraft:trader_llama":1,"minecraft:zombie":383,"zombie_extreme:infected_police":4,"alexsmobs:fly":5,"mutationcraft:human_stage_3":1,"minecraft:blaze":4,"alexsmobs:jerboa":1,"zombiemobs:zombie_horsee":2,"undead_revamp2:bomber":1,"zombiemobs:zombie_wolf":1,"zombie_extreme:runner":8,"zombie_extreme:crawler":4,"minecraft:husk":37,"undead_revamp2:the_moonflower":14,"mutationcraft:assimilated_human":1},"minecraft:crafted":{"minecraft:oak_planks":8,"immersiveengineering:stick_steel":12,"minecraft:chest":1,"minecraft:iron_ingot":26,"minecraft:leather":55,"minecraft:air":312,"minecraft:white_wool":12},"minecraft:dropped":{"embellishcraft:gray_corrugated_metal_plate_slab":2,"contenttweaker:rubber":1,"minecraft:glass_bottle":5,"minecraft:diamond":3,"tac:round45":52,"immersiveengineering:blueprint":12,"minecraft:cookie":2,"apocalypsenow:forestguard_helmet":1,"artifacts:cloud_in_a_bottle":2,"apocalypsenow:police_leggings":4,"minecraft:leather":8,"apocalypsenow:combat_knife":4,"apocalypsenow:u_sarmy_leggings":3,"minecraft:leather_helmet":2,"refinedstorage:4k_storage_part":1,"quark:light_gray_shard":20,"embellishcraft:smooth_basalt":1,"apocalypsenow:construction_leggings":3,"apocalypsenow:night_stick":3,"apocalypsenow:construction_boots":2,"apocalypsenow:fire_figther_boots":7,"solcarrot:food_book":2,"apocalypsenow:blue_football_armor_leggings":1,"apocalypsenow:construction_helmet":1,"embellishcraft:basalt_large_bricks_slab":4,"apocalypsenow:u_sarmy_helmet":2,"apocalypsenow:can":6,"refinedstorage:crafting_grid":1,"tac:10_gauge_round":3,"apocalypsenow:hookey_stick":2,"minecraft:iron_pickaxe":1,"ftbquests:book":2,"minecraft:white_wool":1,"minecraft:gold_ingot":18,"apocalypsenow:vodka":1,"minecraft:bone":38,"minecraft:sugar_cane":1,"alexsmobs:animal_dictionary":1,"minecraft:cobbled_deepslate":22,"apocalypsenow:grape_juice":1,"apocalypsenow:small_can":3,"minecraft:nether_brick":32,"pfm:oak_brown_simple_bed":1,"minecraft:rotten_flesh":48,"apocalypsenow:money":5,"patchouli:guide_book":2,"minecraft:carrot":1,"apocalypsenow:black_motorcycle_helmet_helmet":1,"apocalypsenow:baseball_bat":1,"quark:gunpowder_sack":4,"minecraft:gunpowder":213,"apocalypsenow:fire_figther_leggings":3,"immersiveengineering:manual":2,"apocalypsenow:dagger":1,"minecraft:leather_boots":1,"tac:ae50":14,"apocalypsenow:red_football_armor_chestplate":1,"apocalypsenow:canned_melon":3,"comforts:sleeping_bag_white":1,"minecraft:iron_bars":2,"tac:deagle_357":1,"apocalypsenow:cleaver":1,"apocalypsenow:can_opener":1,"apocalypsenow:human_flesh":2,"minecraft:iron_ingot":2,"immersiveengineering:concrete":2,"apocalypsenow:police_helmet":1,"apocalypsenow:open_canned_carrot":2,"minecraft:cobblestone":10,"apocalypsenow:cereal":3,"minecraft:granite":48,"quark:gray_shard":74,"refinedstorage:16k_storage_part":1,"quark:yellow_corundum":6,"apocalypsenow:forestguard_boots":2,"tac:b_magnum":1,"tac:mk23":1,"apocalypsenow:knife":1,"apocalypsenow:u_sarmy_boots":1,"apocalypsenow:canned_tomatos":4,"apocalypsenow:letter_opener":1,"apocalypsenow:fire_figther_chestplate":5,"minecraft:diorite":37,"apocalypsenow:porpsi":5,"minecraft:dried_kelp":2,"biomesoplenty:glowshroom":1,"minecraft:cactus":2,"minecraft:smooth_stone":1,"minecraft:string":142,"minecraft:paper":21,"minecraft:acacia_planks":14,"apocalypsenow:pipe_wrench":1,"apocalypsenow:u_sarmy_chestplate":2,"apocalypsenow:canned_fish":8,"immersiveengineering:steel_scaffolding_standard":6,"alexsmobs:maggot":2,"create:ochrum":31,"apocalypsenow:fire_figther_helmet":1,"apocalypsenow:golf_stick":2,"minecraft:bowl":1,"apocalypsenow:orange_juice":2,"embellishcraft:smooth_marble":2,"apocalypsenow:police_chestplate":3,"sophisticatedbackpacks:backpack":1,"quark:yellow_corundum_cluster":20,"embellishcraft:plate":1,"apocalypsenow:canned_pork":2,"apocalypsenow:construction_chestplate":3,"pipez:energy_pipe":17,"biomesoplenty:glowworm_silk":1,"apocalypsenow:bayonet":1,"minecraft:andesite":14,"immersiveengineering:concrete_quarter":1,"apocalypsenow:electric_baton":1,"pfm:furniture_book":2,"apocalypsenow:coke":4,"apocalypsenow:forestguard_leggings":1,"minecraft:wooden_pickaxe":1,"tac:9mm_round":111,"nameless_trinkets:experience_battery":2},"minecraft:used":{"apocalypsenow:hand_axe":147,"apocalypsenow:premium_hammer":292,"minecraft:chest":5,"apocalypsenow:apple_juice":1,"embellishcraft:smooth_marble":1,"farmersdelight:melon_popsicle":1,"minecraft:item_frame":13,"apocalypsenow:combat_knife":149,"apocalypsenow:open_canned_pork":2,"farmersdelight:hamburger":2,"farmersdelight:chicken_soup":1,"apocalypsenow:electric_baton":591,"zombie_extreme:vending_machine":1,"minecraft:oak_planks":1,"minecraft:wooden_pickaxe":3,"minecraft:gravel":8,"apocalypsenow:golf_stick":16,"minecraft:gray_stained_glass":6,"pfm:oak_brown_simple_bed":2,"minecraft:flint_and_steel":17,"embellishcraft:basalt_large_bricks_slab":2,"pfm:arm_chair_leather":2,"minecraft:torch":29,"minecraft:light_gray_stained_glass":1,"minecraft:iron_axe":2,"carryon:entity_item":1,"minecraft:iron_trapdoor":1,"apocalypsenow:porpsi":3,"comforts:sleeping_bag_white":2,"apocalypsenow:night_stick":193,"minecraft:light_gray_bed":2,"minecraft:polished_blackstone_pressure_plate":1,"minecraft:crafting_table":1,"cfm:oak_hedge":5,"apocalypsenow:machete":165,"minecraft:iron_pickaxe":26,"cgm:grenade":2,"minecraft:potion":25,"apocalypsenow:open_canned_carrot":6,"farmersdelight:egg_sandwich":1,"immersiveengineering:steel_scaffolding_standard":4},"minecraft:killed_by":{"undead_revamp2:the_moonflower":1,"mutationcraft:the_intoxicator":1,"minecraft:blaze":1,"minecraft:zombie":2,"undead_revamp2:thesmoker":1,"minecraft:player":1},"minecraft:custom":{"lootr:looted_stat":76,"minecraft:interact_with_crafting_table":10,"minecraft:open_barrel":3,"minecraft:microwave_used":3,"minecraft:leave_game":4,"minecraft:time_since_death":24612,"minecraft:sprint_one_cm":579540,"minecraft:drop":250,"minecraft:talked_to_villager":5,"minecraft:play_time":348752,"minecraft:deaths":21,"minecraft:jump":2410,"minecraft:interact_with_brewingstand":1,"minecraft:walk_on_water_one_cm":10816,"minecraft:interact_with_furnace":12,"minecraft:traded_with_villager":12,"minecraft:stove_opened":5,"minecraft:sleep_in_bed":7,"minecraft:damage_dealt":45947,"minecraft:player_kills":4,"minecraft:crouch_one_cm":15210,"minecraft:interact_with_smoker":3,"minecraft:mob_kills":589,"minecraft:damage_dealt_resisted":472,"minecraft:climb_one_cm":93118,"minecraft:walk_one_cm":926318,"minecraft:fridge_opened":4,"minecraft:chair_used":3,"minecraft:damage_dealt_absorbed":80,"minecraft:sneak_time":6737,"minecraft:walk_under_water_one_cm":7755,"minecraft:boat_one_cm":911,"minecraft:interact_with_blast_furnace":2,"minecraft:drawer_searched":34,"minecraft:total_world_time":348752,"minecraft:toilet_used":3,"minecraft:pot_flower":1,"minecraft:trashcan_opened":1,"minecraft:time_since_rest":24648,"minecraft:damage_taken":7589,"minecraft:swim_one_cm":7888,"minecraft:freezer_opened":12,"minecraft:fly_one_cm":413943,"minecraft:open_chest":313,"minecraft:fall_one_cm":65919},"minecraft:mined":{"embellishcraft:basalt_large_bricks_slab":3,"minecraft:acacia_log":3,"minecraft:grass_block":2,"minecraft:light_gray_bed":2,"pfm:oak_brown_simple_bed":2,"minecraft:spawner":5,"comforts:sleeping_bag_white":1,"embellishcraft:blue_pillow":1,"minecraft:iron_bars":1,"minecraft:iron_block":9,"create:dark_oak_window_pane":1,"minecraft:red_bed":1,"cfm:oak_hedge":5,"minecraft:torch":1,"minecraft:chest":3,"create:framed_glass":1,"minecraft:dead_bush":1,"minecraft:iron_door":1,"minecraft:oak_planks":1,"minecraft:wall_torch":13,"minecraft:light_gray_stained_glass":11,"quark:gunpowder_sack":8,"create:vertical_framed_glass_pane":4,"minecraft:dirt":3,"minecraft:oak_leaves":5,"minecraft:emerald_block":3,"biomesoplenty:desert_grass":1,"minecraft:gray_stained_glass_pane":12,"minecraft:spruce_leaves":1,"embellishcraft:plate":1,"minecraft:black_stained_glass_pane":7,"minecraft:gold_block":6,"minecraft:stone":11,"zombie_extreme:vending_machine":1,"minecraft:cyan_stained_glass_pane":2,"createbigcannons:traffic_cone":1,"minecraft:gray_stained_glass":28,"immersiveengineering:concrete":1,"minecraft:black_stained_glass":1,"embellishcraft:smooth_marble":6,"immersiveengineering:steel_scaffolding_standard":4,"embellishcraft:brown_dark_oak_fancy_bed":1,"minecraft:gravel":16,"pfm:arm_chair_leather":2,"minecraft:cobweb":14,"minecraft:iron_trapdoor":1}},"DataVersion":2975}