{"stats":{"minecraft:broken":{"minecraft:leather_helmet":1,"minecraft:iron_axe":1,"minecraft:iron_pickaxe":4},"minecraft:picked_up":{"minecraft:flower_pot":1,"create:mechanical_crafter":18,"minecraft:brown_bed":2,"minecraft:potion":30,"apocalypsenow:can_opener":1,"embellishcraft:steel_rungs":1,"minecraft:string":539,"minecraft:raw_copper":536,"create:mechanical_press":2,"immersiveengineering:raw_lead":29,"minecraft:cobbled_deepslate":22,"minecraft:smooth_stone":5,"comforts:sleeping_bag_white":8,"apocalypsenow:red_football_armor_chestplate":2,"minecraft:smooth_quartz":2,"immersivepetroleum:asphalt_slab":1,"minecraft:coal_block":6,"minecraft:stick":6,"embellishcraft:smooth_marble":36,"minecraft:torch":34,"minecraft:acacia_log":216,"create:andesite_casing":5,"apocalypsenow:open_canned_carrot":1,"quark:yellow_corundum_cluster":20,"minecraft:diorite":37,"embellishcraft:gray_corrugated_metal_plate_slab":1,"apocalypsenow:fire_figther_leggings":2,"farmersdelight:melon_popsicle":1,"minecraft:quartz_block":1,"another_furniture:lime_lamp":2,"minecraft:rotten_flesh":476,"minecraft:cactus":1,"minecraft:light_gray_bed":1,"create:ochrum":31,"minecraft:iron_block":21,"minecraft:cyan_terracotta":13,"apocalypsenow:police_boots":1,"apocalypsenow:bikers_helmet":1,"apocalypsenow:police_chestplate":1,"create:mechanical_arm":1,"minecraft:blaze_rod":1,"minecraft:iron_bars":3,"minecraft:cobblestone":917,"tac:round45":50,"minecraft:iron_door":4,"minecraft:andesite":78,"biomesoplenty:glowshroom":1,"minecraft:potato":2,"create:raw_zinc":145,"minecraft:tuff":13,"minecraft:lapis_lazuli":114,"farmersdelight:chicken_sandwich":3,"minecraft:dirt":1,"minecraft:lantern":2,"minecraft:bone":460,"minecraft:acacia_planks":1,"minecraft:gray_terracotta":2,"apocalypsenow:human_flesh":19,"minecraft:raw_gold":17,"ftbquests:book":1,"tac:9mm_round":110,"camera:image":3,"apocalypsenow:red_football_armor_helmet":1,"firstaid:plaster":10,"apocalypsenow:u_sarmy_chestplate":3,"quark:smooth_stone_vertical_slab":1,"immersiveengineering:raw_uranium":7,"create:cogwheel":1,"apocalypsenow:small_can":1,"apocalypsenow:tatical_mace":1,"apocalypsenow:canned_fish":10,"minecraft:sand":5,"apocalypsenow:black_motorcycle_helmet_helmet":1,"apocalypsenow:golf_stick":1,"minecraft:polished_blackstone_pressure_plate":3,"minecraft:granite":125,"apocalypsenow:black_bikers_helmet":2,"cold_sweat:fur":1,"immersiveengineering:conveyor_basic":2,"alexsmobs:maggot":3,"minecraft:oak_sapling":6,"apocalypsenow:construction_helmet":4,"minecraft:diamond_pickaxe":1,"sophisticatedbackpacks:gold_backpack":2,"minecraft:crafting_table":1,"apocalypsenow:fire_figther_boots":1,"minecraft:chicken":1,"thirst:sand_filter":2,"tac:sti2011":1,"embellishcraft:blue_pillow":1,"immersiveengineering:heavy_engineering":4,"minecraft:stone_brick_wall":3,"minecraft:gold_block":8,"apocalypsenow:u_sarmy_helmet":4,"quark:gunpowder_sack":8,"minecraft:heavy_weighted_pressure_plate":2,"create:fluid_pipe":17,"minecraft:iron_shovel":1,"refinedstorage:crafting_grid":1,"apocalypsenow:medicalkit":8,"embellishcraft:smooth_basalt":2,"apocalypsenow:construction_boots":4,"apocalypsenow:can":1,"minecraft:tinted_glass":2,"minecraft:chest":2,"minecraft:piston":4,"minecraft:raw_iron":142,"minecraft:copper_ingot":8,"minecraft:stone_button":2,"create:hand_crank":2,"minecraft:carrot":5,"tac:hk_mp5a5":1,"minecraft:redstone":32,"immersiveengineering:concrete":2,"tac:b_magnum":26,"create:deployer":2,"quark:yellow_corundum":6,"immersiveengineering:steel_scaffolding_standard":8,"biomesoplenty:orange_sandstone":4,"apocalypsenow:red_football_armor_boots":1,"create:depot":2,"immersiveengineering:rs_engineering":2,"minecraft:white_wool":1,"apocalypsenow:fire_figther_chestplate":4,"biomesoplenty:orange_sand":1,"cfm:gray_picket_fence":3,"apocalypsenow:green_bikers_helmet":2,"embellishcraft:polished_marble":3,"minecraft:oak_log":86,"embellishcraft:grid_air_duct":1,"minecraft:gunpowder":4,"apocalypsenow:construction_leggings":6,"minecraft:iron_ingot":12,"biomesoplenty:glowworm_silk":1,"apocalypsenow:money":9,"tac:nato_556_bullet":2,"tac:deagle_357":1,"apocalypsenow:red_bikers_helmet":1,"minecraft:acacia_sapling":7,"tac:ae50":27,"quark:light_gray_shard":2,"minecraft:emerald_block":4,"minecraft:gravel":1,"apocalypsenow:police_leggings":1,"minecraft:white_bed":2,"create:mechanical_pump":4,"quark:framed_glass_pane":2,"biomesoplenty:mud_ball":4,"quark:gray_shard":52,"minecraft:damaged_anvil":1,"minecraft:coal":80,"immersiveengineering:raw_silver":8,"quark:gray_framed_glass":2},"minecraft:killed":{"undead_revamp2:thesmoker":32,"minecraft:chicken":1,"undead_revamp2:crackleball":6,"minecraft:wolf":5,"zombie_extreme:infected_hazmat":1,"zombiemobs:zombie_fox":1,"undead_revamp2:theordure":2,"minecraft:goat":1,"minecraft:zombie":362,"zombie_extreme:infected_police":4,"alexsmobs:fly":1,"alexsmobs:jerboa":1,"minecraft:blaze":6,"zombiemobs:zombie_horsee":1,"undead_revamp2:bomber":2,"alexsmobs:rattlesnake":1,"minecraft:drowned":7,"zombie_extreme:runner":15,"zombiemobs:zombie_cow":1,"zombiemobs:zombie_squid":1,"zombie_extreme:crawler":3,"minecraft:husk":90,"zombie_extreme:boomer":1,"undead_revamp2:the_moonflower":16,"zombiemobs:zombie_goat":1,"minecraft:villager":1},"minecraft:crafted":{"minecraft:oak_planks":56,"immersiveengineering:hammer":1,"minecraft:barrel":1,"immersiveengineering:sheetmetal_iron":4,"tac:ae50":64,"minecraft:chest":7,"immersiveengineering:ingot_steel":12,"minecraft:copper_block":3,"create:cogwheel":2,"create:nozzle":1,"create:depot":1,"sophisticatedbackpacks:backpack":1,"minecraft:crafting_table":3,"minecraft:acacia_slab":6,"create:fluid_pipe":8,"minecraft:copper_ingot":302,"minecraft:diamond_pickaxe":1,"minecraft:stick":16,"create:mechanical_pump":1,"minecraft:iron_ingot":129,"immersiveengineering:heavy_engineering":4,"minecraft:iron_nugget":63,"minecraft:piston":1,"firstaid:plaster":1,"immersiveengineering:sheetmetal_steel":4,"minecraft:leather":140,"minecraft:iron_axe":1,"create:hand_crank":1,"sophisticatedbackpacks:gold_backpack":1,"minecraft:bucket":1,"minecraft:air":411,"minecraft:potion":31,"minecraft:white_wool":10,"minecraft:gunpowder":36,"immersiveengineering:conveyor_basic":8,"create:shaft":8,"minecraft:acacia_planks":72},"minecraft:dropped":{"minecraft:oak_log":2,"minecraft:glass_bottle":1,"minecraft:crafting_table":1,"another_furniture:lime_lamp":2,"apocalypsenow:police_leggings":1,"apocalypsenow:medicalkit":10,"minecraft:leather":8,"sophisticatedbackpacks:gold_backpack":2,"minecraft:stone_button":2,"minecraft:polished_blackstone_pressure_plate":1,"apocalypsenow:night_stick":1,"apocalypsenow:construction_leggings":1,"apocalypsenow:construction_helmet":3,"apocalypsenow:can":1,"apocalypsenow:u_sarmy_helmet":2,"ftbquests:book":1,"embellishcraft:polished_marble":1,"apocalypsenow:small_can":1,"camera:image":3,"minecraft:rotten_flesh":28,"minecraft:oak_planks":8,"apocalypsenow:red_football_armor_boots":1,"minecraft:carrot":4,"minecraft:leather_chestplate":1,"apocalypsenow:fire_figther_leggings":1,"minecraft:heavy_weighted_pressure_plate":2,"minecraft:stone_brick_wall":1,"apocalypsenow:red_football_armor_chestplate":1,"comforts:sleeping_bag_white":5,"securitycraft:camera_monitor":1,"tac:deagle_357":2,"apocalypsenow:human_flesh":3,"minecraft:iron_ingot":1,"apocalypsenow:police_boots":2,"minecraft:cobblestone":6,"minecraft:granite":4,"quark:gray_shard":36,"minecraft:copper_ingot":10,"apocalypsenow:tatical_mace":1,"tac:hk_mp5a5":1,"apocalypsenow:black_bikers_helmet":1,"apocalypsenow:fire_figther_chestplate":3,"farmersdelight:melon_popsicle":1,"minecraft:iron_door":1,"minecraft:potion":20,"tac:sti2011":1,"minecraft:smooth_stone":2,"minecraft:iron_shovel":1,"minecraft:string":193,"cfm:gray_picket_fence":3,"apocalypsenow:u_sarmy_chestplate":2,"apocalypsenow:canned_fish":5,"quark:gray_framed_glass":2,"apocalypsenow:golf_stick":1,"minecraft:chicken":1,"apocalypsenow:police_chestplate":1,"farmersdelight:chicken_sandwich":3,"minecraft:potato":1,"minecraft:oak_sapling":6,"minecraft:wooden_pickaxe":1},"minecraft:used":{"minecraft:chest":14,"farmersdelight:melon_juice":7,"create:cogwheel":4,"create:depot":2,"immersiveengineering:rs_engineering":3,"embellishcraft:smooth_marble":12,"minecraft:cyan_terracotta":9,"minecraft:lantern":2,"farmersdelight:melon_popsicle":1,"carryon:tile_item":2,"farmersdelight:hamburger":6,"minecraft:oak_planks":8,"minecraft:wooden_pickaxe":46,"minecraft:cookie":6,"minecraft:white_wool":1,"farmersdelight:chicken_sandwich":9,"apocalypsenow:coke":3,"farmersdelight:honey_cookie":4,"immersiveengineering:hammer":1,"apocalypsenow:tatical_mace":927,"minecraft:string":2,"minecraft:iron_door":1,"apocalypsenow:dagger":2,"chalk:red_chalk":13,"embellishcraft:polished_marble":2,"immersiveengineering:conveyor_basic":4,"minecraft:acacia_log":5,"farmersdelight:vegetable_noodles":3,"minecraft:torch":75,"create:mechanical_pump":5,"minecraft:granite":1,"minecraft:iron_axe":65,"thirst:sand_filter":3,"apocalypsenow:porpsi":1,"create:fluid_pipe":25,"comforts:sleeping_bag_white":5,"apocalypsenow:night_stick":106,"minecraft:light_gray_bed":1,"minecraft:brown_bed":2,"minecraft:water_bucket":10,"tac:workbench":1,"minecraft:glass_bottle":43,"minecraft:crafting_table":2,"minecraft:white_bed":2,"car:canister":14,"apocalypsenow:machete":77,"minecraft:piston":5,"minecraft:diamond_pickaxe":1013,"immersiveengineering:heavy_engineering":5,"create:mechanical_press":3,"minecraft:iron_pickaxe":1002,"cgm:grenade":7,"minecraft:cobblestone":171,"minecraft:potion":55,"farmersdelight:egg_sandwich":3,"minecraft:bucket":10,"immersiveengineering:steel_scaffolding_standard":4,"create:hand_crank":3,"apocalypsenow:human_flesh":5,"minecraft:smooth_stone":2},"minecraft:killed_by":{"undead_revamp2:bomber":1,"minecraft:blaze":2,"minecraft:zombie":3,"undead_revamp2:thesmoker":1,"minecraft:player":5,"minecraft:wolf":2},"minecraft:custom":{"lootr:looted_stat":95,"minecraft:interact_with_crafting_table":51,"minecraft:open_barrel":8,"minecraft:leave_game":7,"minecraft:time_since_death":35058,"minecraft:sprint_one_cm":1202220,"minecraft:drop":121,"minecraft:talked_to_villager":22,"minecraft:play_time":439472,"minecraft:deaths":28,"minecraft:jump":2680,"minecraft:interact_with_brewingstand":1,"minecraft:walk_on_water_one_cm":13479,"minecraft:interact_with_furnace":40,"minecraft:traded_with_villager":20,"minecraft:stove_opened":3,"minecraft:sleep_in_bed":13,"minecraft:damage_dealt":41712,"minecraft:crouch_one_cm":50024,"minecraft:interact_with_smoker":4,"minecraft:mob_kills":642,"minecraft:interact_with_campfire":18,"minecraft:damage_dealt_resisted":2474,"minecraft:climb_one_cm":90293,"minecraft:walk_one_cm":1494603,"minecraft:chair_used":2,"minecraft:damage_dealt_absorbed":285,"minecraft:sneak_time":16811,"minecraft:walk_under_water_one_cm":8478,"minecraft:interact_with_blast_furnace":19,"minecraft:drawer_searched":27,"minecraft:total_world_time":439472,"minecraft:cabinet_searched":3,"minecraft:time_since_rest":13682,"minecraft:damage_taken":9736,"minecraft:swim_one_cm":11287,"minecraft:fly_one_cm":415573,"minecraft:freezer_opened":6,"minecraft:open_chest":480,"minecraft:fall_one_cm":56411},"minecraft:mined":{"create:deepslate_zinc_ore":34,"biomesoplenty:glowshroom":1,"minecraft:oak_sapling":1,"immersivepetroleum:asphalt_slab":1,"create:andesite_casing":5,"minecraft:potted_cactus":1,"minecraft:granite":125,"minecraft:stone_brick_wall":2,"embellishcraft:grid_air_duct":1,"minecraft:light_gray_bed":1,"quark:yellow_corundum":6,"minecraft:coal_block":6,"cfm:gray_picket_fence":5,"minecraft:spawner":4,"embellishcraft:smooth_basalt":2,"comforts:sleeping_bag_white":2,"immersiveengineering:deepslate_ore_uranium":6,"minecraft:smooth_stone":5,"create:vertical_framed_glass":2,"minecraft:iron_ore":123,"immersiveengineering:deepslate_ore_silver":4,"minecraft:deepslate_lapis_ore":2,"minecraft:brown_bed":2,"minecraft:iron_bars":2,"immersiveengineering:ore_lead":28,"minecraft:iron_block":20,"create:mechanical_press":3,"create:dark_oak_window_pane":1,"minecraft:tripwire":2,"minecraft:deepslate_redstone_ore":9,"minecraft:gray_terracotta":2,"create:cogwheel":1,"minecraft:quartz_block":3,"minecraft:cyan_terracotta":14,"biomesoplenty:glowworm_silk":1,"embellishcraft:smooth_slate":1,"minecraft:torch":6,"minecraft:chest":2,"embellishcraft:polished_marble":3,"quark:gray_framed_glass":2,"minecraft:cobblestone":7,"minecraft:damaged_anvil":1,"minecraft:iron_door":3,"minecraft:wall_torch":19,"minecraft:deepslate_copper_ore":4,"embellishcraft:steel_rungs":1,"minecraft:acacia_sapling":1,"thirst:sand_filter":2,"quark:gunpowder_sack":4,"biomesoplenty:mud":1,"minecraft:grass":1,"create:vertical_framed_glass_pane":2,"create:framed_glass_trapdoor":1,"create:hand_crank":1,"minecraft:sand":5,"minecraft:smooth_quartz":1,"minecraft:dirt":1,"quark:yellow_corundum_cluster":5,"immersiveengineering:conveyor_basic":2,"minecraft:piston":4,"minecraft:oak_leaves":2,"minecraft:deepslate":25,"minecraft:emerald_block":4,"create:zinc_ore":109,"car:line_side_long_left_yellow":1,"minecraft:tuff":13,"biomesoplenty:desert_grass":6,"minecraft:gray_stained_glass_pane":2,"embellishcraft:gray_corrugated_metal_plate_slab":1,"create:ochrum":31,"create:depot":3,"create:mechanical_arm":1,"biomesoplenty:dead_grass":5,"apocalypsenow:concrete_bricks":1,"immersiveengineering:ore_silver":4,"biomesoplenty:dune_grass":6,"minecraft:redstone_ore":1,"minecraft:heavy_weighted_pressure_plate":1,"create:framed_glass_pane":2,"minecraft:andesite":79,"minecraft:gold_block":8,"minecraft:deepslate_iron_ore":16,"minecraft:lantern":2,"create:deployer":2,"immersiveengineering:rs_engineering":2,"minecraft:stone":905,"quark:smooth_stone_vertical_slab":2,"biomesoplenty:orange_sand":1,"minecraft:crafting_table":1,"create:fluid_pipe":17,"create:mechanical_pump":4,"minecraft:gray_stained_glass":19,"immersiveengineering:heavy_engineering":4,"minecraft:copper_ore":142,"biomesoplenty:sprout":2,"minecraft:lapis_ore":17,"minecraft:deepslate_gold_ore":7,"minecraft:diorite":37,"immersiveengineering:concrete":1,"embellishcraft:smooth_marble":39,"immersiveengineering:steel_scaffolding_standard":12,"minecraft:coal_ore":81,"create:mechanical_crafter":18,"minecraft:gravel":1,"minecraft:acacia_planks":1,"minecraft:gold_ore":12}},"DataVersion":2975}