{"stats":{"minecraft:broken":{"minecraft:leather_helmet":1,"minecraft:iron_axe":1,"minecraft:iron_pickaxe":4},"minecraft:picked_up":{"minecraft:flower_pot":1,"minecraft:brown_bed":2,"minecraft:potion":12,"apocalypsenow:can_opener":1,"embellishcraft:steel_rungs":1,"minecraft:string":449,"minecraft:raw_copper":536,"immersiveengineering:raw_lead":29,"minecraft:smooth_stone":5,"create:mechanical_press":1,"minecraft:cobbled_deepslate":22,"apocalypsenow:red_football_armor_chestplate":2,"minecraft:coal_block":4,"minecraft:stick":6,"embellishcraft:smooth_marble":33,"minecraft:torch":28,"minecraft:acacia_log":216,"create:andesite_casing":5,"quark:yellow_corundum_cluster":20,"apocalypsenow:open_canned_carrot":1,"minecraft:diorite":37,"apocalypsenow:fire_figther_leggings":1,"farmersdelight:melon_popsicle":1,"another_furniture:lime_lamp":2,"minecraft:quartz_block":1,"minecraft:rotten_flesh":377,"minecraft:light_gray_bed":1,"minecraft:cactus":1,"create:ochrum":31,"minecraft:iron_block":21,"minecraft:cyan_terracotta":13,"apocalypsenow:bikers_helmet":1,"apocalypsenow:police_chestplate":1,"apocalypsenow:police_boots":1,"minecraft:blaze_rod":1,"minecraft:iron_bars":3,"minecraft:cobblestone":887,"tac:round45":40,"minecraft:iron_door":4,"minecraft:andesite":78,"biomesoplenty:glowshroom":1,"minecraft:potato":2,"create:raw_zinc":145,"minecraft:tuff":13,"minecraft:lapis_lazuli":114,"farmersdelight:chicken_sandwich":3,"minecraft:dirt":1,"minecraft:bone":364,"minecraft:acacia_planks":1,"apocalypsenow:human_flesh":15,"minecraft:raw_gold":17,"ftbquests:book":1,"tac:9mm_round":97,"camera:image":3,"apocalypsenow:red_football_armor_helmet":1,"firstaid:plaster":3,"apocalypsenow:u_sarmy_chestplate":3,"immersiveengineering:raw_uranium":7,"apocalypsenow:tatical_mace":1,"apocalypsenow:canned_fish":10,"apocalypsenow:black_motorcycle_helmet_helmet":1,"minecraft:polished_blackstone_pressure_plate":3,"minecraft:granite":107,"apocalypsenow:black_bikers_helmet":2,"alexsmobs:maggot":3,"minecraft:oak_sapling":6,"apocalypsenow:construction_helmet":4,"minecraft:diamond_pickaxe":1,"sophisticatedbackpacks:gold_backpack":2,"apocalypsenow:fire_figther_boots":1,"minecraft:chicken":1,"tac:sti2011":1,"embellishcraft:blue_pillow":1,"minecraft:stone_brick_wall":3,"minecraft:gold_block":8,"apocalypsenow:u_sarmy_helmet":2,"quark:gunpowder_sack":8,"minecraft:heavy_weighted_pressure_plate":2,"refinedstorage:crafting_grid":1,"apocalypsenow:medicalkit":8,"embellishcraft:smooth_basalt":2,"apocalypsenow:construction_boots":3,"apocalypsenow:can":1,"minecraft:tinted_glass":2,"minecraft:chest":2,"minecraft:raw_iron":142,"minecraft:copper_ingot":1,"minecraft:stone_button":2,"minecraft:carrot":4,"immersiveengineering:concrete":2,"minecraft:redstone":32,"tac:hk_mp5a5":1,"tac:b_magnum":22,"quark:yellow_corundum":6,"immersiveengineering:steel_scaffolding_standard":6,"biomesoplenty:orange_sandstone":4,"apocalypsenow:red_football_armor_boots":1,"biomesoplenty:orange_sand":1,"apocalypsenow:fire_figther_chestplate":4,"minecraft:white_wool":1,"cfm:gray_picket_fence":3,"apocalypsenow:green_bikers_helmet":1,"embellishcraft:polished_marble":3,"minecraft:oak_log":86,"minecraft:gunpowder":4,"apocalypsenow:construction_leggings":6,"minecraft:iron_ingot":8,"biomesoplenty:glowworm_silk":1,"apocalypsenow:money":9,"tac:nato_556_bullet":2,"tac:deagle_357":1,"apocalypsenow:red_bikers_helmet":1,"minecraft:acacia_sapling":7,"tac:ae50":27,"minecraft:emerald_block":4,"minecraft:gravel":1,"apocalypsenow:police_leggings":1,"minecraft:white_bed":2,"quark:framed_glass_pane":2,"biomesoplenty:mud_ball":4,"quark:gray_shard":44,"minecraft:damaged_anvil":1,"minecraft:coal":80,"immersiveengineering:raw_silver":8,"quark:gray_framed_glass":2},"minecraft:killed":{"undead_revamp2:thesmoker":28,"minecraft:chicken":1,"undead_revamp2:crackleball":6,"zombie_extreme:infected_hazmat":1,"zombiemobs:zombie_fox":1,"undead_revamp2:theordure":2,"minecraft:zombie":292,"zombie_extreme:infected_police":3,"alexsmobs:fly":1,"alexsmobs:jerboa":1,"minecraft:blaze":6,"undead_revamp2:bomber":2,"alexsmobs:rattlesnake":1,"minecraft:drowned":7,"zombie_extreme:runner":14,"zombiemobs:zombie_cow":1,"zombiemobs:zombie_squid":1,"zombie_extreme:crawler":3,"minecraft:husk":81,"zombie_extreme:boomer":1,"undead_revamp2:the_moonflower":9,"zombiemobs:zombie_goat":1,"minecraft:villager":1},"minecraft:crafted":{"minecraft:oak_planks":56,"tac:ae50":64,"minecraft:chest":3,"immersiveengineering:ingot_steel":12,"minecraft:copper_block":3,"create:depot":1,"sophisticatedbackpacks:backpack":1,"minecraft:crafting_table":2,"minecraft:copper_ingot":238,"minecraft:diamond_pickaxe":1,"minecraft:stick":12,"minecraft:iron_ingot":120,"minecraft:iron_nugget":63,"minecraft:piston":1,"firstaid:plaster":1,"minecraft:leather":76,"minecraft:iron_axe":1,"create:hand_crank":1,"sophisticatedbackpacks:gold_backpack":1,"minecraft:bucket":1,"minecraft:air":313,"minecraft:white_wool":4,"minecraft:gunpowder":36,"minecraft:acacia_planks":44},"minecraft:dropped":{"minecraft:oak_log":2,"minecraft:crafting_table":1,"another_furniture:lime_lamp":2,"apocalypsenow:police_leggings":1,"apocalypsenow:medicalkit":10,"minecraft:leather":8,"sophisticatedbackpacks:gold_backpack":2,"minecraft:polished_blackstone_pressure_plate":1,"minecraft:stone_button":2,"apocalypsenow:night_stick":1,"apocalypsenow:construction_leggings":1,"apocalypsenow:construction_helmet":2,"apocalypsenow:u_sarmy_helmet":1,"apocalypsenow:can":1,"ftbquests:book":1,"embellishcraft:polished_marble":1,"camera:image":3,"minecraft:rotten_flesh":16,"minecraft:oak_planks":8,"minecraft:carrot":3,"minecraft:leather_chestplate":1,"apocalypsenow:fire_figther_leggings":1,"minecraft:heavy_weighted_pressure_plate":2,"minecraft:stone_brick_wall":1,"apocalypsenow:red_football_armor_chestplate":1,"securitycraft:camera_monitor":1,"tac:deagle_357":2,"minecraft:iron_ingot":1,"apocalypsenow:police_boots":2,"minecraft:cobblestone":1,"quark:gray_shard":36,"apocalypsenow:tatical_mace":1,"tac:hk_mp5a5":1,"apocalypsenow:black_bikers_helmet":1,"apocalypsenow:fire_figther_chestplate":3,"farmersdelight:melon_popsicle":1,"minecraft:iron_door":1,"minecraft:potion":20,"tac:sti2011":1,"minecraft:string":193,"cfm:gray_picket_fence":3,"apocalypsenow:u_sarmy_chestplate":2,"apocalypsenow:canned_fish":5,"quark:gray_framed_glass":2,"minecraft:chicken":1,"apocalypsenow:police_chestplate":1,"farmersdelight:chicken_sandwich":3,"minecraft:potato":1,"minecraft:oak_sapling":6,"minecraft:wooden_pickaxe":1},"minecraft:used":{"minecraft:chest":10,"create:depot":1,"embellishcraft:smooth_marble":9,"minecraft:cyan_terracotta":9,"farmersdelight:melon_popsicle":1,"farmersdelight:hamburger":6,"minecraft:oak_planks":8,"minecraft:wooden_pickaxe":46,"minecraft:cookie":6,"minecraft:white_wool":1,"farmersdelight:chicken_sandwich":3,"farmersdelight:honey_cookie":4,"apocalypsenow:tatical_mace":700,"minecraft:string":2,"minecraft:iron_door":1,"apocalypsenow:dagger":2,"chalk:red_chalk":13,"embellishcraft:polished_marble":2,"minecraft:acacia_log":5,"minecraft:torch":60,"minecraft:iron_axe":64,"apocalypsenow:night_stick":88,"minecraft:light_gray_bed":1,"minecraft:brown_bed":2,"tac:workbench":1,"minecraft:crafting_table":1,"minecraft:white_bed":2,"apocalypsenow:machete":77,"minecraft:diamond_pickaxe":886,"create:mechanical_press":3,"minecraft:iron_pickaxe":1002,"cgm:grenade":7,"minecraft:cobblestone":122,"minecraft:potion":41,"farmersdelight:egg_sandwich":3,"create:hand_crank":1,"apocalypsenow:human_flesh":5,"minecraft:smooth_stone":2},"minecraft:killed_by":{"minecraft:blaze":2,"minecraft:zombie":3,"undead_revamp2:thesmoker":1,"minecraft:player":5},"minecraft:custom":{"lootr:looted_stat":67,"minecraft:interact_with_crafting_table":37,"minecraft:open_barrel":6,"minecraft:leave_game":5,"minecraft:time_since_death":15134,"minecraft:sprint_one_cm":860189,"minecraft:drop":87,"minecraft:talked_to_villager":11,"minecraft:play_time":330719,"minecraft:deaths":23,"minecraft:jump":2121,"minecraft:interact_with_brewingstand":1,"minecraft:walk_on_water_one_cm":12449,"minecraft:interact_with_furnace":34,"minecraft:traded_with_villager":20,"minecraft:stove_opened":2,"minecraft:sleep_in_bed":10,"minecraft:damage_dealt":30914,"minecraft:crouch_one_cm":40208,"minecraft:interact_with_smoker":3,"minecraft:mob_kills":537,"minecraft:damage_dealt_resisted":2474,"minecraft:climb_one_cm":83991,"minecraft:walk_one_cm":1139627,"minecraft:chair_used":2,"minecraft:damage_dealt_absorbed":285,"minecraft:sneak_time":14177,"minecraft:walk_under_water_one_cm":8478,"minecraft:interact_with_blast_furnace":17,"minecraft:drawer_searched":14,"minecraft:total_world_time":330719,"minecraft:cabinet_searched":3,"minecraft:time_since_rest":15167,"minecraft:damage_taken":8103,"minecraft:swim_one_cm":11287,"minecraft:fly_one_cm":302757,"minecraft:freezer_opened":5,"minecraft:open_chest":364,"minecraft:fall_one_cm":46443},"minecraft:mined":{"create:deepslate_zinc_ore":34,"biomesoplenty:glowshroom":1,"minecraft:oak_sapling":1,"create:andesite_casing":5,"minecraft:potted_cactus":1,"minecraft:granite":107,"minecraft:stone_brick_wall":2,"minecraft:light_gray_bed":1,"quark:yellow_corundum":6,"minecraft:coal_block":4,"cfm:gray_picket_fence":5,"minecraft:spawner":2,"embellishcraft:smooth_basalt":2,"immersiveengineering:deepslate_ore_uranium":6,"minecraft:smooth_stone":5,"create:vertical_framed_glass":2,"minecraft:iron_ore":123,"immersiveengineering:deepslate_ore_silver":4,"minecraft:deepslate_lapis_ore":2,"minecraft:brown_bed":2,"minecraft:iron_bars":2,"immersiveengineering:ore_lead":28,"minecraft:iron_block":20,"create:mechanical_press":2,"create:dark_oak_window_pane":1,"minecraft:tripwire":2,"minecraft:deepslate_redstone_ore":9,"minecraft:quartz_block":3,"minecraft:cyan_terracotta":14,"biomesoplenty:glowworm_silk":1,"embellishcraft:smooth_slate":1,"minecraft:torch":6,"minecraft:chest":2,"embellishcraft:polished_marble":3,"quark:gray_framed_glass":2,"minecraft:cobblestone":3,"minecraft:damaged_anvil":1,"minecraft:iron_door":3,"minecraft:wall_torch":14,"minecraft:deepslate_copper_ore":4,"embellishcraft:steel_rungs":1,"minecraft:acacia_sapling":1,"quark:gunpowder_sack":4,"biomesoplenty:mud":1,"minecraft:grass":1,"create:framed_glass_trapdoor":1,"minecraft:dirt":1,"quark:yellow_corundum_cluster":5,"minecraft:oak_leaves":2,"minecraft:emerald_block":4,"minecraft:deepslate":25,"create:zinc_ore":109,"minecraft:tuff":13,"biomesoplenty:desert_grass":6,"minecraft:gray_stained_glass_pane":2,"create:ochrum":31,"biomesoplenty:dead_grass":5,"immersiveengineering:ore_silver":4,"biomesoplenty:dune_grass":6,"minecraft:redstone_ore":1,"minecraft:heavy_weighted_pressure_plate":1,"create:framed_glass_pane":2,"minecraft:andesite":79,"minecraft:gold_block":8,"minecraft:deepslate_iron_ore":16,"minecraft:stone":888,"biomesoplenty:orange_sand":1,"minecraft:gray_stained_glass":16,"minecraft:copper_ore":142,"biomesoplenty:sprout":1,"minecraft:lapis_ore":17,"minecraft:deepslate_gold_ore":7,"minecraft:diorite":37,"immersiveengineering:concrete":1,"embellishcraft:smooth_marble":34,"immersiveengineering:steel_scaffolding_standard":10,"minecraft:coal_ore":81,"minecraft:gravel":1,"minecraft:acacia_planks":1,"minecraft:gold_ore":12}},"DataVersion":2975}