{"stats":{"minecraft:used":{"apocalypsenow:pick":10,"minecraft:stone_sword":53,"minecraft:shield":6,"apocalypsenow:trash":3,"minecraft:dirt":19,"apocalypsenow:rusty_machete":16,"apocalypsenow:coke":1,"minecraft:dark_oak_door":1,"apocalypsenow:wooden_fire_axe":7,"minecraft:string":1,"apocalypsenow:hookey_stick":38,"minecraft:wooden_sword":30,"apocalypsenow:fire_axe":12,"apocalypsenow:vitamins":1,"minecraft:cobweb":4},"minecraft:custom":{"lootr:looted_stat":23,"minecraft:mob_kills":47,"minecraft:open_barrel":11,"minecraft:open_shulker_box":30,"minecraft:damage_dealt_resisted":51,"minecraft:leave_game":2,"minecraft:time_since_death":903,"minecraft:climb_one_cm":1630,"minecraft:time_since_rest":939,"minecraft:sprint_one_cm":159215,"minecraft:damage_taken":5911,"minecraft:walk_one_cm":163979,"minecraft:damage_blocked_by_shield":75,"minecraft:drop":7,"minecraft:damage_dealt":7039,"minecraft:player_kills":3,"minecraft:swim_one_cm":4193,"minecraft:fly_one_cm":203056,"minecraft:open_chest":2,"minecraft:crouch_one_cm":5958,"minecraft:play_time":46008,"minecraft:deaths":24,"minecraft:sneak_time":1636,"minecraft:walk_under_water_one_cm":4388,"minecraft:jump":884,"minecraft:walk_on_water_one_cm":19089,"minecraft:total_world_time":46008,"minecraft:fall_one_cm":23491},"minecraft:killed":{"zombiemobs:zombie_horsee":1,"apocalypsenow:walker_20":1,"mutationcraft:assimilated_donkey":1,"mutationcraft:assimilated_spider":2,"zombie_extreme:infected":1,"zombie_extreme:infected_military":1,"zombie_extreme:infected_hazmat":1,"apocalypsenow:runner_40":1,"apocalypsenow:crawler_4":1,"minecraft:spider":1,"apocalypsenow:walker_11":1,"zombiemobs:zombie_sheep":1,"apocalypsenow:runner_54":3,"apocalypsenow:runner_35":1,"minecraft:creeper":1,"apocalypsenow:walker_5":1,"minecraft:skeleton":1,"minecraft:sheep":1,"zombiemobs:zombie_fox":1,"mutationcraft:assimilated_sheep":1,"minecraft:zombie":1,"apocalypsenow:walker_16":2,"apocalypsenow:runner_48":1,"apocalypsenow:runner_47":1,"apocalypsenow:runner_46":1,"apocalypsenow:runner_45":1,"zombie_extreme:infected_police":1,"apocalypsenow:crawler_2":1,"apocalypsenow:walker_18":1,"apocalypsenow:runner_36":1,"zombiemobs:zombie_wolf":1,"apocalypsenow:walker_22":2,"mutationcraft:assimilated_pillager":1,"apocalypsenow:runner_55":1,"mutationcraft:assimilated_wandering_trader":1,"zombiemobs:zombie_bear":1,"apocalypsenow:walker_4":1},"minecraft:mined":{"minecraft:red_bed":2,"minecraft:grass_block":7,"minecraft:tall_grass":2,"minecraft:grass":4,"minecraft:sunflower":5,"minecraft:dirt":14},"minecraft:killed_by":{"undead_revamp2:thehunter":1,"zombiemobs:zombie_pig":1,"minecraft:player":2,"minecraft:sheep":1,"zombie_extreme:night_hunter":3,"zombiemobs:zombie_donkey":1,"mutationcraft:necroptor":3,"minecraft:zombie":2,"mutationcraft:assimilated_witch":1,"apocalypsenow:walker_22":1,"mutationcraft:assimilated_spider":1,"zombiemobs:zombie_bear":1,"mutationcraft:assimilated_roamer":1,"mutationcraft:assimilated_pillager":1,"mutationcraft:developed_roamer":1,"zombie_extreme:infected_police":1,"zombiemobs:zombie_llama":1,"zombiemobs:zombie_wolf":1},"minecraft:picked_up":{"apocalypsenow:rolling_pin":1,"minecraft:shield":1,"minecraft:brick":1,"apocalypsenow:toothpaste":1,"minecraft:dirt":40,"minecraft:string":3,"minecraft:red_bed":2,"zombie_extreme:chips":2,"minecraft:wooden_sword":1,"minecraft:leather_boots":1,"apocalypsenow:cigarettes":1,"mutationcraft:putrid_brain":1,"minecraft:wheat_seeds":2,"apocalypsenow:human_flesh":13,"theoneprobe:probenote":1,"apocalypsenow:broken_glass":1,"minecraft:cobweb":10,"minecraft:egg":1,"minecraft:dark_oak_door":2,"apocalypsenow:trash":1,"apocalypsenow:drill":1,"patchouli:guide_book":1,"mutationcraft:putrid_claw":7,"apocalypsenow:long_knife":1,"minecraft:porkchop":1,"alexsmobs:animal_dictionary":1,"minecraft:arrow":1,"minecraft:rotten_flesh":32,"apocalypsenow:glue":1,"minecraft:bread":9,"pfm:furniture_book":1,"minecraft:mutton":2,"minecraft:white_wool":2,"minecraft:sunflower":2},"minecraft:dropped":{"minecraft:wheat_seeds":1,"apocalypsenow:small_can":1,"minecraft:rotten_flesh":6,"apocalypsenow:trash":1,"minecraft:cobweb":3,"apocalypsenow:canned_beet_root":1}},"DataVersion":2975}