{"stats":{"minecraft:picked_up":{"minecraft:birch_log":35,"apocalypsenow:nurse_helmet":1,"minecraft:stick":6,"zombie_extreme:pipe":1,"minecraft:bowl":1,"minecraft:stone_brick_stairs":13,"zombie_extreme:decomposing_backpack":1,"minecraft:quartz_block":1,"minecraft:rotten_flesh":2,"minecraft:birch_sapling":17,"minecraft:bricks":19,"minecraft:oak_planks":17},"minecraft:killed":{"apocalypsenow:walker_25":1,"minecraft:bee":3,"apocalypsenow:walker_12":1},"minecraft:killed_by":{"apocalypsenow:runner_53":2},"minecraft:dropped":{"minecraft:birch_sapling":3,"apocalypsenow:can":1,"apocalypsenow:nurse_helmet":1,"minecraft:stone_brick_stairs":3,"minecraft:stick":1},"minecraft:used":{"apocalypsenow:saw":4,"minecraft:shield":3,"minecraft:wooden_sword":15},"minecraft:mined":{"minecraft:glass_pane":3,"minecraft:quartz_block":1,"minecraft:birch_log":38,"zombie_extreme:decomposing_backpack":1,"minecraft:birch_leaves":359,"minecraft:bee_nest":1,"minecraft:stone_brick_stairs":17,"minecraft:oak_planks":29,"minecraft:bricks":25},"minecraft:custom":{"minecraft:time_since_rest":1497,"lootr:looted_stat":5,"minecraft:sprint_one_cm":29979,"minecraft:damage_taken":451,"minecraft:walk_one_cm":31863,"minecraft:damage_blocked_by_shield":45,"minecraft:mob_kills":5,"minecraft:drop":5,"minecraft:damage_dealt":528,"minecraft:fly_one_cm":11877,"minecraft:play_time":5860,"minecraft:deaths":2,"minecraft:jump":58,"minecraft:time_since_death":1446,"minecraft:total_world_time":5860,"minecraft:climb_one_cm":1208,"minecraft:fall_one_cm":1198}},"DataVersion":2975}