{"stats":{"minecraft:picked_up":{"minecraft:crafting_table":2,"minecraft:azure_bluet":1,"minecraft:redstone_lamp":4,"minecraft:oak_stairs":5,"minecraft:stone_brick_stairs":23,"minecraft:shield":2,"zombie_extreme:decomposing_backpack":3,"minecraft:string":1,"minecraft:raw_copper":6,"minecraft:wooden_sword":2,"minecraft:smooth_stone_slab":15,"apocalypsenow:cigarettes":2,"minecraft:cartography_table":1,"minecraft:spruce_planks":7,"minecraft:spruce_slab":21,"minecraft:sugar_cane":1,"minecraft:chest":1,"minecraft:birch_sapling":65,"minecraft:spruce_trapdoor":2,"minecraft:dark_oak_door":1,"minecraft:stick":21,"minecraft:composter":1,"minecraft:bowl":2,"minecraft:spruce_stairs":8,"quark:birch_chest":1,"minecraft:light_blue_bed":1,"minecraft:dark_oak_planks":16,"minecraft:smooth_sandstone_slab":48,"minecraft:quartz_block":3,"minecraft:arrow":1,"zombie_extreme:cupboard":1,"minecraft:light_gray_bed":1,"minecraft:rotten_flesh":23,"apocalypsenow:baseball_bat":2,"apocalypsenow:scrapmetal":1,"zombie_extreme:rotten_apple":2,"apocalypsenow:pipe":1,"minecraft:yellow_terracotta":1,"apocalypsenow:bikers_helmet":2,"apocalypsenow:black_football_armor_helmet":3,"apocalypsenow:sack_helmet":1,"minecraft:white_terracotta":76,"minecraft:iron_bars":1,"minecraft:cobblestone":66,"apocalypsenow:nurse_helmet":4,"minecraft:birch_log":119,"minecraft:leather":2,"zombie_extreme:pipe":2,"apocalypsenow:glassbottle_3":2,"apocalypsenow:spiked_baseball_bat":2,"minecraft:smoker":1,"minecraft:birch_planks":8,"minecraft:flint":2,"minecraft:tuff":2,"minecraft:gunpowder":3,"minecraft:gray_concrete":5,"minecraft:blue_bed":2,"minecraft:dirt":205,"minecraft:leather_boots":3,"minecraft:bone":1,"minecraft:apple":2,"minecraft:wheat_seeds":1,"apocalypsenow:human_flesh":13,"theoneprobe:probenote":3,"minecraft:iron_ingot":4,"apocalypsenow:bottle":3,"apocalypsenow:saw":1,"zombie_extreme:medicine_box":2,"zombie_extreme:lamp":1,"minecraft:oak_planks":68,"minecraft:dark_oak_stairs":28,"minecraft:book":1,"apocalypsenow:trash":2,"minecraft:dark_oak_slab":2,"minecraft:birch_boat":2,"patchouli:guide_book":2,"apocalypsenow:orange":1,"apocalypsenow:long_knife":2,"minecraft:sand":2,"alexsmobs:animal_dictionary":3,"minecraft:polished_andesite":97,"immersiveengineering:seed":1,"minecraft:bread":28,"pfm:furniture_book":2,"minecraft:bricks":38,"minecraft:coal":11},"minecraft:killed":{"hordes:zombie_player":4,"apocalypsenow:runner_37":1,"mutationcraft:necroptor":1,"apocalypsenow:walker_25":1,"minecraft:bee":3,"apocalypsenow:runner_42":1,"apocalypsenow:runner_46":1,"apocalypsenow:runner_45":1,"apocalypsenow:walker_10":1,"apocalypsenow:walker_33":1,"zombiemobs:zombie_cow":2,"apocalypsenow:walker_12":1},"minecraft:killed_by":{"apocalypsenow:runner_39":1,"apocalypsenow:runner_48":1,"mutationcraft:assimilated_donkey":1,"apocalypsenow:runner_34":1,"minecraft:creeper":3,"minecraft:spider":4,"zombiemobs:zombie_panda":1,"apocalypsenow:runner_42":1,"zombiemobs:zombie_fox":1,"apocalypsenow:runner_53":2,"hordes:zombie_player":1,"mutationcraft:human_stage_2":1,"apocalypsenow:walker_3":1,"mutationcraft:assimilated_wandering_trader":1,"apocalypsenow:runner_50":1,"mutationcraft:assimilated_bear":1,"mutationcraft:assimilated_human":1,"undead_revamp2:thehunter":1,"zombie_extreme:infected_military":1,"minecraft:skeleton":4,"mutationcraft:assimilated_jockey":4,"mutationcraft:necroptor":2,"zombiemobs:zombie_turtle":1,"mutationcraft:human_stage_3":1,"apocalypsenow:runner_44":2,"mutationcraft:assimilated_roamer":6,"apocalypsenow:runner_41":1,"mutationcraft:developed_roamer":1,"mutationcraft:assimilated_enderman":9,"zombiemobs:zombie_llama":1},"minecraft:crafted":{"minecraft:wooden_sword":1,"minecraft:furnace":1,"minecraft:crafting_table":2,"minecraft:iron_sword":1,"minecraft:birch_planks":4,"minecraft:air":107,"minecraft:shield":1,"minecraft:stick":8,"minecraft:iron_pickaxe":1},"minecraft:dropped":{"apocalypsenow:human_flesh":1,"minecraft:dark_oak_stairs":1,"apocalypsenow:black_football_armor_helmet":2,"minecraft:dark_oak_slab":1,"apocalypsenow:trash":4,"minecraft:coal":8,"minecraft:stick":6,"apocalypsenow:can":1,"minecraft:birch_log":2,"minecraft:bricks":19,"alexsmobs:animal_dictionary":1,"minecraft:bowl":1,"minecraft:birch_sapling":17,"apocalypsenow:nurse_helmet":2,"patchouli:guide_book":1,"zombie_extreme:decomposing_backpack":1,"minecraft:leather_boots":1,"minecraft:stone_brick_stairs":13},"minecraft:used":{"quark:birch_chest":1,"apocalypsenow:saw":4,"minecraft:spruce_slab":17,"minecraft:shield":6,"minecraft:white_terracotta":26,"apocalypsenow:trash":3,"minecraft:dirt":97,"apocalypsenow:yellow_football_armor_helmet":1,"zombie_extreme:medicine_box":1,"minecraft:furnace":1,"apocalypsenow:pick":7,"minecraft:birch_planks":60,"minecraft:polished_andesite":20,"minecraft:oak_planks":7,"minecraft:smooth_sandstone_slab":16,"minecraft:birch_boat":4,"minecraft:crafting_table":3,"apocalypsenow:pipe":25,"apocalypsenow:long_knife":3,"minecraft:iron_pickaxe":41,"minecraft:wooden_sword":32,"minecraft:cobblestone":25,"minecraft:birch_log":4,"minecraft:cobweb":1},"minecraft:custom":{"lootr:looted_stat":18,"minecraft:mob_kills":23,"minecraft:interact_with_crafting_table":11,"minecraft:open_barrel":1,"minecraft:leave_game":1,"minecraft:time_since_death":13628,"minecraft:climb_one_cm":1538,"minecraft:sprint_one_cm":254189,"minecraft:walk_one_cm":233279,"minecraft:damage_blocked_by_shield":45,"minecraft:drop":25,"minecraft:play_time":83099,"minecraft:deaths":62,"minecraft:sneak_time":6913,"minecraft:walk_under_water_one_cm":24011,"minecraft:boat_one_cm":5922,"minecraft:jump":1378,"minecraft:walk_on_water_one_cm":24467,"minecraft:total_world_time":83099,"minecraft:interact_with_furnace":2,"minecraft:time_since_rest":13652,"minecraft:damage_taken":15554,"minecraft:damage_dealt":3148,"minecraft:swim_one_cm":54387,"minecraft:fly_one_cm":203544,"minecraft:open_chest":6,"minecraft:crouch_one_cm":22075,"minecraft:fall_one_cm":42990},"minecraft:mined":{"minecraft:dark_oak_planks":25,"minecraft:yellow_terracotta":1,"minecraft:tuff":2,"minecraft:spruce_planks":11,"minecraft:spruce_trapdoor":11,"minecraft:grass_block":58,"minecraft:spruce_fence":3,"minecraft:light_gray_bed":1,"minecraft:composter":1,"minecraft:cartography_table":1,"zombie_extreme:decomposing_backpack":2,"minecraft:dark_oak_stairs":40,"minecraft:oak_stairs":6,"minecraft:iron_bars":1,"zombie_extreme:fridge":1,"minecraft:stone":64,"create:veridium":1,"minecraft:spruce_slab":21,"zombie_extreme:washing_machine":1,"minecraft:gray_concrete":5,"minecraft:glass_pane":5,"minecraft:quartz_block":2,"lootr:lootr_chest":1,"zombie_extreme:lamp":1,"minecraft:smoker":1,"zombie_extreme:cupboard":1,"minecraft:copper_ore":2,"minecraft:cobblestone":23,"zombie_extreme:medicine_box":3,"minecraft:oak_planks":85,"minecraft:bricks":41,"minecraft:smooth_sandstone_slab":92,"minecraft:spruce_stairs":20,"minecraft:white_terracotta":93,"minecraft:birch_planks":8,"minecraft:dark_oak_slab":1,"minecraft:light_blue_bed":1,"minecraft:birch_log":95,"minecraft:birch_leaves":1200,"minecraft:bee_nest":1,"minecraft:stone_brick_stairs":17,"minecraft:smooth_stone_slab":34,"minecraft:grass":3,"quark:birch_chest":1,"minecraft:coal_ore":7,"minecraft:dirt":93,"minecraft:polished_andesite":109,"minecraft:oak_leaves":50,"minecraft:redstone_lamp":7}},"DataVersion":2975}