{"stats":{"minecraft:mined":{"create:deepslate_zinc_ore":34,"biomesoplenty:glowshroom":1,"minecraft:oak_sapling":1,"immersivepetroleum:asphalt_slab":1,"create:andesite_casing":5,"minecraft:potted_cactus":1,"minecraft:granite":125,"minecraft:grass_block":5,"minecraft:stone_brick_wall":2,"minecraft:light_gray_bed":1,"embellishcraft:grid_air_duct":1,"quark:yellow_corundum":6,"minecraft:coal_block":6,"create:belt":1,"cfm:gray_picket_fence":5,"minecraft:spawner":6,"embellishcraft:smooth_basalt":2,"comforts:sleeping_bag_white":3,"immersiveengineering:deepslate_ore_uranium":6,"minecraft:smooth_stone":5,"create:vertical_framed_glass":4,"minecraft:iron_ore":123,"immersiveengineering:deepslate_ore_silver":4,"minecraft:deepslate_lapis_ore":2,"minecraft:brown_bed":2,"minecraft:iron_bars":2,"immersiveengineering:ore_lead":28,"minecraft:iron_block":20,"create:mechanical_press":4,"create:dark_oak_window_pane":1,"minecraft:tripwire":2,"minecraft:deepslate_redstone_ore":9,"minecraft:gray_terracotta":5,"create:cogwheel":4,"minecraft:quartz_block":3,"minecraft:cyan_terracotta":20,"biomesoplenty:glowworm_silk":1,"embellishcraft:smooth_slate":1,"minecraft:torch":11,"apocalypsenow:money_block":35,"minecraft:chest":2,"embellishcraft:polished_marble":3,"quark:gray_framed_glass":2,"minecraft:cobblestone":9,"create:birch_window_pane":1,"minecraft:damaged_anvil":1,"minecraft:iron_door":3,"minecraft:wall_torch":28,"minecraft:deepslate_copper_ore":4,"embellishcraft:steel_rungs":1,"minecraft:acacia_sapling":1,"create:glass_fluid_pipe":1,"thirst:sand_filter":2,"minecraft:light_gray_stained_glass":2,"quark:gunpowder_sack":8,"biomesoplenty:mud":1,"minecraft:grass":1,"create:vertical_framed_glass_pane":4,"create:framed_glass_trapdoor":1,"create:stressometer":1,"create:hand_crank":10,"minecraft:dirt":1,"minecraft:sand":5,"minecraft:smooth_quartz":1,"quark:yellow_corundum_cluster":5,"simplylight:illuminant_block":2,"immersiveengineering:conveyor_basic":2,"minecraft:piston":4,"minecraft:deepslate":25,"minecraft:emerald_block":4,"minecraft:oak_leaves":3,"create:zinc_ore":109,"car:line_side_long_left_yellow":1,"minecraft:tuff":13,"biomesoplenty:desert_grass":6,"minecraft:gray_stained_glass_pane":9,"embellishcraft:gray_corrugated_metal_plate_slab":1,"create:ochrum":31,"create:depot":3,"create:mechanical_arm":1,"refinedstorage:cable":1,"biomesoplenty:dead_grass":5,"apocalypsenow:concrete_bricks":1,"immersiveengineering:ore_silver":4,"biomesoplenty:dune_grass":6,"minecraft:black_stained_glass_pane":2,"createdeco:light_blue_decal":1,"minecraft:redstone_ore":1,"minecraft:heavy_weighted_pressure_plate":1,"create:framed_glass_pane":2,"immersiveengineering:hemp":53,"minecraft:andesite":79,"minecraft:gold_block":8,"minecraft:potatoes":1,"minecraft:deepslate_iron_ore":16,"minecraft:lantern":2,"create:deployer":5,"immersiveengineering:rs_engineering":2,"minecraft:stone":914,"quark:smooth_stone_vertical_slab":2,"biomesoplenty:orange_sand":1,"minecraft:crafting_table":1,"create:fluid_pipe":19,"create:mechanical_pump":10,"minecraft:gray_stained_glass":31,"immersiveengineering:heavy_engineering":4,"minecraft:copper_ore":143,"biomesoplenty:sprout":2,"minecraft:lapis_ore":17,"minecraft:deepslate_gold_ore":7,"minecraft:diorite":37,"immersiveengineering:concrete":1,"minecraft:gray_bed":1,"immersiveengineering:steel_scaffolding_standard":12,"embellishcraft:smooth_marble":44,"minecraft:coal_ore":81,"quark:oak_hedge":2,"create:mechanical_crafter":18,"minecraft:gravel":1,"minecraft:acacia_planks":1,"minecraft:stone_bricks":1,"minecraft:gold_ore":12},"minecraft:killed":{"undead_revamp2:thesmoker":43,"minecraft:chicken":1,"undead_revamp2:thepregnant":2,"undead_revamp2:crackleball":6,"minecraft:wolf":5,"zombie_extreme:infected_hazmat":1,"zombiemobs:zombie_fox":1,"undead_revamp2:theordure":2,"minecraft:goat":1,"minecraft:zombie":483,"zombie_extreme:infected_police":4,"alexsmobs:fly":1,"minecraft:blaze":6,"alexsmobs:jerboa":1,"zombiemobs:zombie_horsee":1,"undead_revamp2:bomber":2,"alexsmobs:rattlesnake":1,"zombie_extreme:revived":1,"minecraft:drowned":7,"mutationcraft:the_intoxicator":1,"zombie_extreme:runner":18,"zombiemobs:zombie_cow":1,"zombiemobs:zombie_squid":1,"zombie_extreme:crawler":5,"minecraft:husk":124,"zombie_extreme:boomer":1,"undead_revamp2:the_moonflower":22,"minecraft:wandering_trader":1,"alexsmobs:emu":1,"mutationcraft:assimilated_human":1,"zombiemobs:zombie_goat":1,"minecraft:villager":1},"minecraft:broken":{"minecraft:leather_helmet":1,"minecraft:stone_hoe":1,"minecraft:iron_axe":1,"minecraft:iron_pickaxe":4},"minecraft:killed_by":{"undead_revamp2:bomber":1,"minecraft:blaze":2,"minecraft:zombie":3,"undead_revamp2:thesmoker":1,"minecraft:player":5,"minecraft:wolf":2},"minecraft:crafted":{"minecraft:oak_planks":56,"immersiveengineering:hammer":1,"minecraft:barrel":1,"immersiveengineering:sheetmetal_iron":4,"minecraft:glass":4,"tac:ae50":64,"minecraft:chest":7,"minecraft:copper_block":3,"immersiveengineering:ingot_steel":12,"create:cogwheel":2,"create:nozzle":1,"create:depot":1,"sophisticatedbackpacks:backpack":1,"minecraft:crafting_table":3,"minecraft:acacia_slab":6,"create:fluid_pipe":8,"minecraft:copper_ingot":302,"minecraft:diamond_pickaxe":1,"minecraft:stick":16,"create:mechanical_pump":1,"minecraft:iron_ingot":129,"immersiveengineering:heavy_engineering":4,"create:wrench":1,"minecraft:iron_nugget":63,"minecraft:piston":1,"firstaid:plaster":1,"immersiveengineering:sheetmetal_steel":4,"minecraft:leather":140,"minecraft:iron_axe":1,"tac:round45":228,"tac:nato_556_bullet":156,"create:hand_crank":1,"sophisticatedbackpacks:gold_backpack":1,"minecraft:bucket":1,"minecraft:air":1282,"minecraft:potion":45,"minecraft:white_wool":30,"minecraft:gunpowder":36,"immersiveengineering:conveyor_basic":8,"create:shaft":8,"minecraft:acacia_planks":72,"apocalypsenow:money":43},"minecraft:dropped":{"minecraft:oak_log":2,"minecraft:glass_bottle":3,"minecraft:crafting_table":1,"immersiveengineering:blueprint":1,"minecraft:leather":8,"apocalypsenow:police_leggings":1,"apocalypsenow:medicalkit":10,"another_furniture:lime_lamp":2,"minecraft:emerald":2,"sophisticatedbackpacks:gold_backpack":4,"minecraft:dirt":5,"quark:light_gray_shard":12,"rocks:cobblestone_splitter":1,"minecraft:polished_blackstone_pressure_plate":1,"minecraft:stone_button":2,"apocalypsenow:construction_boots":1,"apocalypsenow:night_stick":1,"apocalypsenow:construction_leggings":1,"apocalypsenow:construction_helmet":4,"apocalypsenow:u_sarmy_helmet":2,"apocalypsenow:can":1,"ftbquests:book":1,"embellishcraft:polished_marble":1,"minecraft:sugar_cane":2,"apocalypsenow:small_can":1,"camera:image":6,"minecraft:rotten_flesh":28,"minecraft:oak_planks":8,"apocalypsenow:red_football_armor_boots":1,"minecraft:carrot":4,"minecraft:leather_chestplate":1,"apocalypsenow:fire_figther_leggings":1,"minecraft:heavy_weighted_pressure_plate":2,"minecraft:stone_brick_wall":1,"camera:camera":1,"apocalypsenow:red_football_armor_chestplate":1,"comforts:sleeping_bag_white":7,"securitycraft:camera_monitor":1,"tac:deagle_357":3,"camera:album":1,"apocalypsenow:human_flesh":5,"quark:oak_hedge":2,"minecraft:iron_ingot":1,"apocalypsenow:police_boots":2,"minecraft:wheat_seeds":1,"minecraft:cobblestone":6,"minecraft:granite":4,"quark:gray_shard":59,"minecraft:copper_ingot":10,"apocalypsenow:tatical_mace":1,"tac:hk_mp5a5":1,"minecraft:iron_block":2,"apocalypsenow:black_bikers_helmet":1,"apocalypsenow:fire_figther_chestplate":3,"farmersdelight:melon_popsicle":1,"minecraft:iron_door":2,"minecraft:potion":20,"tac:sti2011":1,"minecraft:smooth_stone":2,"minecraft:iron_shovel":2,"minecraft:paper":73,"minecraft:string":193,"cfm:gray_picket_fence":3,"apocalypsenow:u_sarmy_chestplate":2,"apocalypsenow:canned_fish":5,"quark:gray_framed_glass":2,"apocalypsenow:fire_figther_helmet":1,"apocalypsenow:golf_stick":1,"tac:mp7":3,"minecraft:bowl":3,"embellishcraft:smooth_marble":1,"minecraft:chicken":1,"apocalypsenow:police_chestplate":1,"farmersdelight:chicken_sandwich":3,"minecraft:potato":1,"immersiveengineering:concrete_quarter":1,"minecraft:oak_sapling":6,"minecraft:stone_bricks":1,"minecraft:wooden_pickaxe":1,"nameless_trinkets:experience_battery":1},"minecraft:custom":{"lootr:looted_stat":130,"minecraft:interact_with_crafting_table":58,"minecraft:open_barrel":8,"minecraft:leave_game":8,"minecraft:time_since_death":94331,"minecraft:sprint_one_cm":1620446,"minecraft:drop":169,"minecraft:talked_to_villager":53,"minecraft:play_time":633696,"minecraft:deaths":29,"minecraft:jump":3503,"minecraft:interact_with_brewingstand":1,"minecraft:walk_on_water_one_cm":25936,"minecraft:interact_with_furnace":45,"minecraft:traded_with_villager":95,"minecraft:stove_opened":3,"minecraft:sleep_in_bed":23,"minecraft:damage_dealt":55089,"minecraft:crouch_one_cm":57944,"minecraft:interact_with_smoker":4,"minecraft:mob_kills":856,"minecraft:interact_with_campfire":18,"minecraft:damage_dealt_resisted":2704,"minecraft:climb_one_cm":126966,"minecraft:walk_one_cm":2053607,"minecraft:chair_used":2,"minecraft:damage_dealt_absorbed":285,"minecraft:sneak_time":21800,"minecraft:walk_under_water_one_cm":31418,"minecraft:drawer_searched":27,"minecraft:interact_with_blast_furnace":22,"minecraft:total_world_time":633696,"minecraft:time_since_rest":14427,"minecraft:cabinet_searched":3,"minecraft:damage_taken":11669,"minecraft:swim_one_cm":24683,"minecraft:freezer_opened":6,"minecraft:fly_one_cm":868150,"minecraft:open_chest":672,"minecraft:fall_one_cm":81979},"minecraft:picked_up":{"tac:mk23":1,"minecraft:flower_pot":1,"create:mechanical_crafter":18,"artifacts:umbrella":1,"minecraft:brown_bed":2,"minecraft:potion":30,"apocalypsenow:can_opener":1,"embellishcraft:steel_rungs":1,"camera:camera":1,"minecraft:string":785,"minecraft:raw_copper":540,"immersiveengineering:raw_lead":29,"minecraft:cobbled_deepslate":22,"create:mechanical_press":3,"minecraft:smooth_stone":5,"comforts:sleeping_bag_white":20,"apocalypsenow:red_football_armor_chestplate":2,"minecraft:smooth_quartz":2,"immersivepetroleum:asphalt_slab":1,"minecraft:coal_block":6,"minecraft:stick":6,"embellishcraft:smooth_marble":45,"minecraft:torch":48,"minecraft:acacia_log":216,"create:andesite_casing":5,"apocalypsenow:open_canned_carrot":1,"quark:yellow_corundum_cluster":20,"minecraft:diorite":37,"camera:album":1,"embellishcraft:gray_corrugated_metal_plate_slab":1,"apocalypsenow:fire_figther_leggings":2,"farmersdelight:melon_popsicle":1,"another_furniture:lime_lamp":2,"minecraft:quartz_block":1,"minecraft:cactus":1,"minecraft:light_gray_bed":1,"minecraft:rotten_flesh":669,"create:ochrum":31,"minecraft:iron_block":23,"minecraft:cyan_terracotta":19,"apocalypsenow:police_chestplate":1,"apocalypsenow:police_boots":1,"apocalypsenow:bikers_helmet":1,"create:mechanical_arm":1,"apocalypsenow:gasmask_helmet":1,"minecraft:blaze_rod":1,"minecraft:iron_bars":3,"apocalypsenow:money_block":36,"minecraft:cobblestone":928,"tac:round45":57,"immersiveengineering:concrete_quarter":1,"minecraft:iron_door":7,"minecraft:andesite":78,"biomesoplenty:glowshroom":1,"minecraft:potato":10,"create:belt_connector":1,"minecraft:tuff":13,"create:raw_zinc":145,"contenttweaker:rubber":5,"immersivepetroleum:asphalt":1,"apocalypsenow:construction_chestplate":2,"farmersdelight:chicken_sandwich":3,"minecraft:lapis_lazuli":114,"minecraft:dirt":11,"minecraft:lantern":2,"immersiveengineering:hemp_fiber":243,"minecraft:bone":604,"minecraft:acacia_planks":2,"minecraft:gray_terracotta":5,"minecraft:wheat_seeds":1,"apocalypsenow:human_flesh":22,"minecraft:raw_gold":17,"ftbquests:book":1,"create:shaft":1,"tac:9mm_round":120,"camera:image":6,"apocalypsenow:red_football_armor_helmet":1,"firstaid:plaster":10,"apocalypsenow:u_sarmy_chestplate":5,"quark:smooth_stone_vertical_slab":4,"immersiveengineering:raw_uranium":7,"create:cogwheel":4,"apocalypsenow:small_can":1,"apocalypsenow:tatical_mace":1,"contenttweaker:high_carbon_steel_alloy":6,"apocalypsenow:canned_fish":10,"minecraft:sand":5,"apocalypsenow:black_motorcycle_helmet_helmet":1,"apocalypsenow:golf_stick":1,"minecraft:polished_blackstone_pressure_plate":3,"minecraft:granite":125,"apocalypsenow:black_bikers_helmet":2,"minecraft:nether_star":1,"alexsmobs:maggot":3,"cold_sweat:fur":1,"minecraft:oak_sapling":6,"apocalypsenow:construction_helmet":7,"immersiveengineering:conveyor_basic":2,"create:stressometer":1,"rocks:cobblestone_splitter":1,"minecraft:diamond_pickaxe":1,"sophisticatedbackpacks:gold_backpack":3,"tac:eotech_short":1,"minecraft:crafting_table":1,"apocalypsenow:fire_figther_boots":2,"minecraft:chicken":1,"thirst:sand_filter":2,"tac:sti2011":1,"embellishcraft:blue_pillow":1,"immersiveengineering:heavy_engineering":4,"minecraft:stone_brick_wall":3,"minecraft:gold_block":9,"apocalypsenow:u_sarmy_helmet":5,"quark:gunpowder_sack":19,"minecraft:heavy_weighted_pressure_plate":2,"create:fluid_pipe":22,"minecraft:iron_shovel":2,"refinedstorage:crafting_grid":1,"apocalypsenow:medicalkit":8,"embellishcraft:smooth_basalt":2,"apocalypsenow:construction_boots":9,"apocalypsenow:can":1,"embellishcraft:sturdy_steel_door":2,"minecraft:tinted_glass":2,"minecraft:sugar_cane":1,"minecraft:chest":2,"minecraft:piston":4,"minecraft:raw_iron":142,"minecraft:copper_ingot":8,"minecraft:bowl":1,"minecraft:stone_button":2,"create:hand_crank":13,"minecraft:carrot":6,"tac:hk_mp5a5":1,"minecraft:redstone":32,"immersiveengineering:concrete":2,"tac:b_magnum":26,"create:deployer":5,"quark:yellow_corundum":6,"immersiveengineering:steel_scaffolding_standard":8,"biomesoplenty:orange_sandstone":4,"apocalypsenow:red_football_armor_boots":1,"create:depot":2,"immersiveengineering:rs_engineering":2,"biomesoplenty:orange_sand":1,"apocalypsenow:fire_figther_chestplate":5,"minecraft:white_wool":1,"cfm:gray_picket_fence":3,"apocalypsenow:green_bikers_helmet":2,"minecraft:oak_log":86,"embellishcraft:polished_marble":3,"embellishcraft:grid_air_duct":1,"artifacts:cloud_in_a_bottle":1,"minecraft:gunpowder":8,"apocalypsenow:construction_leggings":8,"minecraft:stone_bricks":6,"tac:deagle_357":2,"biomesoplenty:glowworm_silk":1,"apocalypsenow:money":11,"tac:nato_556_bullet":71,"minecraft:iron_ingot":13,"apocalypsenow:red_bikers_helmet":1,"refinedstorage:cable":1,"apocalypsenow:fire_figther_helmet":3,"minecraft:gray_bed":1,"minecraft:acacia_sapling":7,"tac:ae50":27,"sophisticatedbackpacks:diamond_backpack":1,"quark:light_gray_shard":14,"minecraft:emerald_block":4,"nameless_trinkets:experience_battery":2,"contenttweaker:resistant_fabric":6,"minecraft:stone_brick_slab":1,"minecraft:gravel":1,"apocalypsenow:police_leggings":1,"minecraft:white_bed":2,"tac:mp7":3,"immersiveengineering:seed":96,"quark:oak_hedge":2,"create:mechanical_pump":11,"quark:framed_glass_pane":2,"biomesoplenty:mud_ball":4,"tac:762x39":58,"quark:gray_shard":113,"minecraft:damaged_anvil":1,"minecraft:coal":80,"immersiveengineering:raw_silver":8,"quark:gray_framed_glass":2},"minecraft:used":{"embellishcraft:sturdy_steel_door":1,"create:deployer":3,"immersiveengineering:seed":68,"minecraft:chest":14,"lootr:trophy":1,"farmersdelight:melon_juice":7,"farmersdelight:roasted_mutton_chops":4,"create:cogwheel":9,"create:depot":3,"immersiveengineering:rs_engineering":3,"embellishcraft:smooth_marble":15,"simplylight:illuminant_panel":1,"minecraft:cyan_terracotta":9,"minecraft:lantern":2,"farmersdelight:melon_popsicle":1,"apocalypsenow:money_block":11,"minecraft:stone_bricks":5,"carryon:tile_item":2,"farmersdelight:hamburger":6,"quark:framed_glass_pane":1,"minecraft:oak_planks":8,"minecraft:wooden_pickaxe":46,"minecraft:cookie":6,"minecraft:white_wool":1,"farmersdelight:chicken_sandwich":9,"apocalypsenow:coke":3,"farmersdelight:honey_cookie":4,"apocalypsenow:tatical_mace":1091,"easy_villagers:villager":1,"immersiveengineering:hammer":1,"minecraft:string":2,"minecraft:iron_door":3,"farmersdelight:chocolate_pie":3,"apocalypsenow:dagger":2,"chalk:red_chalk":13,"embellishcraft:polished_marble":2,"minecraft:bone_meal":103,"immersiveengineering:conveyor_basic":4,"minecraft:acacia_log":5,"farmersdelight:vegetable_noodles":4,"minecraft:stone_hoe":1,"minecraft:torch":93,"create:mechanical_pump":12,"minecraft:dirt":5,"minecraft:granite":1,"create:wrench":8,"minecraft:iron_axe":74,"carryon:entity_item":1,"thirst:sand_filter":3,"apocalypsenow:porpsi":1,"create:fluid_pipe":28,"comforts:sleeping_bag_white":15,"apocalypsenow:night_stick":285,"minecraft:light_gray_bed":1,"minecraft:brown_bed":2,"minecraft:water_bucket":10,"tac:workbench":1,"minecraft:glass_bottle":57,"minecraft:crafting_table":2,"minecraft:white_bed":2,"car:canister":14,"apocalypsenow:machete":77,"minecraft:gray_terracotta":3,"minecraft:piston":5,"minecraft:diamond_pickaxe":1066,"refinedstorage:cable":1,"immersiveengineering:heavy_engineering":5,"create:mechanical_press":3,"farmersdelight:pasta_with_meatballs":2,"minecraft:iron_pickaxe":1002,"cgm:grenade":9,"minecraft:potion":86,"minecraft:cobblestone":176,"farmersdelight:egg_sandwich":8,"minecraft:bucket":10,"create:hand_crank":11,"immersiveengineering:steel_scaffolding_standard":4,"alexsmobs:animal_dictionary":1,"quark:smooth_stone_vertical_slab":2,"apocalypsenow:human_flesh":5,"minecraft:smooth_stone":2}},"DataVersion":2975}