{"stats":{"minecraft:picked_up":{"apocalypsenow:nurse_helmet":4,"minecraft:birch_log":81,"minecraft:crafting_table":1,"zombie_extreme:pipe":2,"apocalypsenow:glassbottle_3":2,"apocalypsenow:spiked_baseball_bat":2,"minecraft:birch_planks":8,"minecraft:flint":2,"minecraft:stone_brick_stairs":23,"minecraft:shield":2,"minecraft:gunpowder":2,"zombie_extreme:decomposing_backpack":2,"minecraft:dirt":3,"minecraft:blue_bed":2,"minecraft:wooden_sword":2,"minecraft:leather_boots":3,"apocalypsenow:cigarettes":2,"minecraft:apple":1,"apocalypsenow:human_flesh":5,"minecraft:iron_ingot":4,"theoneprobe:probenote":3,"apocalypsenow:bottle":3,"apocalypsenow:saw":1,"minecraft:sugar_cane":1,"minecraft:birch_sapling":38,"minecraft:oak_planks":34,"minecraft:stick":14,"patchouli:guide_book":2,"apocalypsenow:orange":1,"minecraft:bowl":2,"apocalypsenow:long_knife":2,"alexsmobs:animal_dictionary":3,"minecraft:quartz_block":2,"minecraft:rotten_flesh":17,"apocalypsenow:baseball_bat":2,"immersiveengineering:seed":1,"apocalypsenow:scrapmetal":1,"apocalypsenow:pipe":1,"apocalypsenow:bikers_helmet":2,"apocalypsenow:black_football_armor_helmet":2,"minecraft:bread":28,"pfm:furniture_book":2,"minecraft:bricks":38},"minecraft:killed":{"hordes:zombie_player":4,"apocalypsenow:walker_25":1,"minecraft:bee":3,"apocalypsenow:walker_12":1,"apocalypsenow:runner_42":1,"apocalypsenow:runner_45":1,"apocalypsenow:walker_10":1,"apocalypsenow:walker_33":1},"minecraft:killed_by":{"apocalypsenow:runner_39":1,"mutationcraft:assimilated_jockey":2,"minecraft:skeleton":2,"mutationcraft:necroptor":1,"minecraft:spider":4,"apocalypsenow:runner_42":1,"apocalypsenow:runner_53":2,"hordes:zombie_player":1},"minecraft:crafted":{"minecraft:air":20},"minecraft:dropped":{"minecraft:bricks":19,"alexsmobs:animal_dictionary":1,"minecraft:bowl":1,"minecraft:birch_sapling":17,"apocalypsenow:nurse_helmet":2,"patchouli:guide_book":1,"minecraft:stick":6,"zombie_extreme:decomposing_backpack":1,"minecraft:leather_boots":1,"apocalypsenow:can":1,"minecraft:stone_brick_stairs":13},"minecraft:mined":{"minecraft:glass_pane":3,"minecraft:quartz_block":1,"minecraft:grass_block":3,"minecraft:oak_planks":29,"minecraft:bricks":25,"minecraft:birch_planks":8,"minecraft:birch_log":51,"zombie_extreme:decomposing_backpack":1,"minecraft:birch_leaves":488,"minecraft:bee_nest":1,"minecraft:stone_brick_stairs":17,"minecraft:grass":2,"minecraft:dirt":2,"minecraft:oak_leaves":19},"minecraft:used":{"apocalypsenow:saw":4,"minecraft:birch_planks":22,"minecraft:shield":6,"apocalypsenow:pipe":15,"minecraft:wooden_sword":32,"minecraft:birch_log":1},"minecraft:custom":{"lootr:looted_stat":5,"minecraft:mob_kills":13,"minecraft:time_since_death":905,"minecraft:climb_one_cm":1208,"minecraft:time_since_rest":974,"minecraft:sprint_one_cm":78946,"minecraft:damage_taken":2306,"minecraft:walk_one_cm":66740,"minecraft:damage_blocked_by_shield":45,"minecraft:drop":15,"minecraft:damage_dealt":1765,"minecraft:swim_one_cm":4887,"minecraft:fly_one_cm":44009,"minecraft:crouch_one_cm":1698,"minecraft:play_time":17860,"minecraft:deaths":14,"minecraft:sneak_time":1434,"minecraft:walk_under_water_one_cm":2712,"minecraft:jump":233,"minecraft:walk_on_water_one_cm":2945,"minecraft:total_world_time":17860,"minecraft:fall_one_cm":6347}},"DataVersion":2975}