{"stats":{"minecraft:crafted":{"minecraft:oak_planks":32,"minecraft:air":1,"minecraft:iron_ingot":9,"minecraft:chest":2},"minecraft:dropped":{"minecraft:oak_planks":8,"quark:gray_shard":24,"farmersdelight:melon_popsicle":1,"minecraft:heavy_weighted_pressure_plate":2,"minecraft:oak_sapling":6,"securitycraft:camera_monitor":1,"ftbquests:book":1},"minecraft:killed":{"minecraft:husk":2,"undead_revamp2:thesmoker":2,"undead_revamp2:theordure":1,"minecraft:zombie":69,"minecraft:chicken":1,"alexsmobs:fly":1,"undead_revamp2:crackleball":6,"alexsmobs:jerboa":1},"minecraft:custom":{"lootr:looted_stat":16,"minecraft:mob_kills":97,"minecraft:interact_with_crafting_table":4,"minecraft:damage_dealt_resisted":283,"minecraft:leave_game":1,"minecraft:time_since_death":3313,"minecraft:climb_one_cm":40572,"minecraft:time_since_rest":3338,"minecraft:sprint_one_cm":103566,"minecraft:damage_taken":2689,"minecraft:walk_one_cm":163047,"minecraft:drop":8,"minecraft:damage_dealt":8824,"minecraft:swim_one_cm":554,"minecraft:freezer_opened":1,"minecraft:fly_one_cm":74565,"minecraft:open_chest":5,"minecraft:crouch_one_cm":2847,"minecraft:play_time":45553,"minecraft:deaths":14,"minecraft:sneak_time":1555,"minecraft:walk_under_water_one_cm":142,"minecraft:jump":447,"minecraft:walk_on_water_one_cm":2291,"minecraft:total_world_time":45553,"minecraft:fall_one_cm":12044},"minecraft:killed_by":{"minecraft:player":5,"minecraft:zombie":2,"undead_revamp2:thesmoker":1},"minecraft:picked_up":{"tac:round45":4,"apocalypsenow:fire_figther_boots":1,"minecraft:chicken":1,"minecraft:potato":1,"embellishcraft:polished_marble":3,"minecraft:oak_log":86,"minecraft:gunpowder":1,"minecraft:heavy_weighted_pressure_plate":2,"minecraft:string":98,"minecraft:bone":78,"apocalypsenow:construction_leggings":1,"apocalypsenow:human_flesh":5,"minecraft:smooth_stone":2,"apocalypsenow:construction_boots":2,"ftbquests:book":1,"apocalypsenow:money":2,"tac:9mm_round":9,"minecraft:stick":4,"apocalypsenow:u_sarmy_chestplate":1,"embellishcraft:smooth_marble":14,"minecraft:torch":3,"immersiveengineering:concrete":1,"farmersdelight:melon_popsicle":1,"minecraft:light_gray_bed":1,"minecraft:rotten_flesh":64,"minecraft:cyan_terracotta":11,"alexsmobs:maggot":2,"quark:gray_shard":44,"minecraft:oak_sapling":6,"apocalypsenow:construction_helmet":2,"minecraft:iron_bars":1,"apocalypsenow:fire_figther_chestplate":3,"biomesoplenty:orange_sand":1,"minecraft:cobblestone":4},"minecraft:mined":{"minecraft:oak_sapling":1,"minecraft:quartz_block":2,"minecraft:cyan_terracotta":12,"biomesoplenty:orange_sand":1,"minecraft:gray_stained_glass_pane":2,"minecraft:torch":1,"minecraft:gray_stained_glass":16,"minecraft:light_gray_bed":1,"embellishcraft:polished_marble":3,"minecraft:cobblestone":2,"minecraft:wall_torch":2,"minecraft:spawner":2,"immersiveengineering:concrete":1,"minecraft:smooth_stone":2,"minecraft:heavy_weighted_pressure_plate":1,"create:framed_glass_pane":2,"minecraft:grass":1,"embellishcraft:smooth_marble":15,"minecraft:stone":3},"minecraft:used":{"minecraft:oak_planks":8,"minecraft:chest":2,"minecraft:wooden_pickaxe":43,"minecraft:torch":7,"embellishcraft:smooth_marble":6,"apocalypsenow:tatical_mace":231,"minecraft:cyan_terracotta":9,"minecraft:iron_axe":5,"farmersdelight:melon_popsicle":1,"apocalypsenow:dagger":2,"chalk:red_chalk":13,"apocalypsenow:night_stick":53,"minecraft:smooth_stone":2,"embellishcraft:polished_marble":2}},"DataVersion":2975}