{"stats":{"minecraft:broken":{"minecraft:leather_helmet":1,"minecraft:iron_pickaxe":1},"minecraft:mined":{"create:zinc_ore":43,"create:deepslate_zinc_ore":34,"minecraft:tuff":1,"biomesoplenty:glowshroom":1,"minecraft:oak_sapling":1,"minecraft:gray_stained_glass_pane":2,"minecraft:granite":1,"minecraft:light_gray_bed":1,"quark:yellow_corundum":6,"immersiveengineering:ore_silver":4,"minecraft:spawner":2,"minecraft:smooth_stone":2,"minecraft:redstone_ore":1,"create:vertical_framed_glass":2,"minecraft:heavy_weighted_pressure_plate":1,"create:framed_glass_pane":2,"minecraft:iron_ore":40,"immersiveengineering:deepslate_ore_silver":4,"minecraft:deepslate_lapis_ore":2,"minecraft:gold_block":4,"minecraft:brown_bed":2,"minecraft:deepslate_iron_ore":11,"minecraft:iron_bars":2,"minecraft:stone":179,"minecraft:iron_block":2,"create:dark_oak_window_pane":1,"minecraft:deepslate_redstone_ore":4,"minecraft:quartz_block":2,"minecraft:cyan_terracotta":12,"biomesoplenty:glowworm_silk":1,"biomesoplenty:orange_sand":1,"embellishcraft:smooth_slate":1,"minecraft:torch":3,"minecraft:gray_stained_glass":16,"minecraft:chest":2,"embellishcraft:polished_marble":3,"minecraft:copper_ore":4,"minecraft:cobblestone":3,"minecraft:deepslate_gold_ore":6,"minecraft:lapis_ore":3,"minecraft:iron_door":1,"minecraft:wall_torch":9,"minecraft:deepslate_copper_ore":4,"immersiveengineering:concrete":1,"biomesoplenty:mud":1,"minecraft:grass":1,"embellishcraft:smooth_marble":21,"minecraft:coal_ore":27,"quark:yellow_corundum_cluster":5,"minecraft:gold_ore":1,"minecraft:deepslate":9,"minecraft:oak_leaves":2,"minecraft:emerald_block":1},"minecraft:killed":{"undead_revamp2:thesmoker":11,"alexsmobs:rattlesnake":1,"minecraft:chicken":1,"zombie_extreme:runner":5,"undead_revamp2:crackleball":6,"zombiemobs:zombie_cow":1,"minecraft:husk":19,"zombie_extreme:boomer":1,"zombie_extreme:infected_hazmat":1,"undead_revamp2:the_moonflower":9,"zombiemobs:zombie_fox":1,"undead_revamp2:theordure":2,"minecraft:zombie":181,"alexsmobs:fly":1,"minecraft:villager":1,"alexsmobs:jerboa":1,"minecraft:blaze":6},"minecraft:picked_up":{"sophisticatedbackpacks:gold_backpack":2,"apocalypsenow:fire_figther_boots":1,"minecraft:chicken":1,"tac:sti2011":1,"minecraft:brown_bed":2,"minecraft:stone_brick_wall":1,"minecraft:potion":9,"minecraft:gold_block":4,"apocalypsenow:u_sarmy_helmet":2,"apocalypsenow:can_opener":1,"minecraft:heavy_weighted_pressure_plate":2,"minecraft:string":225,"minecraft:raw_copper":28,"apocalypsenow:medicalkit":8,"minecraft:cobbled_deepslate":8,"minecraft:smooth_stone":2,"apocalypsenow:construction_boots":2,"apocalypsenow:red_football_armor_chestplate":1,"apocalypsenow:can":1,"minecraft:chest":2,"minecraft:stick":4,"minecraft:raw_iron":51,"embellishcraft:smooth_marble":20,"minecraft:torch":17,"quark:yellow_corundum_cluster":20,"apocalypsenow:open_canned_carrot":1,"minecraft:carrot":3,"minecraft:redstone":9,"tac:hk_mp5a5":1,"immersiveengineering:concrete":1,"apocalypsenow:fire_figther_leggings":1,"quark:yellow_corundum":6,"farmersdelight:melon_popsicle":1,"another_furniture:lime_lamp":2,"minecraft:light_gray_bed":1,"minecraft:rotten_flesh":181,"minecraft:iron_block":2,"apocalypsenow:police_boots":1,"minecraft:cyan_terracotta":11,"apocalypsenow:police_chestplate":1,"minecraft:blaze_rod":1,"minecraft:iron_bars":3,"apocalypsenow:fire_figther_chestplate":4,"biomesoplenty:orange_sand":1,"minecraft:cobblestone":184,"tac:round45":6,"minecraft:iron_door":2,"biomesoplenty:glowshroom":1,"minecraft:potato":1,"minecraft:tuff":1,"create:raw_zinc":76,"minecraft:oak_log":86,"embellishcraft:polished_marble":3,"minecraft:gunpowder":4,"minecraft:lapis_lazuli":19,"farmersdelight:chicken_sandwich":3,"minecraft:bone":190,"apocalypsenow:construction_leggings":3,"apocalypsenow:human_flesh":13,"minecraft:raw_gold":6,"biomesoplenty:glowworm_silk":1,"ftbquests:book":1,"tac:deagle_357":1,"apocalypsenow:money":3,"tac:nato_556_bullet":2,"minecraft:iron_ingot":3,"tac:9mm_round":19,"camera:image":2,"firstaid:plaster":3,"apocalypsenow:u_sarmy_chestplate":3,"minecraft:emerald_block":1,"apocalypsenow:tatical_mace":1,"apocalypsenow:police_leggings":1,"apocalypsenow:canned_fish":10,"minecraft:white_bed":2,"minecraft:granite":1,"apocalypsenow:black_bikers_helmet":1,"biomesoplenty:mud_ball":4,"minecraft:coal":26,"alexsmobs:maggot":2,"quark:gray_shard":44,"minecraft:oak_sapling":6,"apocalypsenow:construction_helmet":3,"immersiveengineering:raw_silver":8},"minecraft:custom":{"lootr:looted_stat":56,"minecraft:mob_kills":295,"minecraft:interact_with_crafting_table":18,"minecraft:open_barrel":3,"minecraft:damage_dealt_resisted":703,"minecraft:leave_game":4,"minecraft:time_since_death":26327,"minecraft:climb_one_cm":72420,"minecraft:sprint_one_cm":433438,"minecraft:walk_one_cm":588791,"minecraft:drop":76,"minecraft:chair_used":2,"minecraft:damage_dealt_absorbed":80,"minecraft:play_time":177366,"minecraft:deaths":22,"minecraft:sneak_time":8190,"minecraft:walk_under_water_one_cm":581,"minecraft:jump":1316,"minecraft:interact_with_brewingstand":1,"minecraft:drawer_searched":14,"minecraft:walk_on_water_one_cm":4406,"minecraft:total_world_time":177366,"minecraft:interact_with_furnace":6,"minecraft:stove_opened":1,"minecraft:sleep_in_bed":3,"minecraft:cabinet_searched":3,"minecraft:time_since_rest":26354,"minecraft:damage_taken":6032,"minecraft:damage_dealt":19554,"minecraft:swim_one_cm":971,"minecraft:fly_one_cm":216160,"minecraft:freezer_opened":5,"minecraft:open_chest":111,"minecraft:crouch_one_cm":19520,"minecraft:fall_one_cm":35110},"minecraft:killed_by":{"minecraft:player":5,"minecraft:blaze":2,"minecraft:zombie":3,"undead_revamp2:thesmoker":1},"minecraft:used":{"minecraft:chest":6,"minecraft:torch":33,"embellishcraft:smooth_marble":9,"minecraft:cyan_terracotta":9,"minecraft:iron_axe":7,"farmersdelight:melon_popsicle":1,"apocalypsenow:night_stick":88,"minecraft:light_gray_bed":1,"minecraft:brown_bed":2,"tac:workbench":1,"minecraft:oak_planks":8,"minecraft:wooden_pickaxe":46,"minecraft:cookie":6,"minecraft:white_wool":1,"minecraft:crafting_table":1,"minecraft:white_bed":2,"apocalypsenow:machete":77,"farmersdelight:honey_cookie":4,"apocalypsenow:tatical_mace":428,"minecraft:iron_pickaxe":403,"cgm:grenade":7,"minecraft:iron_door":1,"apocalypsenow:dagger":2,"chalk:red_chalk":13,"minecraft:cobblestone":64,"minecraft:potion":20,"farmersdelight:egg_sandwich":3,"apocalypsenow:human_flesh":5,"minecraft:smooth_stone":2,"embellishcraft:polished_marble":2},"minecraft:crafted":{"minecraft:oak_planks":56,"minecraft:leather":12,"minecraft:chest":3,"sophisticatedbackpacks:backpack":1,"minecraft:crafting_table":2,"sophisticatedbackpacks:gold_backpack":1,"minecraft:air":109,"minecraft:stick":12,"minecraft:iron_ingot":9},"minecraft:dropped":{"apocalypsenow:police_boots":2,"minecraft:oak_log":2,"minecraft:crafting_table":1,"minecraft:cobblestone":1,"apocalypsenow:police_leggings":1,"another_furniture:lime_lamp":2,"apocalypsenow:medicalkit":10,"minecraft:leather":8,"quark:gray_shard":36,"apocalypsenow:tatical_mace":1,"tac:hk_mp5a5":1,"sophisticatedbackpacks:gold_backpack":2,"apocalypsenow:black_bikers_helmet":1,"apocalypsenow:fire_figther_chestplate":3,"farmersdelight:melon_popsicle":1,"apocalypsenow:night_stick":1,"apocalypsenow:construction_leggings":1,"minecraft:potion":18,"apocalypsenow:construction_helmet":2,"apocalypsenow:u_sarmy_helmet":1,"apocalypsenow:can":1,"tac:sti2011":1,"minecraft:string":176,"ftbquests:book":1,"embellishcraft:polished_marble":1,"apocalypsenow:u_sarmy_chestplate":2,"apocalypsenow:canned_fish":5,"camera:image":2,"minecraft:chicken":1,"minecraft:rotten_flesh":16,"apocalypsenow:police_chestplate":1,"minecraft:oak_planks":8,"farmersdelight:chicken_sandwich":3,"minecraft:carrot":3,"minecraft:leather_chestplate":1,"minecraft:potato":1,"apocalypsenow:fire_figther_leggings":1,"minecraft:heavy_weighted_pressure_plate":2,"minecraft:stone_brick_wall":1,"minecraft:oak_sapling":6,"apocalypsenow:red_football_armor_chestplate":1,"securitycraft:camera_monitor":1,"tac:deagle_357":1,"minecraft:wooden_pickaxe":1}},"DataVersion":2975}