{"stats":{"minecraft:used":{"apocalypsenow:baseball_bat":2,"minecraft:stone_pickaxe":2,"zombie_extreme:kitchen_knife":1,"minecraft:wooden_sword":1,"minecraft:crafting_table":1,"minecraft:shears":11,"minecraft:spruce_log":1},"minecraft:picked_up":{"minecraft:book":3,"minecraft:black_carpet":4,"minecraft:wheat":1,"minecraft:yellow_wool":10,"minecraft:spruce_sapling":1,"minecraft:spruce_log":6,"minecraft:string":2,"minecraft:red_carpet":3,"apocalypsenow:human_flesh":1,"minecraft:light_blue_carpet":2,"minecraft:stone_pickaxe":1,"minecraft:cyan_wool":1},"minecraft:custom":{"minecraft:time_since_rest":5809,"lootr:looted_stat":34,"minecraft:sprint_one_cm":109041,"minecraft:damage_taken":445,"minecraft:walk_one_cm":39769,"minecraft:drop":4,"minecraft:swim_one_cm":4752,"minecraft:interact_with_crafting_table":2,"minecraft:fly_one_cm":88725,"minecraft:open_chest":4,"minecraft:crouch_one_cm":162,"minecraft:play_time":17230,"minecraft:deaths":1,"minecraft:sneak_time":30,"minecraft:walk_under_water_one_cm":1230,"minecraft:jump":392,"minecraft:walk_on_water_one_cm":3948,"minecraft:time_since_death":5784,"minecraft:total_world_time":17230,"minecraft:fall_one_cm":10504},"minecraft:crafted":{"minecraft:crafting_table":1,"minecraft:spruce_planks":4,"minecraft:shears":1},"minecraft:mined":{"minecraft:large_fern":1,"minecraft:cyan_wool":1,"minecraft:glass_pane":4,"minecraft:yellow_wool":12,"minecraft:spruce_log":7,"minecraft:bookshelf":1,"minecraft:cobweb":2,"minecraft:spruce_leaves":1},"minecraft:dropped":{"alexsmobs:animal_dictionary":1,"theoneprobe:probenote":1,"pfm:furniture_book":1,"patchouli:guide_book":1}},"DataVersion":2975}