{"stats":{"minecraft:picked_up":{"minecraft:crafting_table":1,"minecraft:redstone_lamp":4,"minecraft:oak_stairs":5,"minecraft:stone_brick_stairs":23,"minecraft:shield":2,"zombie_extreme:decomposing_backpack":3,"minecraft:string":1,"minecraft:wooden_sword":2,"minecraft:smooth_stone_slab":15,"apocalypsenow:cigarettes":2,"minecraft:cartography_table":1,"minecraft:spruce_slab":2,"minecraft:sugar_cane":1,"minecraft:chest":1,"minecraft:birch_sapling":55,"minecraft:spruce_trapdoor":2,"minecraft:dark_oak_door":1,"minecraft:stick":18,"minecraft:composter":1,"minecraft:bowl":2,"minecraft:spruce_stairs":6,"minecraft:light_blue_bed":1,"minecraft:smooth_sandstone_slab":48,"minecraft:quartz_block":3,"minecraft:arrow":1,"zombie_extreme:cupboard":1,"minecraft:light_gray_bed":1,"minecraft:rotten_flesh":23,"apocalypsenow:baseball_bat":2,"apocalypsenow:scrapmetal":1,"zombie_extreme:rotten_apple":2,"apocalypsenow:pipe":1,"minecraft:yellow_terracotta":1,"apocalypsenow:bikers_helmet":2,"apocalypsenow:black_football_armor_helmet":3,"apocalypsenow:sack_helmet":1,"minecraft:white_terracotta":76,"minecraft:iron_bars":1,"apocalypsenow:nurse_helmet":4,"minecraft:birch_log":102,"minecraft:leather":2,"zombie_extreme:pipe":2,"apocalypsenow:glassbottle_3":2,"apocalypsenow:spiked_baseball_bat":2,"minecraft:smoker":1,"minecraft:birch_planks":8,"minecraft:flint":2,"minecraft:gunpowder":3,"minecraft:gray_concrete":5,"minecraft:blue_bed":2,"minecraft:dirt":20,"minecraft:leather_boots":3,"minecraft:bone":1,"minecraft:apple":2,"apocalypsenow:human_flesh":12,"theoneprobe:probenote":3,"minecraft:iron_ingot":4,"apocalypsenow:bottle":3,"apocalypsenow:saw":1,"zombie_extreme:medicine_box":2,"zombie_extreme:lamp":1,"minecraft:oak_planks":68,"minecraft:book":1,"apocalypsenow:trash":2,"minecraft:birch_boat":1,"patchouli:guide_book":2,"apocalypsenow:orange":1,"apocalypsenow:long_knife":2,"alexsmobs:animal_dictionary":3,"minecraft:polished_andesite":97,"immersiveengineering:seed":1,"minecraft:bread":28,"pfm:furniture_book":2,"minecraft:bricks":38},"minecraft:killed":{"hordes:zombie_player":4,"apocalypsenow:runner_37":1,"apocalypsenow:walker_25":1,"minecraft:bee":3,"apocalypsenow:runner_42":1,"apocalypsenow:runner_46":1,"apocalypsenow:runner_45":1,"apocalypsenow:walker_10":1,"apocalypsenow:walker_33":1,"zombiemobs:zombie_cow":2,"apocalypsenow:walker_12":1},"minecraft:killed_by":{"apocalypsenow:runner_39":1,"mutationcraft:assimilated_donkey":1,"apocalypsenow:runner_34":1,"minecraft:creeper":1,"minecraft:spider":4,"apocalypsenow:runner_42":1,"apocalypsenow:runner_53":2,"hordes:zombie_player":1,"mutationcraft:human_stage_2":1,"mutationcraft:assimilated_wandering_trader":1,"apocalypsenow:runner_50":1,"mutationcraft:assimilated_bear":1,"mutationcraft:assimilated_human":1,"undead_revamp2:thehunter":1,"zombie_extreme:infected_military":1,"minecraft:skeleton":4,"mutationcraft:assimilated_jockey":4,"mutationcraft:necroptor":2,"mutationcraft:human_stage_3":1,"apocalypsenow:runner_44":1,"mutationcraft:assimilated_roamer":6,"apocalypsenow:runner_41":1,"mutationcraft:developed_roamer":1,"mutationcraft:assimilated_enderman":9,"zombiemobs:zombie_llama":1},"minecraft:crafted":{"minecraft:crafting_table":1,"minecraft:birch_planks":4,"minecraft:air":50},"minecraft:dropped":{"apocalypsenow:human_flesh":1,"apocalypsenow:black_football_armor_helmet":2,"apocalypsenow:trash":4,"minecraft:stick":6,"apocalypsenow:can":1,"minecraft:bricks":19,"alexsmobs:animal_dictionary":1,"minecraft:bowl":1,"minecraft:birch_sapling":17,"apocalypsenow:nurse_helmet":2,"patchouli:guide_book":1,"zombie_extreme:decomposing_backpack":1,"minecraft:leather_boots":1,"minecraft:stone_brick_stairs":13},"minecraft:used":{"apocalypsenow:saw":4,"minecraft:shield":6,"minecraft:white_terracotta":26,"apocalypsenow:trash":3,"minecraft:dirt":12,"apocalypsenow:yellow_football_armor_helmet":1,"zombie_extreme:medicine_box":1,"apocalypsenow:pick":7,"minecraft:birch_planks":30,"minecraft:polished_andesite":20,"minecraft:oak_planks":7,"minecraft:smooth_sandstone_slab":16,"minecraft:birch_boat":3,"minecraft:crafting_table":1,"apocalypsenow:pipe":25,"apocalypsenow:long_knife":3,"minecraft:wooden_sword":32,"minecraft:birch_log":1,"minecraft:cobweb":1},"minecraft:custom":{"lootr:looted_stat":16,"minecraft:mob_kills":22,"minecraft:interact_with_crafting_table":1,"minecraft:open_barrel":1,"minecraft:leave_game":1,"minecraft:time_since_death":197,"minecraft:climb_one_cm":1438,"minecraft:sprint_one_cm":228889,"minecraft:walk_one_cm":189675,"minecraft:damage_blocked_by_shield":45,"minecraft:drop":20,"minecraft:play_time":59099,"minecraft:deaths":52,"minecraft:sneak_time":5246,"minecraft:walk_under_water_one_cm":9235,"minecraft:boat_one_cm":2044,"minecraft:jump":1052,"minecraft:walk_on_water_one_cm":16701,"minecraft:total_world_time":59099,"minecraft:time_since_rest":237,"minecraft:damage_taken":12979,"minecraft:damage_dealt":3029,"minecraft:swim_one_cm":32256,"minecraft:fly_one_cm":171979,"minecraft:open_chest":3,"minecraft:crouch_one_cm":13927,"minecraft:fall_one_cm":36804},"minecraft:mined":{"minecraft:yellow_terracotta":1,"minecraft:spruce_trapdoor":11,"minecraft:grass_block":8,"minecraft:light_gray_bed":1,"minecraft:composter":1,"minecraft:cartography_table":1,"zombie_extreme:decomposing_backpack":2,"minecraft:oak_stairs":6,"minecraft:iron_bars":1,"zombie_extreme:fridge":1,"minecraft:spruce_slab":2,"zombie_extreme:washing_machine":1,"minecraft:gray_concrete":5,"minecraft:glass_pane":5,"minecraft:quartz_block":2,"lootr:lootr_chest":1,"zombie_extreme:lamp":1,"minecraft:smoker":1,"zombie_extreme:cupboard":1,"minecraft:cobblestone":14,"zombie_extreme:medicine_box":3,"minecraft:oak_planks":85,"minecraft:bricks":41,"minecraft:smooth_sandstone_slab":92,"minecraft:spruce_stairs":15,"minecraft:white_terracotta":93,"minecraft:birch_planks":8,"minecraft:light_blue_bed":1,"minecraft:birch_log":75,"minecraft:birch_leaves":916,"minecraft:bee_nest":1,"minecraft:stone_brick_stairs":17,"minecraft:smooth_stone_slab":34,"minecraft:grass":3,"minecraft:dirt":12,"minecraft:polished_andesite":109,"minecraft:oak_leaves":50,"minecraft:redstone_lamp":7}},"DataVersion":2975}