{"stats":{"minecraft:used":{"apocalypsenow:baseball_bat":2,"minecraft:shears":11},"minecraft:picked_up":{"minecraft:wheat":1,"minecraft:yellow_wool":8,"minecraft:cyan_wool":1,"minecraft:spruce_log":6},"minecraft:custom":{"minecraft:time_since_rest":5230,"minecraft:play_time":5230,"lootr:looted_stat":6,"minecraft:sprint_one_cm":31756,"minecraft:damage_taken":30,"minecraft:walk_one_cm":14314,"minecraft:sneak_time":2,"minecraft:walk_under_water_one_cm":143,"minecraft:jump":175,"minecraft:time_since_death":5230,"minecraft:walk_on_water_one_cm":69,"minecraft:total_world_time":5230,"minecraft:swim_one_cm":650,"minecraft:fall_one_cm":5389,"minecraft:fly_one_cm":51750},"minecraft:crafted":{"minecraft:shears":1},"minecraft:mined":{"minecraft:large_fern":1,"minecraft:cyan_wool":1,"minecraft:yellow_wool":12,"minecraft:spruce_leaves":1,"minecraft:spruce_log":7}},"DataVersion":2975}