{
  "comforts:sleeping_bag_light_gray": {
    "criteria": {
      "has_the_recipe": "2024-11-19 16:31:35 +0000"
    },
    "done": true
  },
  "crossbowverhaul:recipes/combat/bolt_netherite": {
    "criteria": {
      "has_feather": "2024-11-19 16:31:35 +0000"
    },
    "done": true
  },
  "comforts:hammock_white": {
    "criteria": {
      "has_the_recipe": "2024-11-19 16:31:35 +0000"
    },
    "done": true
  },
  "comforts:hammock_cyan_from_white": {
    "criteria": {
      "has_the_recipe": "2024-11-19 16:31:35 +0000"
    },
    "done": true
  },
  "farmersdelight:main/master_chef": {
    "criteria": {
      "pasta_with_meatballs": "2024-11-20 09:42:10 +0000"
    },
    "done": false
  },
  "comforts:hammock_black": {
    "criteria": {
      "has_the_recipe": "2024-11-19 16:31:35 +0000"
    },
    "done": true
  },
  "farmersdelight:main/plant_all_crops": {
    "criteria": {
      "potato": "2024-11-19 22:46:39 +0000"
    },
    "done": false
  },
  "comforts:sleeping_bag_light_blue": {
    "criteria": {
      "has_the_recipe": "2024-11-19 16:31:35 +0000"
    },
    "done": true
  },
  "comforts:sleeping_bag_green_from_white": {
    "criteria": {
      "has_the_recipe": "2024-11-19 16:31:35 +0000"
    },
    "done": true
  },
  "comforts:sleeping_bag_lime": {
    "criteria": {
      "has_the_recipe": "2024-11-19 16:31:35 +0000"
    },
    "done": true
  },
  "ag_day_counter:tenth_day_advancement": {
    "criteria": {
      "tenth_day_advancement": "2024-11-19 20:09:52 +0000"
    },
    "done": true
  },
  "cold_sweat:recipes/thermolith": {
    "criteria": {
      "has_recipe": "2024-11-19 16:31:35 +0000"
    },
    "done": true
  },
  "naturescompass:natures_compass": {
    "criteria": {
      "has_recipe": "2024-11-19 16:31:35 +0000"
    },
    "done": true
  },
  "comforts:sleeping_bag_lime_from_white": {
    "criteria": {
      "has_the_recipe": "2024-11-19 16:31:35 +0000"
    },
    "done": true
  },
  "immersiveengineering:tools/tools_root": {
    "criteria": {
      "has_item": "2024-11-20 11:30:03 +0000"
    },
    "done": true
  },
  "cold_sweat:root": {
    "criteria": {
      "requirement": "2024-11-19 16:31:35 +0000"
    },
    "done": true
  },
  "comforts:sleeping_bag_black_from_white": {
    "criteria": {
      "has_the_recipe": "2024-11-19 16:31:35 +0000"
    },
    "done": true
  },
  "undead_revamp2:theundeadchallenges": {
    "criteria": {
      "theundeadchallenges": "2024-11-19 16:31:35 +0000"
    },
    "done": true
  },
  "farmersdelight:main/place_cooking_pot": {
    "criteria": {
      "cooking_pot": "2024-11-19 17:56:50 +0000"
    },
    "done": true
  },
  "nameless_trinkets:obtain/broken_magnet": {
    "criteria": {
      "broken_magnet": "2024-11-19 20:37:45 +0000"
    },
    "done": true
  },
  "comforts:hammock_light_blue_from_white": {
    "criteria": {
      "has_the_recipe": "2024-11-19 16:31:35 +0000"
    },
    "done": true
  },
  "comforts:sleeping_bag_black": {
    "criteria": {
      "has_the_recipe": "2024-11-19 16:31:35 +0000"
    },
    "done": true
  },
  "comforts:hammock_red_from_white": {
    "criteria": {
      "has_the_recipe": "2024-11-19 16:31:35 +0000"
    },
    "done": true
  },
  "comforts:hammock_yellow": {
    "criteria": {
      "has_the_recipe": "2024-11-19 16:31:35 +0000"
    },
    "done": true
  },
  "explorerscompass:explorers_compass_cobweb": {
    "criteria": {
      "has_recipe": "2024-11-19 16:31:35 +0000"
    },
    "done": true
  },
  "buildersdelight:root": {
    "criteria": {
      "crafting_table": "2024-11-19 16:31:35 +0000"
    },
    "done": true
  },
  "comforts:hammock_cyan": {
    "criteria": {
      "has_the_recipe": "2024-11-19 16:31:35 +0000"
    },
    "done": true
  },
  "comforts:sleeping_bag_purple": {
    "criteria": {
      "has_the_recipe": "2024-11-19 16:31:35 +0000"
    },
    "done": true
  },
  "lootr:1chest": {
    "criteria": {
      "opened_chest": "2024-11-19 16:33:18 +0000"
    },
    "done": true
  },
  "comforts:hammock_pink_from_white": {
    "criteria": {
      "has_the_recipe": "2024-11-19 16:31:35 +0000"
    },
    "done": true
  },
  "farmersdelight:main/get_fd_seed": {
    "criteria": {
      "onion": "2024-11-19 17:55:55 +0000"
    },
    "done": true
  },
  "comforts:sleeping_bag_purple_from_white": {
    "criteria": {
      "has_the_recipe": "2024-11-19 16:31:35 +0000"
    },
    "done": true
  },
  "comforts:sleeping_bag_yellow": {
    "criteria": {
      "has_the_recipe": "2024-11-19 16:31:35 +0000"
    },
    "done": true
  },
  "comforts:hammock_light_gray": {
    "criteria": {
      "has_the_recipe": "2024-11-19 16:31:35 +0000"
    },
    "done": true
  },
  "immersiveengineering:main/make_steel": {
    "criteria": {
      "has_item": "2024-11-20 10:38:01 +0000"
    },
    "done": true
  },
  "comforts:hammock_purple": {
    "criteria": {
      "has_the_recipe": "2024-11-19 16:31:35 +0000"
    },
    "done": true
  },
  "minecraft:husbandry/balanced_diet": {
    "criteria": {
      "bread": "2024-11-19 17:04:03 +0000",
      "cookie": "2024-11-19 20:16:52 +0000"
    },
    "done": false
  },
  "comforts:sleeping_bag_orange_from_white": {
    "criteria": {
      "has_the_recipe": "2024-11-19 16:31:35 +0000"
    },
    "done": true
  },
  "comforts:hammock_yellow_from_white": {
    "criteria": {
      "has_the_recipe": "2024-11-19 16:31:35 +0000"
    },
    "done": true
  },
  "comforts:sleeping_bag_blue_from_white": {
    "criteria": {
      "has_the_recipe": "2024-11-19 16:31:35 +0000"
    },
    "done": true
  },
  "parcool:grant_parcool_guide": {
    "criteria": {
      "tick": "2024-11-19 16:31:35 +0000"
    },
    "done": true
  },
  "biomesoplenty:biomesoplenty/root": {
    "criteria": {
      "lush_desert": "2024-11-19 16:31:35 +0000"
    },
    "done": true
  },
  "comforts:sleeping_bag_green": {
    "criteria": {
      "has_the_recipe": "2024-11-19 16:31:35 +0000"
    },
    "done": true
  },
  "immersiveengineering:multiblocks/craft_duroplast": {
    "criteria": {
      "has_item": "2024-11-19 20:38:19 +0000"
    },
    "done": true
  },
  "comforts:hammock_lime": {
    "criteria": {
      "has_the_recipe": "2024-11-19 16:31:35 +0000"
    },
    "done": true
  },
  "comforts:sleeping_bag_brown_from_white": {
    "criteria": {
      "has_the_recipe": "2024-11-19 16:31:35 +0000"
    },
    "done": true
  },
  "minecraft:story/iron_tools": {
    "criteria": {
      "iron_pickaxe": "2024-11-19 16:41:52 +0000"
    },
    "done": true
  },
  "comforts:sleeping_bag_white": {
    "criteria": {
      "has_the_recipe": "2024-11-19 16:31:35 +0000"
    },
    "done": true
  },
  "comforts:sleeping_bag_pink": {
    "criteria": {
      "has_the_recipe": "2024-11-19 16:31:35 +0000"
    },
    "done": true
  },
  "comforts:hammock_light_gray_from_white": {
    "criteria": {
      "has_the_recipe": "2024-11-19 16:31:35 +0000"
    },
    "done": true
  },
  "comforts:sleeping_bag_brown": {
    "criteria": {
      "has_the_recipe": "2024-11-19 16:31:35 +0000"
    },
    "done": true
  },
  "comforts:sleeping_bag_gray": {
    "criteria": {
      "has_the_recipe": "2024-11-19 16:31:35 +0000"
    },
    "done": true
  },
  "refinedstorage:connecting": {
    "criteria": {
      "cable_in_inventory": "2024-11-19 16:35:02 +0000"
    },
    "done": true
  },
  "naturescompass:natures_compass_sapling": {
    "criteria": {
      "has_recipe": "2024-11-19 16:31:35 +0000"
    },
    "done": true
  },
  "alexsmobs:alexsmobs/rattlesnake": {
    "criteria": {
      "killed_by": "2024-11-19 20:10:54 +0000"
    },
    "done": true
  },
  "crossbowverhaul:recipes/combat/bolt_diamond": {
    "criteria": {
      "has_ingot": "2024-11-19 16:35:12 +0000"
    },
    "done": true
  },
  "comforts:sleeping_bag_light_blue_from_white": {
    "criteria": {
      "has_the_recipe": "2024-11-19 16:31:35 +0000"
    },
    "done": true
  },
  "minecraft:story/root": {
    "criteria": {
      "crafting_table": "2024-11-19 16:38:42 +0000"
    },
    "done": true
  },
  "artifacts:amateur_archaeologist": {
    "criteria": {
      "find_artifact": "2024-11-20 09:43:56 +0000"
    },
    "done": true
  },
  "comforts:hammock_light_blue": {
    "criteria": {
      "has_the_recipe": "2024-11-19 16:31:35 +0000"
    },
    "done": true
  },
  "crossbowverhaul:recipes/combat/crossbow_netherite": {
    "criteria": {
      "has_crossbow": "2024-11-19 16:31:35 +0000"
    },
    "done": true
  },
  "nameless_trinkets:obtain/root": {
    "criteria": {
      "obtain": "2024-11-19 20:37:45 +0000"
    },
    "done": true
  },
  "comforts:rope_and_nail": {
    "criteria": {
      "has_the_recipe": "2024-11-19 16:31:35 +0000"
    },
    "done": true
  },
  "comforts:hammock_magenta": {
    "criteria": {
      "has_the_recipe": "2024-11-19 16:31:35 +0000"
    },
    "done": true
  },
  "immersiveengineering:main/craft_treatedwood": {
    "criteria": {
      "has_item": "2024-11-20 10:38:17 +0000"
    },
    "done": true
  },
  "cold_sweat:recipes/waterskin": {
    "criteria": {
      "has_recipe": "2024-11-19 16:31:35 +0000"
    },
    "done": true
  },
  "immersiveengineering:main/villager": {
    "criteria": {
      "meet_gunsmith": "2024-11-20 11:30:24 +0000"
    },
    "done": true
  },
  "comforts:sleeping_bag_red": {
    "criteria": {
      "has_the_recipe": "2024-11-19 16:31:35 +0000"
    },
    "done": true
  },
  "explorerscompass:explorers_compass_cracked_stone_bricks": {
    "criteria": {
      "has_recipe": "2024-11-19 16:31:35 +0000"
    },
    "done": true
  },
  "comforts:sleeping_bag_red_from_white": {
    "criteria": {
      "has_the_recipe": "2024-11-19 16:31:35 +0000"
    },
    "done": true
  },
  "lootr:root": {
    "criteria": {
      "always_true": "2024-11-19 16:31:35 +0000"
    },
    "done": true
  },
  "ag_day_counter:day_counter_root_advancement": {
    "criteria": {
      "day_counter_root_advancement": "2024-11-19 16:31:35 +0000"
    },
    "done": true
  },
  "minecraft:adventure/kill_a_mob": {
    "criteria": {
      "minecraft:zombie": "2024-11-19 16:48:28 +0000"
    },
    "done": true
  },
  "minecraft:husbandry/bred_all_animals": {
    "criteria": {
      "minecraft:wolf": "2024-11-20 11:20:59 +0000"
    },
    "done": false
  },
  "cold_sweat:recipes/thermometer": {
    "criteria": {
      "has_recipe": "2024-11-19 16:31:35 +0000"
    },
    "done": true
  },
  "trashcans:trash_can": {
    "criteria": {
      "has_item_trash_can": "2024-11-19 22:08:09 +0000"
    },
    "done": true
  },
  "comforts:sleeping_bag_magenta_from_white": {
    "criteria": {
      "has_the_recipe": "2024-11-19 16:31:35 +0000"
    },
    "done": true
  },
  "comforts:hammock_magenta_from_white": {
    "criteria": {
      "has_the_recipe": "2024-11-19 16:31:35 +0000"
    },
    "done": true
  },
  "comforts:sleeping_bag_blue": {
    "criteria": {
      "has_the_recipe": "2024-11-19 16:31:35 +0000"
    },
    "done": true
  },
  "comforts:hammock_brown_from_white": {
    "criteria": {
      "has_the_recipe": "2024-11-19 16:31:35 +0000"
    },
    "done": true
  },
  "minecraft:nether/obtain_blaze_rod": {
    "criteria": {
      "blaze_rod": "2024-11-19 20:14:23 +0000"
    },
    "done": true
  },
  "biomesoplenty:biomesoplenty/all_biomes": {
    "criteria": {
      "shrubland": "2024-11-20 10:36:39 +0000",
      "lush_savanna": "2024-11-19 16:33:04 +0000",
      "highland": "2024-11-20 11:25:31 +0000",
      "old_growth_woodland": "2024-11-20 11:49:46 +0000",
      "wooded_wasteland": "2024-11-19 18:52:40 +0000",
      "mediterranean_forest": "2024-11-20 10:05:08 +0000",
      "coniferous_forest": "2024-11-20 10:46:54 +0000",
      "dryland": "2024-11-19 16:33:44 +0000",
      "wasteland": "2024-11-19 18:41:33 +0000",
      "lush_desert": "2024-11-19 16:31:35 +0000",
      "redwood_forest": "2024-11-20 11:12:58 +0000",
      "volcanic_plains": "2024-11-19 18:57:40 +0000",
      "lavender_field": "2024-11-20 10:49:00 +0000",
      "fir_clearing": "2024-11-20 10:37:15 +0000",
      "ominous_woods": "2024-11-20 11:12:40 +0000"
    },
    "done": false
  },
  "minecraft:story/mine_stone": {
    "criteria": {
      "get_stone": "2024-11-19 16:40:20 +0000"
    },
    "done": true
  },
  "nameless_trinkets:obtain/experience_magnet": {
    "criteria": {
      "experience_magnet": "2024-11-19 20:40:45 +0000"
    },
    "done": true
  },
  "minecraft:adventure/adventuring_time": {
    "criteria": {
      "minecraft:deep_ocean": "2024-11-20 10:34:42 +0000",
      "minecraft:badlands": "2024-11-19 17:14:49 +0000",
      "minecraft:beach": "2024-11-20 10:04:33 +0000",
      "minecraft:river": "2024-11-19 16:32:58 +0000",
      "minecraft:lukewarm_ocean": "2024-11-20 10:01:30 +0000",
      "minecraft:forest": "2024-11-20 10:05:32 +0000",
      "minecraft:desert": "2024-11-19 16:33:29 +0000",
      "minecraft:ocean": "2024-11-20 10:36:19 +0000",
      "minecraft:warm_ocean": "2024-11-20 10:01:26 +0000",
      "minecraft:deep_lukewarm_ocean": "2024-11-20 10:01:54 +0000",
      "minecraft:savanna": "2024-11-20 10:05:29 +0000",
      "minecraft:plains": "2024-11-20 10:24:37 +0000"
    },
    "done": false
  },
  "crossbowverhaul:recipes/combat/bolt_gold": {
    "criteria": {
      "has_ingot": "2024-11-19 16:34:25 +0000"
    },
    "done": true
  },
  "comforts:hammock_blue_from_white": {
    "criteria": {
      "has_the_recipe": "2024-11-19 16:31:35 +0000"
    },
    "done": true
  },
  "minecraft:adventure/sleep_in_bed": {
    "criteria": {
      "slept_in_bed": "2024-11-19 16:45:38 +0000"
    },
    "done": true
  },
  "comforts:sleeping_bag_gray_from_white": {
    "criteria": {
      "has_the_recipe": "2024-11-19 16:31:35 +0000"
    },
    "done": true
  },
  "immersiveengineering:multiblocks/multiblocks_root": {
    "criteria": {
      "has_item": "2024-11-20 10:38:01 +0000"
    },
    "done": true
  },
  "cold_sweat:extreme_temps": {
    "criteria": {
      "requirement": "2024-11-19 16:31:35 +0000"
    },
    "done": true
  },
  "comforts:sleeping_bag_orange": {
    "criteria": {
      "has_the_recipe": "2024-11-19 16:31:35 +0000"
    },
    "done": true
  },
  "minecraft:husbandry/root": {
    "criteria": {
      "consumed_item": "2024-11-19 16:37:18 +0000"
    },
    "done": true
  },
  "ag_day_counter:firts_day_advancement": {
    "criteria": {
      "firts_day_advancement": "2024-11-19 16:47:56 +0000"
    },
    "done": true
  },
  "comforts:sleeping_bag_cyan": {
    "criteria": {
      "has_the_recipe": "2024-11-19 16:31:35 +0000"
    },
    "done": true
  },
  "immersiveengineering:main/main_root": {
    "criteria": {
      "has_item": "2024-11-19 17:24:14 +0000"
    },
    "done": true
  },
  "nameless_trinkets:obtain/experience_battery": {
    "criteria": {
      "experience_battery": "2024-11-19 20:38:25 +0000"
    },
    "done": true
  },
  "lootr:10loot": {
    "criteria": {
      "loot_stat": "2024-11-19 16:48:36 +0000"
    },
    "done": true
  },
  "comforts:hammock_purple_from_white": {
    "criteria": {
      "has_the_recipe": "2024-11-19 16:31:35 +0000"
    },
    "done": true
  },
  "refinedstorage:upgrading_your_grid": {
    "criteria": {
      "crafting_grid_in_inventory": "2024-11-19 18:25:53 +0000"
    },
    "done": true
  },
  "minecraft:adventure/root": {
    "criteria": {
      "killed_something": "2024-11-19 16:48:28 +0000"
    },
    "done": true
  },
  "explorerscompass:explorers_compass": {
    "criteria": {
      "has_recipe": "2024-11-19 16:31:35 +0000"
    },
    "done": true
  },
  "comforts:sleeping_bag_pink_from_white": {
    "criteria": {
      "has_the_recipe": "2024-11-19 16:31:35 +0000"
    },
    "done": true
  },
  "comforts:hammock_red": {
    "criteria": {
      "has_the_recipe": "2024-11-19 16:31:35 +0000"
    },
    "done": true
  },
  "lootr:social": {
    "criteria": {
      "opened_chest": "2024-11-19 16:33:18 +0000"
    },
    "done": false
  },
  "farmersdelight:main/root": {
    "criteria": {
      "seeds": "2024-11-19 16:31:35 +0000"
    },
    "done": true
  },
  "comforts:hammock_black_from_white": {
    "criteria": {
      "has_the_recipe": "2024-11-19 16:31:35 +0000"
    },
    "done": true
  },
  "comforts:sleeping_bag_yellow_from_white": {
    "criteria": {
      "has_the_recipe": "2024-11-19 16:31:35 +0000"
    },
    "done": true
  },
  "comforts:hammock_gray_from_white": {
    "criteria": {
      "has_the_recipe": "2024-11-19 16:31:35 +0000"
    },
    "done": true
  },
  "minecraft:adventure/kill_all_mobs": {
    "criteria": {
      "minecraft:blaze": "2024-11-19 20:14:02 +0000",
      "minecraft:husk": "2024-11-19 17:11:12 +0000",
      "minecraft:zombie": "2024-11-19 16:48:28 +0000",
      "minecraft:drowned": "2024-11-19 22:56:59 +0000"
    },
    "done": false
  },
  "immersiveengineering:main/craft_workbench": {
    "criteria": {
      "has_item": "2024-11-20 11:30:03 +0000"
    },
    "done": true
  },
  "pfm:recipes/root": {
    "criteria": {
      "has_planks": "2024-11-19 16:38:40 +0000"
    },
    "done": true
  },
  "minecraft:husbandry/breed_an_animal": {
    "criteria": {
      "bred": "2024-11-20 11:20:59 +0000"
    },
    "done": true
  },
  "minecraft:adventure/trade": {
    "criteria": {
      "traded": "2024-11-20 11:32:27 +0000"
    },
    "done": true
  },
  "comforts:hammock_green_from_white": {
    "criteria": {
      "has_the_recipe": "2024-11-19 16:31:35 +0000"
    },
    "done": true
  },
  "comforts:hammock_orange": {
    "criteria": {
      "has_the_recipe": "2024-11-19 16:31:35 +0000"
    },
    "done": true
  },
  "farmersdelight:main/place_skillet": {
    "criteria": {
      "skillet": "2024-11-19 17:56:58 +0000"
    },
    "done": true
  },
  "comforts:hammock_lime_from_white": {
    "criteria": {
      "has_the_recipe": "2024-11-19 16:31:35 +0000"
    },
    "done": true
  },
  "lootr:50loot": {
    "criteria": {
      "loot_stat": "2024-11-19 20:32:52 +0000"
    },
    "done": true
  },
  "farmersdelight:main/eat_nourishing_food": {
    "criteria": {
      "nourishment": "2024-11-20 09:42:10 +0000"
    },
    "done": true
  },
  "farmersdelight:main/place_campfire": {
    "criteria": {
      "campfire": "2024-11-19 22:31:12 +0000"
    },
    "done": true
  },
  "comforts:hammock_pink": {
    "criteria": {
      "has_the_recipe": "2024-11-19 16:31:35 +0000"
    },
    "done": true
  },
  "comforts:hammock_orange_from_white": {
    "criteria": {
      "has_the_recipe": "2024-11-19 16:31:35 +0000"
    },
    "done": true
  },
  "comforts:sleeping_bag_magenta": {
    "criteria": {
      "has_the_recipe": "2024-11-19 16:31:35 +0000"
    },
    "done": true
  },
  "comforts:sleeping_bag_cyan_from_white": {
    "criteria": {
      "has_the_recipe": "2024-11-19 16:31:35 +0000"
    },
    "done": true
  },
  "comforts:sleeping_bag_light_gray_from_white": {
    "criteria": {
      "has_the_recipe": "2024-11-19 16:31:35 +0000"
    },
    "done": true
  },
  "create:root": {
    "criteria": {
      "0": "2024-11-19 16:31:35 +0000"
    },
    "done": true
  },
  "naturescompass:natures_compass_log": {
    "criteria": {
      "has_recipe": "2024-11-19 16:31:35 +0000"
    },
    "done": true
  },
  "lootr:25loot": {
    "criteria": {
      "loot_stat": "2024-11-19 18:03:18 +0000"
    },
    "done": true
  },
  "minecraft:story/mine_diamond": {
    "criteria": {
      "diamond": "2024-11-19 16:35:12 +0000"
    },
    "done": true
  },
  "comforts:hammock_brown": {
    "criteria": {
      "has_the_recipe": "2024-11-19 16:31:35 +0000"
    },
    "done": true
  },
  "minecraft:story/upgrade_tools": {
    "criteria": {
      "stone_pickaxe": "2024-11-19 16:40:41 +0000"
    },
    "done": true
  },
  "comforts:hammock_blue": {
    "criteria": {
      "has_the_recipe": "2024-11-19 16:31:35 +0000"
    },
    "done": true
  },
  "comforts:hammock_green": {
    "criteria": {
      "has_the_recipe": "2024-11-19 16:31:35 +0000"
    },
    "done": true
  },
  "minecraft:story/smelt_iron": {
    "criteria": {
      "iron": "2024-11-19 16:41:41 +0000"
    },
    "done": true
  },
  "comforts:hammock_gray": {
    "criteria": {
      "has_the_recipe": "2024-11-19 16:31:35 +0000"
    },
    "done": true
  },
  "crossbowverhaul:recipes/combat/bolt_explosive": {
    "criteria": {
      "has_blazepowder": "2024-11-19 16:31:35 +0000",
      "has_bolt": "2024-11-19 16:31:35 +0000"
    },
    "done": true
  },
  "crossbowverhaul:recipes/combat/bolt_iron": {
    "criteria": {
      "has_ingot": "2024-11-19 16:41:41 +0000"
    },
    "done": true
  },
  "cold_sweat:huddle_close": {
    "criteria": {
      "requirement": "2024-11-20 11:39:52 +0000"
    },
    "done": true
  },
  "minecraft:husbandry/tame_an_animal": {
    "criteria": {
      "tamed_animal": "2024-11-20 11:11:50 +0000"
    },
    "done": true
  },
  "DataVersion": 2975
}