{
  "comforts:sleeping_bag_light_gray": {
    "criteria": {
      "has_the_recipe": "2024-11-19 15:53:05 +0000"
    },
    "done": true
  },
  "crossbowverhaul:recipes/combat/bolt_netherite": {
    "criteria": {
      "has_feather": "2024-11-19 15:53:05 +0000"
    },
    "done": true
  },
  "comforts:hammock_white": {
    "criteria": {
      "has_the_recipe": "2024-11-19 15:53:05 +0000"
    },
    "done": true
  },
  "cold_sweat:recipes/waterskin": {
    "criteria": {
      "has_recipe": "2024-11-19 15:53:05 +0000"
    },
    "done": true
  },
  "pfm:grant_book_on_first_join": {
    "criteria": {
      "tick": "2024-11-19 15:53:05 +0000"
    },
    "done": true
  },
  "comforts:sleeping_bag_red": {
    "criteria": {
      "has_the_recipe": "2024-11-19 15:53:05 +0000"
    },
    "done": true
  },
  "comforts:hammock_cyan_from_white": {
    "criteria": {
      "has_the_recipe": "2024-11-19 15:53:05 +0000"
    },
    "done": true
  },
  "explorerscompass:explorers_compass_cracked_stone_bricks": {
    "criteria": {
      "has_recipe": "2024-11-19 15:53:05 +0000",
      "has_cracked_stone_bricks": "2024-11-19 15:53:05 +0000"
    },
    "done": true
  },
  "comforts:hammock_black": {
    "criteria": {
      "has_the_recipe": "2024-11-19 15:53:05 +0000"
    },
    "done": true
  },
  "comforts:sleeping_bag_red_from_white": {
    "criteria": {
      "has_the_recipe": "2024-11-19 15:53:05 +0000"
    },
    "done": true
  },
  "comforts:sleeping_bag_light_blue": {
    "criteria": {
      "has_the_recipe": "2024-11-19 15:53:05 +0000"
    },
    "done": true
  },
  "comforts:sleeping_bag_green_from_white": {
    "criteria": {
      "has_the_recipe": "2024-11-19 15:53:05 +0000"
    },
    "done": true
  },
  "lootr:root": {
    "criteria": {
      "always_true": "2024-11-19 15:53:05 +0000"
    },
    "done": true
  },
  "comforts:sleeping_bag_lime": {
    "criteria": {
      "has_the_recipe": "2024-11-19 15:53:05 +0000"
    },
    "done": true
  },
  "ag_day_counter:day_counter_root_advancement": {
    "criteria": {
      "day_counter_root_advancement": "2024-11-19 15:53:05 +0000"
    },
    "done": true
  },
  "cold_sweat:recipes/thermolith": {
    "criteria": {
      "has_recipe": "2024-11-19 15:53:05 +0000"
    },
    "done": true
  },
  "cold_sweat:recipes/thermometer": {
    "criteria": {
      "has_recipe": "2024-11-19 15:53:05 +0000"
    },
    "done": true
  },
  "naturescompass:natures_compass": {
    "criteria": {
      "has_compass": "2024-11-19 15:53:05 +0000"
    },
    "done": true
  },
  "comforts:sleeping_bag_magenta_from_white": {
    "criteria": {
      "has_the_recipe": "2024-11-19 15:53:05 +0000"
    },
    "done": true
  },
  "comforts:sleeping_bag_lime_from_white": {
    "criteria": {
      "has_the_recipe": "2024-11-19 15:53:05 +0000"
    },
    "done": true
  },
  "comforts:hammock_magenta_from_white": {
    "criteria": {
      "has_the_recipe": "2024-11-19 15:53:05 +0000"
    },
    "done": true
  },
  "comforts:sleeping_bag_blue": {
    "criteria": {
      "has_the_recipe": "2024-11-19 15:53:05 +0000"
    },
    "done": true
  },
  "comforts:hammock_brown_from_white": {
    "criteria": {
      "has_the_recipe": "2024-11-19 15:53:05 +0000"
    },
    "done": true
  },
  "cold_sweat:root": {
    "criteria": {
      "requirement": "2024-11-19 15:53:05 +0000"
    },
    "done": true
  },
  "comforts:sleeping_bag_black_from_white": {
    "criteria": {
      "has_the_recipe": "2024-11-19 15:53:05 +0000"
    },
    "done": true
  },
  "biomesoplenty:biomesoplenty/all_biomes": {
    "criteria": {
      "forested_field": "2024-11-19 15:53:05 +0000",
      "old_growth_dead_forest": "2024-11-19 15:57:38 +0000"
    },
    "done": false
  },
  "minecraft:story/mine_stone": {
    "criteria": {
      "get_stone": "2024-11-19 15:54:54 +0000"
    },
    "done": true
  },
  "undead_revamp2:theundeadchallenges": {
    "criteria": {
      "theundeadchallenges": "2024-11-19 15:53:05 +0000"
    },
    "done": true
  },
  "comforts:hammock_light_blue_from_white": {
    "criteria": {
      "has_the_recipe": "2024-11-19 15:53:05 +0000"
    },
    "done": true
  },
  "comforts:hammock_blue_from_white": {
    "criteria": {
      "has_the_recipe": "2024-11-19 15:53:05 +0000"
    },
    "done": true
  },
  "comforts:sleeping_bag_gray_from_white": {
    "criteria": {
      "has_the_recipe": "2024-11-19 15:53:05 +0000"
    },
    "done": true
  },
  "cold_sweat:recipes/soulspring_lamp": {
    "criteria": {
      "has_recipe": "2024-11-19 15:53:05 +0000"
    },
    "done": true
  },
  "cold_sweat:extreme_temps": {
    "criteria": {
      "requirement": "2024-11-19 15:53:05 +0000"
    },
    "done": true
  },
  "comforts:sleeping_bag_orange": {
    "criteria": {
      "has_the_recipe": "2024-11-19 15:53:05 +0000"
    },
    "done": true
  },
  "comforts:sleeping_bag_black": {
    "criteria": {
      "has_the_recipe": "2024-11-19 15:53:05 +0000"
    },
    "done": true
  },
  "ag_day_counter:firts_day_advancement": {
    "criteria": {
      "firts_day_advancement": "2024-11-19 15:53:06 +0000"
    },
    "done": true
  },
  "comforts:sleeping_bag_cyan": {
    "criteria": {
      "has_the_recipe": "2024-11-19 15:53:05 +0000"
    },
    "done": true
  },
  "comforts:hammock_red_from_white": {
    "criteria": {
      "has_the_recipe": "2024-11-19 15:53:05 +0000"
    },
    "done": true
  },
  "comforts:hammock_yellow": {
    "criteria": {
      "has_the_recipe": "2024-11-19 15:53:05 +0000"
    },
    "done": true
  },
  "comforts:hammock_purple_from_white": {
    "criteria": {
      "has_the_recipe": "2024-11-19 15:53:05 +0000"
    },
    "done": true
  },
  "explorerscompass:explorers_compass_cobweb": {
    "criteria": {
      "has_cobweb": "2024-11-19 15:53:05 +0000"
    },
    "done": true
  },
  "buildersdelight:root": {
    "criteria": {
      "crafting_table": "2024-11-19 15:53:05 +0000"
    },
    "done": true
  },
  "explorerscompass:explorers_compass": {
    "criteria": {
      "has_recipe": "2024-11-19 15:53:05 +0000",
      "has_compass": "2024-11-19 15:53:05 +0000"
    },
    "done": true
  },
  "comforts:hammock_cyan": {
    "criteria": {
      "has_the_recipe": "2024-11-19 15:53:05 +0000"
    },
    "done": true
  },
  "comforts:sleeping_bag_purple": {
    "criteria": {
      "has_the_recipe": "2024-11-19 15:53:05 +0000"
    },
    "done": true
  },
  "comforts:sleeping_bag_pink_from_white": {
    "criteria": {
      "has_the_recipe": "2024-11-19 15:53:05 +0000"
    },
    "done": true
  },
  "comforts:hammock_pink_from_white": {
    "criteria": {
      "has_the_recipe": "2024-11-19 15:53:05 +0000"
    },
    "done": true
  },
  "comforts:hammock_red": {
    "criteria": {
      "has_the_recipe": "2024-11-19 15:53:05 +0000"
    },
    "done": true
  },
  "farmersdelight:main/root": {
    "criteria": {
      "seeds": "2024-11-19 15:53:05 +0000"
    },
    "done": true
  },
  "comforts:hammock_black_from_white": {
    "criteria": {
      "has_the_recipe": "2024-11-19 15:53:05 +0000"
    },
    "done": true
  },
  "comforts:sleeping_bag_yellow_from_white": {
    "criteria": {
      "has_the_recipe": "2024-11-19 15:53:05 +0000"
    },
    "done": true
  },
  "comforts:hammock_gray_from_white": {
    "criteria": {
      "has_the_recipe": "2024-11-19 15:53:05 +0000"
    },
    "done": true
  },
  "comforts:sleeping_bag_purple_from_white": {
    "criteria": {
      "has_the_recipe": "2024-11-19 15:53:05 +0000"
    },
    "done": true
  },
  "comforts:sleeping_bag_yellow": {
    "criteria": {
      "has_the_recipe": "2024-11-19 15:53:05 +0000"
    },
    "done": true
  },
  "comforts:hammock_light_gray": {
    "criteria": {
      "has_the_recipe": "2024-11-19 15:53:05 +0000"
    },
    "done": true
  },
  "pfm:recipes/root": {
    "criteria": {
      "has_planks": "2024-11-19 15:54:10 +0000"
    },
    "done": true
  },
  "comforts:hammock_purple": {
    "criteria": {
      "has_the_recipe": "2024-11-19 15:53:05 +0000"
    },
    "done": true
  },
  "comforts:sleeping_bag_orange_from_white": {
    "criteria": {
      "has_the_recipe": "2024-11-19 15:53:05 +0000"
    },
    "done": true
  },
  "comforts:hammock_yellow_from_white": {
    "criteria": {
      "has_the_recipe": "2024-11-19 15:53:05 +0000"
    },
    "done": true
  },
  "comforts:hammock_green_from_white": {
    "criteria": {
      "has_the_recipe": "2024-11-19 15:53:05 +0000"
    },
    "done": true
  },
  "comforts:hammock_orange": {
    "criteria": {
      "has_the_recipe": "2024-11-19 15:53:05 +0000"
    },
    "done": true
  },
  "comforts:hammock_lime_from_white": {
    "criteria": {
      "has_the_recipe": "2024-11-19 15:53:05 +0000"
    },
    "done": true
  },
  "comforts:sleeping_bag_blue_from_white": {
    "criteria": {
      "has_the_recipe": "2024-11-19 15:53:05 +0000"
    },
    "done": true
  },
  "comforts:hammock_pink": {
    "criteria": {
      "has_the_recipe": "2024-11-19 15:53:05 +0000"
    },
    "done": true
  },
  "parcool:grant_parcool_guide": {
    "criteria": {
      "tick": "2024-11-19 15:53:05 +0000"
    },
    "done": true
  },
  "comforts:hammock_orange_from_white": {
    "criteria": {
      "has_the_recipe": "2024-11-19 15:53:05 +0000"
    },
    "done": true
  },
  "comforts:sleeping_bag_magenta": {
    "criteria": {
      "has_the_recipe": "2024-11-19 15:53:05 +0000"
    },
    "done": true
  },
  "biomesoplenty:biomesoplenty/root": {
    "criteria": {
      "forested_field": "2024-11-19 15:53:05 +0000"
    },
    "done": true
  },
  "comforts:sleeping_bag_green": {
    "criteria": {
      "has_the_recipe": "2024-11-19 15:53:05 +0000"
    },
    "done": true
  },
  "comforts:sleeping_bag_cyan_from_white": {
    "criteria": {
      "has_the_recipe": "2024-11-19 15:53:05 +0000"
    },
    "done": true
  },
  "comforts:hammock_lime": {
    "criteria": {
      "has_the_recipe": "2024-11-19 15:53:05 +0000"
    },
    "done": true
  },
  "comforts:sleeping_bag_light_gray_from_white": {
    "criteria": {
      "has_the_recipe": "2024-11-19 15:53:05 +0000"
    },
    "done": true
  },
  "comforts:sleeping_bag_brown_from_white": {
    "criteria": {
      "has_the_recipe": "2024-11-19 15:53:05 +0000"
    },
    "done": true
  },
  "create:root": {
    "criteria": {
      "0": "2024-11-19 15:53:05 +0000"
    },
    "done": true
  },
  "comforts:sleeping_bag_white": {
    "criteria": {
      "has_the_recipe": "2024-11-19 15:53:05 +0000"
    },
    "done": true
  },
  "naturescompass:natures_compass_log": {
    "criteria": {
      "has_recipe": "2024-11-19 15:53:05 +0000"
    },
    "done": true
  },
  "comforts:sleeping_bag_pink": {
    "criteria": {
      "has_the_recipe": "2024-11-19 15:53:05 +0000"
    },
    "done": true
  },
  "comforts:hammock_light_gray_from_white": {
    "criteria": {
      "has_the_recipe": "2024-11-19 15:53:05 +0000"
    },
    "done": true
  },
  "cold_sweat:recipes/hoglin_armor": {
    "criteria": {
      "has_boots_recipe": "2024-11-19 15:53:05 +0000"
    },
    "done": true
  },
  "comforts:sleeping_bag_brown": {
    "criteria": {
      "has_the_recipe": "2024-11-19 15:53:05 +0000"
    },
    "done": true
  },
  "comforts:sleeping_bag_gray": {
    "criteria": {
      "has_the_recipe": "2024-11-19 15:53:05 +0000"
    },
    "done": true
  },
  "naturescompass:natures_compass_sapling": {
    "criteria": {
      "has_recipe": "2024-11-19 15:53:05 +0000"
    },
    "done": true
  },
  "comforts:hammock_brown": {
    "criteria": {
      "has_the_recipe": "2024-11-19 15:53:05 +0000"
    },
    "done": true
  },
  "minecraft:story/upgrade_tools": {
    "criteria": {
      "stone_pickaxe": "2024-11-19 15:55:17 +0000"
    },
    "done": true
  },
  "comforts:sleeping_bag_light_blue_from_white": {
    "criteria": {
      "has_the_recipe": "2024-11-19 15:53:05 +0000"
    },
    "done": true
  },
  "minecraft:story/root": {
    "criteria": {
      "crafting_table": "2024-11-19 15:54:37 +0000"
    },
    "done": true
  },
  "comforts:hammock_blue": {
    "criteria": {
      "has_the_recipe": "2024-11-19 15:53:05 +0000"
    },
    "done": true
  },
  "comforts:hammock_green": {
    "criteria": {
      "has_the_recipe": "2024-11-19 15:53:05 +0000"
    },
    "done": true
  },
  "comforts:hammock_gray": {
    "criteria": {
      "has_the_recipe": "2024-11-19 15:53:05 +0000"
    },
    "done": true
  },
  "crossbowverhaul:recipes/combat/bolt_explosive": {
    "criteria": {
      "has_blazepowder": "2024-11-19 15:53:05 +0000",
      "has_bolt": "2024-11-19 15:53:05 +0000"
    },
    "done": true
  },
  "comforts:hammock_light_blue": {
    "criteria": {
      "has_the_recipe": "2024-11-19 15:53:05 +0000"
    },
    "done": true
  },
  "crossbowverhaul:recipes/combat/crossbow_netherite": {
    "criteria": {
      "has_crossbow": "2024-11-19 15:53:05 +0000"
    },
    "done": true
  },
  "comforts:rope_and_nail": {
    "criteria": {
      "has_the_recipe": "2024-11-19 15:53:05 +0000"
    },
    "done": true
  },
  "comforts:hammock_magenta": {
    "criteria": {
      "has_the_recipe": "2024-11-19 15:53:05 +0000"
    },
    "done": true
  },
  "DataVersion": 2975
}